6352 6507
4867 1806
5871 2033
1421 6338
2570 3508
811 3289
3350 4207
3405 1295
4735 3075
3194 6218
5605 5547
1240 2292
218 2502
5693 4150
1946 5255
3683 5447
601 3762
5222 2330
1937 86
2995 6314
1400 2079
3230 147
570 4704
3228 5435
2063 1756
1392 3319
1673 4340
385 2441
4629 447
3503 1248
5220 5281
375 5439
6180 5972
1663 4583
4472 2425
1374 4821
2635 3346
3686 481
5969 518
2124 4143
1148 1320
4883 138
3108 3148
6274 3956
921 5959
4554 5224
3531 1737
894 1135
2885 497
5050 6103
5066 4158
2892 6233
5396 2634
3006 2031
4634 1590
5611 2594
5444 3138
5860 934
363 3705
3340 3562
5719 4275
2595 1983
4276 2152
5019 2530
252 3122
2735 5941
346 5071
835 643
636 6232
2212 350
1491 3946
1361 6130
5381 2362
786 1449
265 1292
1571 743
4546 4370
2805 2163
3781 2248
3127 3396
3375 355
1128 4968
5770 4531
2687 1465
3813 609
3796 1947
207 6346
4918 2267
2850 3151
546 6045
865 2922
6351 1827
5520 642
5879 613
4500 3887
3645 3462
5297 616
562 1453
138 2871
2400 2715
1171 2028
3368 5920
3301 2572
79 5520
3197 6203
4964 4088
237 1619
4583 1754
4488 949
4726 6339
407 320
5128 1470
6285 4903
162 2932
2895 1228
2171 769
2288 794
6270 5215
973 5618
5063 4117
3103 4083
1574 3978
1991 945
3275 1369
624 1308
6192 4588
1903 2550
288 2673
6053 1604
4361 2453
4532 3469
6002 343
3758 2548
4423 4376
2444 3891
2859 2987
4342 2457
4344 2073
958 3435
693 4944
347 2874
1724 4515
1430 5278
5317 3125
1638 2647
758 2265
2924 5925
4372 2565
1380 6271
1794 2627
2111 860
1327 5116
5712 3948
3315 5098
4252 2901
1621 425
2763 2053
3198 638
1302 4510
6221 6275
81 4474
1652 181
3631 922
3257 372
5758 3775
2790 1222
5674 5224
890 1563
5251 5401
3154 2345
2630 3535
3090 4866
1361 3488
865 3324
728 4852
2468 1257
2098 575
5827 2466
1758 4260
435 1314
2556 2778
4350 1155
3861 2639
5779 1987
5528 2566
3372 2500
544 5743
2482 4710
627 5493
3655 1640
4192 5159
2434 1432
1858 3508
1182 5548
5624 1065
3265 4254
3305 822
5407 5324
3387 268
4905 5239
650 3693
4381 1090
4396 3348
555 3397
6042 1264
353 1582
1892 5545
4078 841
4038 594
3486 2673
3868 5904
5336 3148
2515 3430
2385 4505
2752 295
4455 133
2164 3625
2714 2541
5907 1786
567 1661
699 3453
1787 4140
4569 3393
4549 5372
2687 6191
2706 5983
4033 5324
1369 2952
6320 3236
715 4162
454 1662
789 3629
3058 1959
3140 2375
3040 5147
3255 5962
6224 314
6223 5478
2732 1830
3404 4285
4402 4996
4849 5422
4654 6335
5368 5898
4615 1826
3371 1026
2747 4107
5137 3906
6140 2814
954 2689
3883 3366
3736 4604
4244 5175
834 583
5755 5185
2952 2844
6085 2569
5386 3465
3847 3822
1236 2038
4034 5293
4939 5142
2762 3678
5912 1756
108 3442
4823 2236
5258 3894
994 502
928 128
399 5500
1197 2059
5268 3133
683 3037
204 5697
1987 837
3089 4943
1879 2665
167 3721
5754 3518
2761 168
3170 94
3010 2705
4228 4047
143 4204
4223 87
5904 4011
2240 776
5160 5114
1642 5135
5274 64
4282 5434
948 1826
2058 5231
1860 3150
4206 105
307 2543
374 914
2852 4032
5553 4027
702 2907
4835 3092
925 5998
6191 5370
1751 1026
4889 1611
4211 222
1913 3788
171 2020
2272 2646
1647 2792
1000 5772
3655 2422
998 2711
5636 3330
1765 5805
1453 5794
1934 5294
2016 861
5402 4759
5329 5825
3209 461
1767 793
2173 1960
6183 3419
4898 855
2512 5273
1972 3881
5318 1204
2797 1640
1629 4580
3949 5919
1729 41
5510 4776
4864 379
2735 830
2973 988
4824 5654
577 2645
1808 2386
1537 3155
2098 1726
237 5598
3446 4154
1247 951
1176 4139
1124 6211
3608 3929
1408 1667
3167 5148
3560 3406
1 4535
1048 885
131 2982
4127 4352
1249 1044
3013 2896
5361 2684
3361 3032
2386 1594
4954 3306
5287 5687
1512 202
4909 2968
1070 873
3203 4881
585 2391
1866 3670
867 2325
1864 130
2848 1308
4842 5616
4910 271
5382 3034
2228 4802
944 2931
2980 5231
3713 3621
327 2372
4560 2952
4236 4259
5313 4933
4498 3263
6222 2993
3884 2302
6143 4846
754 783
4881 2730
5886 1573
1394 2750
2611 46
4282 2999
2032 1986
3491 6143
3839 6230
2601 4799
2355 1520
2230 5589
4058 5215
884 6343
1354 2223
5507 1823
1900 2598
964 1813
1749 298
3712 2653
5388 1147
3677 1627
5368 3128
5538 3599
3245 4414
4735 4396
3384 4506
4966 5931
1361 5221
2537 5821
1830 4227
5599 2126
90 3280
383 4657
5320 1688
431 6307
5376 5118
5966 3448
2691 929
1974 1368
2219 1433
443 3426
946 4473
4458 304
3922 1031
5836 3807
3678 3427
4731 4732
2999 6011
998 649
5771 1191
3354 6049
3122 5894
4481 3851
6301 4529
2864 3106
658 5073
431 4532
6310 4537
3180 2893
3129 2029
4930 5060
73 1334
4298 1338
5166 5783
3317 645
2254 4499
4357 1313
4700 5616
4890 3274
3372 106
1828 798
3336 2926
1738 5223
4846 3226
1582 1228
3986 2896
4440 1998
5561 3004
5176 1741
3289 237
1793 3592
5750 2323
862 2019
1497 4445
5606 5770
1770 1862
3242 2536
612 5963
2823 752
2640 2190
5484 6150
2481 3526
538 529
818 4028
2998 4699
3266 3589
1643 2428
2559 5364
2343 1879
4567 894
1494 1821
455 2851
4413 3616
1082 4613
3368 254
5360 5028
3268 1340
1414 5538
5300 132
6256 5926
1570 1372
3636 2257
1533 531
2605 6094
3906 3025
5192 1710
4044 5419
319 1767
5795 69
6296 5551
4581 5774
6230 3852
4461 4035
2033 2417
689 4838
5436 703
2383 5284
2867 697
1115 4789
5802 1175
2640 6220
5629 79
1974 454
4272 1405
1546 2983
4621 1102
337 2099
6151 1716
1840 1282
6156 4167
4463 425
3522 812
2985 5828
4435 3303
3356 5287
327 2613
5375 445
3687 1601
2522 1816
3820 1951
5042 4178
2790 2372
491 5946
2103 1353
932 4146
4985 4012
1807 5093
2631 2096
594 1561
4041 5280
1734 3872
2955 1784
4112 93
3790 3138
5321 745
1045 5591
2929 4736
3818 3581
3551 2462
888 3690
6241 1628
5280 208
3478 1557
292 1893
4490 4658
44 960
3192 4288
2530 3467
4549 4529
3788 991
6196 4627
4315 1325
294 3496
2738 4049
2725 2042
131 4026
2742 432
655 2042
2830 1138
5151 4266
4779 3765
3378 1676
1752 4946
276 87
537 6101
5859 1251
248 2702
516 1596
5286 4919
1752 4507
3699 4635
1370 4641
134 2041
348 1670
3196 5295
1868 6060
3962 4520
2821 520
1392 1731
172 2603
2315 482
4050 5979
4407 2571
3878 256
4820 4436
3587 2121
4622 6261
2167 5261
3617 38
5709 1189
5074 5088
1187 5310
4502 3206
2101 632
4335 4096
676 2073
2748 6039
2319 5563
4469 3997
3980 62
3800 3161
1130 2490
1176 891
1700 4077
734 1994
3608 4505
2562 297
5108 5342
3620 2681
1498 1494
3361 4086
1712 4431
1950 5228
2789 4802
5796 3278
1926 2805
3476 1546
361 5083
5896 96
4806 5639
748 3943
4845 4526
2972 2616
3767 6331
4255 2152
4212 3189
5338 3713
4527 4981
2251 3303
1034 1594
5750 1286
4828 2527
6220 5625
3548 1012
572 2519
3308 6238
3944 1132
3340 2703
566 6071
1509 5419
3970 5923
5923 4645
4167 5265
2731 665
3035 1535
5369 2104
4651 2926
5064 1109
2537 3054
2044 137
3412 1303
5013 505
4347 2228
4489 778
195 4227
6290 5161
3905 3027
6277 829
6277 1985
4167 3919
1238 616
5312 5579
6179 1096
1736 815
5604 2547
4582 4677
4814 459
3813 1884
4977 5029
5393 3304
6108 225
2514 5806
1152 2568
539 5531
3255 980
1571 5163
5325 15
695 4404
1485 5490
4431 2350
4153 4095
484 6247
1385 5752
2089 222
59 3522
3171 352
2965 5719
3265 3362
5693 2551
6188 4007
4472 3698
1560 496
1467 6106
3481 4389
35 3056
5982 1286
4419 4678
3567 3909
382 5869
1838 2488
4630 4518
1687 813
2 5360
607 3374
1417 2032
5852 4559
4008 4772
2792 1268
2454 5745
3623 4596
3496 5641
2186 2706
4922 759
941 5435
3538 5789
159 4314
5891 446
6124 5295
1585 714
2726 5638
3897 5965
3859 5637
5703 3807
1620 1310
2070 2819
38 3462
183 3268
3673 4594
1818 5209
5245 1312
1745 6198
3681 3817
518 2312
3537 5275
6246 3051
2782 1195
4840 5417
4007 4429
1622 6288
2198 4394
5998 2751
1940 2381
1897 3969
490 3193
1072 1964
1347 5889
6315 5857
834 4215
4956 2374
1274 2546
6172 772
2285 3214
6250 5046
3546 1015
1408 5717
5138 4122
974 3885
343 1259
5448 6146
108 3645
2534 1845
2419 2213
2626 5762
813 6068
2544 4626
1811 692
2604 1322
5003 1906
4752 1246
6021 3425
4729 6231
2524 4995
3458 2835
4025 3483
4693 3875
3048 4105
2256 3309
3087 4466
4061 3547
1068 1905
2818 3356
2103 1216
990 3584
391 5395
5936 2563
87 4487
2996 3324
5859 5585
2228 2435
2969 3781
2682 6025
523 5766
1117 3052
5968 4977
3370 1530
3734 4953
2810 2410
3458 4945
1847 2535
1487 4946
491 3423
6033 4976
1225 1866
4988 2432
623 6206
4232 2642
1342 1037
5840 135
4932 1320
4657 865
5943 5537
5669 6058
3161 3221
1189 2111
5365 2849
2584 1631
40 3442
806 2451
2734 5244
5910 1551
6061 2015
33 3823
809 5081
346 1567
177 4793
968 3502
4722 438
6336 443
6205 3296
2150 3047
3170 1842
5179 4356
4809 721
4505 2083
2820 827
642 1507
3814 2308
2920 5791
4780 1532
6190 3534
2664 5115
5287 1339
5544 1096
5870 4533
3166 1719
2082 4820
2648 4164
943 3014
4600 2151
1204 4288
5506 2904
77 2086
5959 1205
4989 3537
2153 5768
1558 858
3322 5952
1061 5408
2312 1018
2414 511
1001 286
443 1528
3774 2397
4130 1482
587 6031
3163 1383
4855 3727
1545 1305
4239 1448
2300 2692
4316 1764
5876 2510
6045 6338
5232 5158
271 1617
4417 1902
5916 4834
1883 2861
3661 6072
5978 5094
3031 154
4155 6182
5880 3485
6207 4555
964 4217
3095 3224
1204 617
2231 5990
3967 1684
2906 990
6071 3619
5088 1712
1438 1206
5837 902
6059 3915
173 2868
1858 5786
3503 1434
2935 3381
2540 2573
3271 3440
1531 4795
5171 5877
5384 2358
4325 5623
1672 4365
5989 6153
4079 4535
4826 3382
352 2007
5590 2485
2103 5535
6217 4359
239 3442
553 5791
4898 5487
6015 1184
2311 4479
1943 4868
4707 1326
1462 3227
5366 3314
4884 5465
5913 2381
5870 3172
2512 5092
4670 3226
1743 2363
4632 1771
4965 1005
3912 5982
5842 4583
2917 2400
1659 2888
4355 5792
883 4275
4161 3309
3787 4652
6313 593
2685 2067
4110 5063
2459 5055
4643 672
2083 5485
1540 2540
2034 926
3886 5524
2332 1798
4908 3601
4016 1986
6104 3022
1575 1990
2215 4311
2700 5252
1177 4777
1091 2559
5701 5109
3297 5090
4358 804
3977 4659
6046 4380
150 3722
1561 6345
2636 887
2501 419
3118 5711
3245 1214
2956 2865
4883 749
5805 4062
2155 5358
5777 335
4785 503
5033 829
6074 4
3096 3493
3876 4363
1110 2894
3453 4417
1815 4828
2353 4156
5025 5910
4921 5869
5757 3220
4369 1760
5487 3474
4234 6061
2200 424
1111 5333
1540 3396
3339 3571
3887 5204
4781 3264
5631 533
1682 120
4535 1749
3960 2191
2308 2009
3806 1813
6231 6138
2829 1345
2638 3623
2744 4912
333 676
1284 230
291 5995
6174 5957
6104 2193
5782 5094
405 2901
6264 6257
1200 1193
1500 4080
2915 5143
774 322
4710 3191
5957 280
3845 6180
5610 2003
1093 5034
5917 2
606 6055
760 4019
3529 829
1671 1454
5876 3109
5277 1040
342 5387
148 2489
1279 4871
2810 2592
1996 2876
1553 4060
2989 3175
6351 5672
5273 747
6270 1004
2846 624
452 3992
325 4459
4366 4185
5765 5942
564 2532
5209 2232
1227 4763
2171 554
1855 3174
1244 5034
1558 1978
597 3214
5700 2602
4872 198
2819 6299
3594 1311
4525 6233
4669 5533
5960 5208
2756 659
5941 4360
2665 541
2326 266
2681 2936
624 1323
1291 5879
5677 3281
5832 4537
1224 1534
6020 1355
1431 4388
767 5271
1832 43
2740 3074
4755 4791
1146 5608
2496 5410
1472 3499
1065 4926
6162 5833
2566 3329
2866 6312
5751 2034
5947 368
1679 2552
3137 98
1624 1598
3119 3979
2747 5887
2627 2052
1300 5862
2411 3273
2623 5406
1393 2749
3312 1944
190 667
3217 2147
1981 3673
5863 4736
745 586
3066 1018
6280 6163
2013 2149
34 3743
5157 2002
958 480
2766 278
6020 5257
79 3133
2679 5595
2410 34
3834 3416
3626 2188
3881 3992
5649 5131
920 230
1107 4201
1878 5213
5019 3009
797 1617
5908 5513
5566 4236
5822 4041
3142 4798
1513 3773
5424 5592
61 6069
5483 2620
935 2056
1822 4846
2731 1978
1033 2804
1863 738
2998 3782
4142 1196
863 6176
1263 2455
5132 3219
5174 5929
908 3279
4165 2235
1178 5508
4891 788
5866 4865
4972 5813
4481 2275
2 90
5581 237
3963 3596
1564 2013
213 4551
257 1058
124 3955
491 931
2436 5143
2634 2566
661 1743
4219 127
1467 1852
5918 499
4412 5700
2044 292
5900 1491
5388 16
4877 5779
6175 2587
879 4383
2087 1180
1582 2708
2580 5653
3890 1944
4776 3252
2420 4978
4605 3908
748 2941
2254 4869
4390 1085
487 3933
3978 6016
3331 438
3075 4324
1292 5525
3082 1898
5639 157
2531 1722
313 2721
4836 4943
919 5509
2997 3323
6024 2769
692 1214
2854 946
1655 3133
2911 4299
5965 1626
5586 27
3123 21
4239 1233
5009 5300
2685 996
383 2657
403 3784
1315 711
3178 927
3749 3624
3660 4765
820 5865
5448 3288
2942 3007
3383 395
5332 4266
1216 5404
2201 2381
2503 3857
1318 6251
5530 3192
740 2601
286 684
2659 2557
4891 352
6303 1538
2063 535
5861 2079
1693 5418
5269 2788
6291 5230
980 4175
1112 1070
2710 430
5396 4131
1968 735
521 4984
3923 4222
3002 4616
1439 5091
758 617
5441 5711
5665 3307
3805 2287
2412 3470
2883 761
1000 6150
5306 4540
5780 611
5321 3547
1608 238
427 2187
1527 5602
6330 4482
3583 42
4158 1839
3569 3892
2888 1956
338 4841
1259 1544
2877 335
3207 2739
6276 4394
397 491
6307 397
2591 3088
1455 4927
39 6142
5696 2244
3590 5250
211 2113
3151 2055
6270 2957
2510 5084
2936 2014
3895 5552
1300 2781
4668 3964
2141 5366
4061 3338
375 1426
5082 5027
4330 1609
5055 5874
5756 2401
5030 6003
330 157
1235 6135
5305 3920
1515 5616
5671 599
3931 3810
1594 3934
999 922
4980 122
1090 2556
3853 5706
6317 298
1774 3141
1071 3357
1288 6162
3004 5658
2958 3427
1701 4109
1463 4021
6277 5847
2651 6302
1996 331
3042 4273
86 2658
360 4554
2892 4670
6097 6028
3577 4458
3455 2477
1672 2842
2769 2236
2590 6176
2426 3289
3622 589
5888 4830
1330 3525
3517 2255
4040 613
3412 1216
6249 1435
563 4959
4899 4379
3877 4808
5796 3355
5032 3424
5469 5038
3816 5017
4235 4080
3423 6350
5564 6191
5215 18
5556 3993
4118 5903
5530 3102
5535 3500
4410 544
3971 3870
3225 1645
5001 1193
4383 6209
4881 6286
452 3739
5811 4947
1429 1162
4727 1553
227 5181
4388 3315
1210 213
4285 2247
2892 5891
5180 5576
5698 294
4491 5639
3219 1236
1240 1772
3079 4342
1859 4750
4908 830
948 1898
3625 3959
1027 113
3788 1658
2601 370
1168 1341
3911 5072
4290 3657
3001 1260
4936 6023
2376 1715
3002 3955
1707 1354
700 1972
1393 5773
2929 3286
2387 2464
5652 351
2583 5690
5016 4739
1495 2167
530 5500
4188 5145
4448 4401
1859 6243
2126 4194
3414 4630
1159 5585
2766 5007
6129 5712
942 4507
2540 2790
2802 3771
5004 1446
135 2450
5508 4682
5564 5699
5406 3345
4664 4587
2913 895
3504 2179
6077 2403
1237 5890
155 4084
2870 981
438 398
2628 5148
302 936
863 5895
2721 2089
4708 2463
2955 3257
1892 1188
1298 1119
1213 394
1463 1539
2728 3140
4063 1610
904 37
3585 3529
3160 4432
4032 3401
531 1678
762 5429
3204 5337
4042 4303
3150 1932
1645 3030
5515 4290
311 1406
132 3831
1986 4288
3685 3972
2145 4894
67 461
3701 4322
5712 3544
5020 307
6135 4838
2009 5734
1041 4606
5158 237
1218 3853
866 1870
89 790
4755 6
1180 3112
1742 5617
3908 3250
2304 4126
6014 2813
5598 575
1551 5722
5535 2089
5496 4982
1459 4742
899 552
4407 3025
2471 57
3357 5062
2646 3541
5088 1207
5220 844
4820 2641
5696 3025
557 211
4546 3095
2503 4105
2 1107
4754 5908
3141 1363
1763 3294
3594 5769
1086 5808
4117 634
3358 5212
1501 2161
4898 4770
6110 5847
1843 5639
2256 5343
2339 782
5113 3148
119 3248
5157 4352
4334 5301
6320 5850
4782 2192
787 5414
2479 2222
3656 3064
1793 3817
5306 3994
1704 4251
2607 5365
6072 5419
903 1713
1742 4329
5093 4099
923 2610
5973 2495
3636 5283
4798 2096
1196 1140
3475 4385
4389 3674
524 3028
3875 5469
643 4093
4026 4878
4120 639
1689 6102
4894 2558
5697 5988
1072 4004
297 2413
6206 1619
1058 1435
1863 447
2637 4461
5254 601
3205 5305
2570 138
907 1615
5837 6198
4310 5829
4552 2759
4076 5154
2622 4326
2313 4562
3820 5149
5932 4482
1944 1342
6071 5993
5964 2794
3357 5123
5310 5632
4951 4287
4369 4904
1033 1636
1683 5985
5146 6239
6138 5105
2508 5109
5375 4416
3866 5714
532 671
1734 2585
729 5824
3065 4823
2523 1849
318 6300
790 4222
1866 5569
2205 161
1076 2494
3235 2967
2359 4086
736 1639
3551 6061
3322 391
1855 4775
3098 2232
2753 1015
1099 3047
5699 4312
1936 3162
2637 1004
2798 3672
2378 3941
5677 636
2755 1257
486 1212
2916 3825
5157 4139
433 5012
3960 3789
4183 4824
2365 767
3422 464
2435 2303
1274 3508
4156 1867
104 2827
5225 3556
3021 4310
3765 4264
126 5768
4938 563
716 5033
2214 2386
3338 3206
894 320
2756 2501
2678 2236
5738 350
3039 5420
837 3562
720 4472
2726 5468
3256 4788
4323 2262
2599 3422
6263 127
3071 455
2787 3349
3050 5032
5823 5974
711 662
1248 2715
400 5386
1063 951
1910 937
5793 3956
5322 4597
163 628
659 2811
4961 810
2633 1919
1621 1008
4810 1481
798 1435
5561 3881
5083 3167
3680 5001
3572 5067
6327 4157
5764 6228
1948 5089
5498 119
2217 4506
1599 4143
2553 4133
3029 2973
5354 1602
4296 3893
5592 2838
6029 54
713 4118
0 5367
5218 536
646 3609
1975 5478
3015 5398
4611 5747
4990 1582
2089 1712
5182 154
459 5189
4116 4098
4742 3467
4555 438
4006 4738
2906 2606
5321 2892
846 1749
5909 2218
3202 5572
5110 1386
3940 3712
1388 2306
6215 2310
2608 844
3237 4613
4575 5097
4165 524
175 8
1771 664
1674 5784
865 2573
6304 1676
3107 136
3264 3099
1928 6305
2453 653
6094 3504
4270 5555
3684 753
1632 1447
4134 1338
158 2629
140 1937
1748 499
1532 2631
3394 2111
3486 605
4679 449
291 5198
1270 3590
4632 5887
653 5695
3091 3701
4446 626
3012 5298
858 5962
754 2102
1097 2242
751 1747
3538 3039
2337 2074
1723 2655
406 2383
4202 2539
5749 4407
3591 4786
51 849
5930 2100
4574 5480
1709 4669
717 2221
654 603
3673 2298
4331 3100
2199 2321
4766 1395
3954 3000
329 4179
6040 1274
382 2717
5726 4922
3251 5319
911 4644
4874 5538
4731 4807
4730 4957
2981 3951
97 2455
3169 2045
3612 2864
876 4854
1007 1324
1686 2350
2308 5844
4675 1013
4068 637
6211 1519
4477 5000
122 569
1086 4648
5735 5022
4794 721
1570 4211
876 6097
5519 3433
1220 11
947 1048
1428 3443
1377 5499
3594 2752
3467 1601
3625 2672
2112 3561
3511 2901
4885 2996
5838 5520
2276 3530
1992 5075
1999 4627
1409 2030
6123 4221
180 1772
5759 718
136 2251
444 1136
5787 5824
3284 1103
92 4042
3179 2973
413 4458
2959 2115
4182 2707
810 4893
5983 2542
5801 5425
1131 1654
5054 4800
2371 4263
3494 2814
2194 4554
5103 5894
2195 5433
5390 4235
1291 5577
1475 4473
4587 5113
1913 5423
5361 4907
1082 4737
633 3994
3040 1556
1235 3255
4989 1484
16 2700
1990 5080
3906 4673
5925 3296
4547 4103
3785 3004
850 3600
3692 1995
4495 2953
390 2817
552 3578
4840 3931
2629 5460
2728 4200
3100 5707
2346 5226
2715 2971
5574 5413
5653 5922
833 3466
2515 4365
4180 1168
1492 6107
4405 2564
1679 1532
3971 4223
6128 1544
2759 466
2279 5719
4679 1938
680 1747
6226 2936
264 506
3987 5003
3417 2051
4256 348
4368 4875
2836 824
3553 1803
2172 6212
4144 5910
4231 4198
3502 5908
2831 4646
608 3058
3781 8
3603 5715
4037 5409
262 2938
4152 3729
6350 5512
4504 5737
2498 6030
6350 1010
4981 1970
609 4142
217 4589
3905 157
3775 1546
46 5542
5132 3950
2850 765
53 1752
6104 632
2492 622
4389 4130
4847 5098
114 3359
4398 3829
3645 1274
2847 6018
853 4660
3455 2069
83 1184
5600 6158
4609 4218
3217 2860
2767 4900
2947 926
859 2392
1312 4823
341 5767
2271 60
694 2701
582 925
1759 613
5543 5558
3143 1393
2731 5598
4848 3114
4859 2108
2291 4427
3223 5373
4281 1552
3067 2262
3658 6184
3606 3507
1398 4241
2197 466
4672 699
1346 4438
658 913
2720 5728
3854 1418
1285 5005
1992 2153
2386 6333
1790 1785
953 4598
4542 2896
2884 3552
501 2473
1479 5379
4969 5099
3558 4744
4327 2593
4063 1790
2380 3534
1936 1130
4364 2744
40 4632
2287 2417
3558 3904
1975 2076
3096 1186
2379 5351
1084 2283
917 411
1322 4448
4678 5522
3216 2476
1784 3057
1941 4778
5967 5244
2738 5449
2570 5660
2167 3426
2832 2498
3854 1937
5696 6037
3756 3622
4234 4439
439 1219
4228 1985
5692 6278
4237 4441
2521 2227
547 2133
4894 3722
3378 899
5684 1067
5997 3429
968 2538
2294 2565
3864 1395
5006 4190
2926 1020
2220 1374
305 4740
1569 2741
1089 6336
307 1696
1825 2837
447 4151
363 6157
6350 2058
4250 547
3416 4259
4401 5521
3287 4775
5115 4757
3567 1775
942 847
1801 1914
778 2695
3931 5051
2225 1406
3981 4039
1035 5978
4384 1403
1608 2922
5742 2050
6195 3992
3658 4592
3166 6003
3158 5209
2047 3396
6334 2476
6349 3707
528 1163
1551 3686
434 4686
324 2017
6080 5349
3740 5470
1622 1850
3603 3362
6256 2655
1668 4902
671 5976
3527 5284
2236 4733
2276 661
774 1314
1122 4265
4697 3729
1772 2810
3447 2486
4796 1848
5702 5038
5477 4435
1314 1248
4999 3441
3547 4122
3554 6156
897 5926
1316 456
4 1477
1317 4255
5869 2046
2729 5664
253 586
578 2251
1157 4711
197 4653
4710 4262
2891 4745
156 3030
5168 5952
841 4230
3542 4143
3056 1677
2545 592
1563 6056
3011 2018
388 6058
541 2897
6017 5617
1419 5148
2354 4182
4073 3934
514 4793
1746 5451
240 5953
3370 602
5149 2504
6258 1809
4488 4026
4754 5946
2985 2002
4322 4024
2782 5733
1415 360
3399 1396
4920 2337
3139 3181
4613 2262
5848 3723
1600 5880
6238 1750
5094 289
123 4696
3982 3952
3228 1520
6204 1080
1423 3755
678 657
5674 24
2121 2499
5639 3800
5800 1451
4392 4181
2120 479
5778 3043
1865 1405
1957 4609
1057 3651
5864 2291
381 134
1120 1952
2173 5518
5160 5772
5214 3879
6229 102
1881 537
4621 3441
1876 1694
6004 2144
2621 6173
1543 5057
2978 3180
1389 5633
2295 687
895 5640
9 5897
658 2683
1927 3316
1863 2683
3101 3764
3579 4165
3479 3607
3499 86
2418 6309
5352 3791
5897 1769
4516 479
495 530
2110 1472
6174 2612
5834 1461
5905 1757
2241 4504
6330 531
3219 3560
1511 3106
5048 3325
3877 3156
5960 3252
1918 3387
4792 6067
708 590
3481 3596
3122 1669
4356 4903
2578 648
3270 1980
1854 5058
3695 1156
5629 2717
5049 3685
6170 4683
1808 1020
2043 1187
3291 1108
17 3450
3597 792
888 4906
6091 3129
3606 4353
644 4546
4361 3553
4011 6189
4137 3619
1275 2891
3211 5341
1795 1584
398 731
5165 5691
4712 884
3549 1996
5903 1822
1614 2629
4572 3177
1262 3903
3978 849
3719 1197
1075 349
5289 2890
2352 4882
2024 1461
141 765
5785 3741
1479 3178
1181 1728
303 1117
1717 6158
3164 1353
225 6159
4897 47
5501 1001
901 4018
527 5987
2339 4121
4946 4887
2759 2676
3744 5141
2161 2169
4877 4343
4140 5050
4694 4002
2216 2486
3145 3862
3059 2065
29 3092
731 1506
4469 5601
3386 1873
2161 4883
165 2067
6278 5731
1576 2234
4571 2800
490 1695
1177 4692
3035 6349
1028 891
5583 4870
5337 5248
1387 2771
3445 6326
4423 3632
3322 3736
180 446
5814 738
5736 953
286 5159
2940 3856
2108 3358
3442 4826
3065 1650
3766 5594
433 2403
4041 1907
3847 2277
1955 4345
5728 1687
5919 936
5218 1623
1804 4406
3716 2801
1072 4554
5652 4513
928 88
983 6152
1698 3807
3234 5916
4177 5781
4375 3605
5459 4525
937 2881
1782 6219
6314 5652
4875 5418
1225 1524
2555 1174
3681 1810
1270 458
12 32
1764 3939
2182 2136
6129 5474
529 2800
446 1207
3224 1309
3084 3713
6164 5075
1501 838
4603 3738
1922 4897
2378 616
212 4391
366 4580
5940 2415
905 4937
3945 4954
1507 6198
3471 3452
3050 957
3008 2446
4226 3925
544 3406
1808 2220
5529 2272
3726 1239
4397 2555
786 3433
1563 4420
1624 1439
3966 4653
2080 4686
5690 3855
1425 4928
1896 2542
2412 1017
6049 1245
2283 4853
4437 2889
398 4163
2852 2993
5826 6090
398 2411
4408 1987
4044 1791
5810 1315
2226 5096
1309 1585
3913 3519
2903 1342
169 3993
3135 5683
2782 4494
3702 2704
5285 4214
5396 2930
3684 3382
6249 4787
2809 4550
4248 4963
239 2141
3968 4438
3002 3019
4225 5474
6295 2315
6306 5689
2166 3765
4011 1775
3415 4627
6321 3277
6035 2511
3975 2805
1224 1518
1109 1472
3644 3373
5452 4097
221 4125
5185 1230
4426 1040
1872 831
1633 65
952 2310
4447 1886
706 654
4136 2440
3900 1731
2833 1834
2435 2041
3296 1391
3093 3403
2985 8
5815 2250
95 2112
5606 5275
3390 4665
2333 1262
5158 4926
5141 5961
1781 4374
4509 3477
4655 4907
2519 4743
2684 2030
93 274
3593 4457
4072 1311
1145 939
2185 415
2554 1969
436 889
5843 696
2368 2132
3965 1149
4037 915
642 6338
1580 3627
3343 879
6282 1124
722 4957
1924 3288
2022 4271
246 1330
3863 2482
2743 1577
5988 5858
1762 5107
2760 4172
6216 4846
1100 1985
2768 3318
1919 6269
2974 3195
4879 2408
3187 2021
967 3331
3710 1912
3801 6045
413 3096
147 1565
3899 5263
6212 3092
4896 2139
872 290
4322 3852
5822 4506
3770 5247
5842 2918
2698 4101
841 5008
1160 2304
1442 3861
5229 1657
411 3540
3477 2182
561 4703
354 2622
2263 4444
3664 5422
1114 4477
4500 4658
2650 2369
2141 6142
5257 5607
6190 412
1204 2971
884 867
31 2612
2210 929
3131 4528
5597 2240
5739 2620
3977 4449
2894 5173
5424 2348
1200 1556
863 5229
223 2160
4962 1689
936 6340
4905 5563
1443 3487
3778 2323
5076 2060
6351 386
324 4497
1785 3412
3467 1842
3894 1882
910 2790
6201 792
358 5669
4727 5068
2293 6269
1543 1885
3014 157
3299 5557
4872 6116
1098 727
5133 50
89 6036
266 5492
1901 4235
2425 2832
2071 1516
6313 5884
6119 878
2487 933
2123 3191
1020 1767
4287 76
405 5023
4879 1008
5108 4395
1603 1494
5693 5680
4648 3437
3564 2533
3958 5285
3165 4944
1695 1778
865 3451
2742 1638
3797 346
5666 73
2893 4442
283 3231
58 1161
3581 6149
640 1995
2937 2268
2455 3682
1808 4283
1346 3359
2425 1303
2981 5634
453 5203
1887 3540
3882 3861
2086 1252
72 5883
4713 2756
4570 1827
5150 511
1840 1930
5507 3945
5609 5204
2908 3450
4890 4507
5644 126
1027 4310
3913 2745
258 5761
4888 1031
3345 5470
5100 4291
1466 3824
3873 561
1460 4433
6350 3092
4663 3901
2280 4549
1469 70
1914 4412
4238 6073
392 1046
1205 1195
4001 195
5729 1231
2431 2306
1825 2140
5956 1607
3581 3305
706 496
3924 5163
3024 3248
2957 846
678 6118
755 1931
1783 1760
2975 207
1073 2324
2517 4089
923 4172
1128 467
2862 91
1049 5116
4595 5696
574 2794
1140 5496
2610 1552
6166 281
4340 1721
3382 1879
18 4273
4292 5213
3358 3350
4444 5360
3248 4517
5708 2303
3356 5538
4583 4073
69 374
2746 1786
3027 2080
4055 457
781 5003
2094 6287
3176 2366
5646 4599
2623 5097
1416 3788
5035 1521
5322 2674
1895 3866
2245 5584
2487 5267
4268 4012
1953 6041
3895 425
1169 456
5169 5230
5476 5572
2037 1347
1163 6037
5582 4450
1510 170
3641 977
326 166
4569 210
6015 110
1591 4986
3906 6333
4563 656
996 5335
4618 1891
903 1362
3662 3757
4738 1953
4124 6160
4146 4731
2910 2441
4615 3293
5193 5237
651 1855
5393 3473
5341 1888
625 3254
2633 3318
4342 4258
5854 1311
382 6207
4044 850
4465 1281
3918 5837
5533 3423
3546 4063
4884 917
4303 506
1456 2049
2244 4692
2867 3147
3068 785
2358 196
6328 1947
205 5033
420 1788
3344 2366
279 4209
5337 5845
3308 2774
3000 3716
4210 4853
261 6001
5897 1554
4091 5646
5985 337
6193 6235
4386 4014
3283 2174
4307 2371
6239 2163
2127 3011
1305 4981
3541 705
63 1793
4586 2097
4911 3215
1537 3094
11 2847
1216 3423
3921 349
4974 5686
2489 1634
663 5183
830 3781
5951 1854
4906 6170
5862 5603
3667 2180
3214 1330
601 3137
1746 181
3744 2540
5784 1755
3311 4253
1865 2654
1204 4594
501 5037
5514 3259
3006 2551
1869 6137
600 5043
5818 113
2893 4770
2656 875
4658 2631
917 1255
1067 2404
3461 3020
3228 4223
5185 1042
2583 5773
3077 3782
2367 3411
2862 287
992 4560
1771 193
1084 5899
742 4493
3732 1119
4747 2301
2678 2023
1616 1044
877 619
6246 430
2243 3880
2955 3695
5118 141
5851 4418
5581 2789
4752 3588
3901 5286
4954 5366
734 3130
2844 3673
4917 2041
4824 5625
4873 411
1492 1615
1046 4522
5170 4454
2394 1781
4352 4295
1733 2589
3546 615
2825 1879
5006 70
4718 4868
6034 3662
6077 4732
3499 3044
4361 4059
4780 5421
4584 5237
5039 4056
4133 2915
1609 5945
3043 377
6230 4583
3480 2722
5079 6190
3125 4408
995 1735
3068 1905
5101 2693
27 2419
6025 635
4513 5387
3224 783
511 4951
5735 5458
2248 1669
4325 1173
5550 4713
1470 440
5786 4519
5516 2662
2589 5321
428 669
2167 5872
3080 3529
2370 5069
3509 4690
5180 6057
1730 1845
1313 3430
157 2571
6140 5937
1441 3917
977 194
584 786
2183 4992
6121 5358
709 3584
2964 6114
4931 6228
3462 4552
2502 4852
4044 5885
3644 3489
2101 3868
5332 5513
4415 3464
4238 1504
2792 6098
5194 4923
3132 6006
3337 5143
55 4855
2310 3164
1675 5818
2207 5999
6050 3583
3520 1375
1268 5954
5529 955
5299 3050
4852 1731
6105 2438
670 3804
3799 5353
3338 4933
1969 3640
174 5029
496 4321
516 1198
4092 2355
3704 4213
1635 2777
2228 2058
1065 2233
5205 39
2600 1023
4386 4738
95 4116
6335 4599
4806 5074
3551 6056
583 3705
4722 4106
4224 3466
4998 262
832 4944
343 3541
3239 0
101 418
5553 5833
5762 5151
3223 3495
4401 2546
5704 2295
1004 4023
5967 1101
269 1908
3461 3420
2208 2313
1946 872
1905 964
4380 3924
710 1894
3726 4835
1701 5545
4088 5976
2845 4490
4381 2892
3339 1574
1784 5041
3838 1581
1329 3320
677 4114
868 1422
5383 3034
2053 4100
5703 2428
5799 2192
4303 352
580 2409
2088 4130
5107 4963
4429 6331
489 2145
3000 1542
3061 5697
4651 3200
1210 4570
4723 3835
2463 2052
113 423
5787 983
418 4685
4877 1269
3555 584
727 207
2229 2267
2208 2318
4341 1816
3811 1401
5694 1539
3521 2133
655 602
5294 4958
4488 570
831 2199
3453 6079
5265 2278
684 5606
1446 1775
4829 3688
839 4451
1100 3809
533 1233
2665 810
4304 224
3537 935
420 4717
182 757
561 2260
3832 362
2529 5676
5065 1097
4778 414
174 5050
1499 5230
3375 1621
2024 2269
2281 700
1544 348
2067 3594
3757 4369
1435 5581
4545 5651
1931 2096
3506 1851
5697 1194
1680 5948
4978 967
5970 1055
2768 2806
3539 1918
3990 4378
5615 5468
4261 2703
6267 236
2964 2701
4266 5644
978 2143
2399 1919
3443 2887
5822 2338
3973 2462
4986 5637
5565 3679
503 1136
3563 4162
2758 2713
3216 2683
6129 1529
6218 6264
694 1154
3447 2872
4701 6068
4694 775
4770 6259
4521 3811
5885 843
2469 5234
4972 4576
3825 1748
6093 2043
3273 2246
3353 1629
2737 2765
2145 5478
1899 40
4616 1841
4072 1605
5217 738
1869 6347
4462 277
1379 5216
4888 4341
1260 6033
1580 3335
404 3648
6128 4272
599 656
174 5134
5710 2356
1663 6156
4055 420
4302 5786
5475 3298
2259 1743
3402 3242
1078 2681
4619 4588
4114 2209
5135 699
2891 6120
2170 4907
5345 2341
6007 2365
4832 3554
5121 1998
5908 632
5559 5759
5240 3784
5473 4885
1644 5895
1119 4523
5411 5853
4020 4789
1712 2810
1258 1632
2560 3468
6141 4935
1837 6044
1936 6172
2925 155
3815 5994
4941 2376
5906 1972
1797 6053
389 1178
4053 2374
597 2922
1773 2599
6231 3161
1589 6059
3190 565
2732 3643
3837 5551
4733 6096
5112 3533
4351 4928
6142 5744
2493 4487
2587 1583
3062 5925
2702 1927
5819 3501
4940 2917
4309 4580
451 4440
5206 5358
5949 1103
265 4895
6323 3484
129 4237
1040 4511
5279 5313
1640 5243
2830 3334
3289 5772
1325 6100
6187 4263
1727 3548
1081 1062
5741 2992
2621 3581
2812 1882
2319 3426
5658 6128
3800 1927
4136 4178
3395 6179
4784 5716
4452 1013
3388 5013
2853 6043
6207 2872
3390 3233
1946 413
5668 4016
1535 3621
3290 4624
6063 1976
4783 1231
2350 3784
6013 2625
3568 483
5656 1139
3183 3101
1237 3657
2142 3676
3929 4087
1080 3635
1568 32
4208 1568
553 1322
819 5046
5614 1690
5409 3465
1751 3828
833 1729
3549 151
2193 6319
3135 4617
708 101
2450 5422
494 5013
1931 791
3287 4379
1316 2316
5153 2373
1592 1281
4262 3934
4073 2889
2688 5156
58 2549
3061 5820
3004 3518
1183 3270
5582 5482
606 3777
735 5647
3152 2727
4590 296
3177 6332
5060 1081
2373 3385
4479 1356
3809 1122
641 6296
1584 2675
4994 2375
1922 5031
3127 104
2834 1131
918 3867
2633 3669
3843 5790
5849 4879
3862 3221
856 5270
578 2717
1915 2362
2012 5979
3628 3526
5015 412
5067 4376
2194 4666
521 709
2077 1222
4229 1798
5098 5197
2297 2058
6074 6067
949 4328
3827 1134
3323 5710
2085 81
3914 2329
4009 872
5747 6140
5152 2668
5640 4476
1925 5394
1422 4417
6259 3332
1377 2772
4861 4467
2922 2120
5917 1749
5278 3943
2461 5552
1404 292
1059 2310
2800 5590
2305 1979
4031 4616
3616 1117
3566 105
2264 4438
3847 3212
3843 1473
3280 4102
4349 5658
5444 4617
1421 5438
1633 4921
2966 5044
1318 594
2268 5657
2094 5237
5511 2693
1607 1501
6341 5461
2677 2796
5226 6105
1655 2939
5459 5855
1744 4268
4496 3518
4955 3665
4090 5521
2224 2858
2194 5658
4778 6260
3441 3456
2816 2919
3139 1523
3025 2056
2946 3370
1325 2588
5937 1993
880 6082
848 4475
5297 2515
6127 2760
1358 402
3221 5115
1172 2611
6188 6305
6188 3111
2972 5971
2116 4151
2099 4166
10 5233
1509 573
3601 4345
2244 1781
5717 267
801 5128
5703 1769
146 3254
146 5907
768 4512
751 869
4792 2989
690 4514
6181 1153
367 2720
5840 2757
2905 3300
6243 3798
5720 5705
3904 1931
2758 6236
2925 38
5539 3533
5018 5638
3441 1464
5514 3641
3658 784
1021 5520
1838 943
4077 4159
5491 5996
1951 2737
1574 6229
6239 625
4265 2803
1698 3871
5673 4778
2286 794
4770 4225
3247 6052
4733 4924
5855 1278
280 1854
145 1337
3121 3201
4641 1789
3718 5857
4716 176
5997 2783
2691 6322
292 5516
4689 4004
5410 500
2076 578
5111 3149
3573 473
2664 4900
3617 3240
5619 4634
3513 5658
4822 4591
1064 5905
1256 5414
2561 3669
5733 437
1785 3906
4042 5244
842 1317
3678 2824
4633 2137
6001 3606
5595 3523
2903 1638
2518 598
4971 2126
2813 4766
3940 2486
498 4957
1846 5477
5212 1929
5007 2869
2714 3715
2694 6081
3132 1923
488 5769
2483 2124
1095 660
2237 708
1660 3155
354 1751
3578 3272
5918 2786
1856 5670
1812 3005
2958 3045
3678 2142
4637 925
2182 5489
162 2841
27 3027
5557 1830
6224 411
3343 3444
4258 3017
5356 1892
2039 3088
229 2697
4436 5643
5977 5014
4469 2449
5637 3243
2597 1733
2105 4553
2316 5154
115 4403
2951 1509
5573 877
592 3803
1370 3786
1005 1423
4628 2997
3497 272
5767 2573
2001 3471
1039 3285
4000 4790
6286 510
313 4080
3411 1425
3527 4952
4459 686
5854 5371
4843 1126
2357 3932
4541 3193
3703 287
2624 5667
2409 5247
4255 1247
5598 566
1476 4150
5052 1493
2521 1197
5833 5957
4052 5307
3702 2692
316 3754
3710 5740
5272 1208
2968 4350
5688 57
6315 5939
5601 2586
5024 2233
3790 1824
1562 588
2397 2361
4171 1050
5290 969
754 117
526 1602
5521 4120
5986 1052
2983 8
2554 5988
6148 534
1844 4093
3183 2756
3228 863
5617 5194
967 2903
3509 649
628 5346
4761 5348
4186 5291
1352 1436
2987 2883
837 328
2206 3117
4078 2780
16 771
5288 6184
2470 3712
155 186
4925 798
2221 3722
6311 4934
2029 1664
5688 6045
3580 4137
5370 3908
2010 2123
935 2269
979 4970
3302 4178
4751 3188
1280 6300
990 837
2277 4597
3904 5341
267 4169
3872 6210
3202 830
2418 5541
1677 2692
324 5632
3709 5060
5977 576
2425 3233
3172 4206
4242 363
6135 4687
5102 4779
3083 2435
1671 1217
4493 854
2339 4626
4705 4433
908 2639
6241 5253
993 1967
1641 843
2189 2346
2544 107
166 2576
5207 729
6029 2497
1592 3697
765 5754
6265 2577
3513 4429
2791 137
1485 2175
1707 82
5965 1536
1094 4714
404 5160
4688 6017
5272 2146
629 299
3872 5363
2472 2125
5035 796
276 4620
1336 4464
716 3104
3026 1304
767 1205
4607 4285
4575 3182
2083 1848
3183 887
2184 4837
2164 5758
2064 2645
1933 2003
6083 894
6163 787
5059 5453
6214 5453
5235 2208
4624 5657
2912 1930
1197 5345
3750 976
3238 5546
2491 4860
5472 2050
4232 2616
1710 5957
1880 332
2123 5991
3176 3737
4434 1911
6336 745
2856 1332
1436 1703
4603 5457
3903 5743
1074 777
2735 5665
5130 5670
4657 4633
6301 5286
2253 4274
2421 3399
2586 2741
1025 5169
2992 170
5808 1360
2867 1457
4705 3435
821 2274
943 3462
1440 3936
2638 1815
253 2971
2674 2288
73 4315
5172 3952
5498 2819
123 3460
1794 330
4039 1998
3336 2467
3646 5266
4046 3312
5310 3920
6059 1425
3761 5475
2963 4584
2505 5732
478 2718
5992 843
1162 2706
2479 5255
1976 1857
4390 3428
1997 2318
5709 6249
1388 783
939 4206
4461 3833
4335 5848
2840 1156
6156 1951
5294 4960
4298 6273
3231 1450
22 5882
583 6020
48 6268
1139 2137
4799 121
3707 820
2077 4851
859 1038
3192 5171
6027 5831
3108 5408
5031 4106
4961 2523
2309 5001
5677 1772
374 105
3890 1971
1503 792
5445 4647
881 6223
5392 2097
5200 2323
3142 525
2964 3197
217 4336
4878 1320
3528 4367
475 6117
2551 1136
781 921
876 881
3430 2016
2512 5282
301 1310
1518 2540
1606 4346
4756 236
4857 5017
2440 5809
4181 5360
4136 4462
130 5045
3405 852
2446 5562
1544 4352
1797 3632
2692 2833
963 733
1853 6028
225 5187
1543 1922
5110 4983
4991 5308
6333 1585
6170 947
95 1930
3262 3107
5616 5268
5121 3697
413 1747
6337 5703
4511 909
1975 4058
5858 959
2349 4308
832 1820
2870 2613
4504 2113
2282 3188
365 1719
1581 1350
4023 2069
5062 3179
2365 126
6219 1578
5049 6339
6041 2327
3642 4592
3642 1203
510 2047
4350 2340
3689 4113
1579 1593
1012 3584
4552 4373
1505 5963
6058 4030
5908 3400
109 1155
1742 642
1718 260
5585 5063
3617 4910
1170 5914
680 6292
6131 768
4484 2027
189 3386
5261 1307
4670 597
3859 4942
3559 1616
687 5355
3044 4753
1047 4274
1919 3199
1346 476
3337 1489
3614 4293
2405 995
5861 1341
870 4403
2350 5891
2156 4548
6012 3747
128 3502
5138 5203
1199 795
3670 5560
1303 477
1708 3273
3805 5314
5424 930
2983 1309
5336 1544
867 6089
2539 4388
2658 1293
2074 5315
2294 5862
4601 1837
825 6066
5437 2579
5340 2003
5196 4813
2282 4247
6275 3391
2691 5269
2117 4373
5349 4687
2653 3663
301 4741
4387 5485
4249 3989
4593 2734
4666 2270
1292 1943
4214 5241
1531 3805
1271 5741
758 5081
5841 4089
5 3373
1130 1852
284 5554
3321 5254
839 1309
2839 1896
6337 4051
5332 649
5796 4914
3753 1865
2303 757
1634 609
3114 5469
1106 3953
6281 803
3216 4251
2465 6218
3912 3379
4739 823
6199 2134
3229 5955
1412 2235
5512 5691
467 4818
1455 4543
2165 721
744 666
6330 5480
4904 1538
4561 1414
1365 2315
5437 5968
2357 1250
2660 1169
4690 4055
3893 1244
396 4992
3633 631
2200 3721
3096 5152
6292 3708
4132 5211
4294 3496
4706 6337
2615 5050
6113 270
351 662
6039 3260
3397 4901
5513 1082
5146 3275
3539 5975
5232 1354
4692 2533
1782 3003
423 3513
5183 879
4133 6122
1598 1215
450 2555
4875 3645
4661 1424
3972 2347
1780 4140
2667 6153
619 2218
1978 306
310 5378
3838 3286
4828 3153
2594 876
4670 5660
5348 1878
5914 4327
2391 651
2130 966
2637 5155
3447 2384
4649 2538
5888 2410
1244 2884
5603 6324
6257 3471
979 3133
5815 2214
6311 6236
4183 5090
1861 5713
4638 1096
2171 4400
4227 2802
6097 2423
263 4361
4402 5663
3219 5450
2863 4597
209 3580
3673 1308
752 6227
240 2026
1717 250
3477 4999
3022 2625
394 4244
70 3918
3508 2774
1941 3797
4425 2343
703 686
6023 3797
424 4831
3112 3408
1171 395
407 2991
5412 4012
4955 5660
3166 5729
4800 6277
3820 2472
1254 2391
2854 2075
1838 4594
555 4365
4424 274
4227 3699
836 4674
5566 4627
5638 1957
3588 6185
2677 3129
2971 1257
5845 4045
4488 96
3637 2945
3559 4168
3116 5367
806 3152
5822 1805
1021 5002
5267 188
5097 2365
5324 2437
661 2915
5648 5523
1706 410
4246 694
1150 203
988 579
1683 6202
1661 985
454 3889
1958 1470
260 233
5316 4774
4660 2261
1297 3753
2635 6166
1386 1187
4271 2952
4 2712
5996 13
284 5167
4346 4197
5779 4878
1135 4297
4382 983
3784 3427
79 4414
3742 1869
4492 6279
4252 5966
3487 3760
6192 1594
4173 6026
5685 467
4626 505
1779 5567
5077 1572
2044 4705
2895 5535
3108 3447
6103 2148
2194 5518
3773 4354
3157 6019
3744 1997
5474 3497
1073 2184
5775 3380
3924 2723
3767 5352
4424 1790
4686 2382
2855 1001
4378 1547
2929 4020
5479 4348
3173 4275
3262 5357
4453 1537
6336 4806
5650 2415
4812 563
1200 1635
1294 3086
771 2573
2637 2871
4833 428
3023 3703
928 715
1865 119
749 2290
506 2443
794 5428
4002 6086
6234 2945
5172 540
2719 1605
3065 4618
4457 3886
3275 3406
4749 2004
3914 472
265 61
3646 2625
762 4961
603 3560
4530 3334
2015 6255
5942 1349
3405 3610
4585 1059
2870 3033
464 3363
5956 5838
5082 2480
5275 6192
3253 5812
4538 1217
5613 1829
3566 3946
259 2023
3849 3668
3418 4688
2550 4786
4348 4725
1552 2331
3818 1673
4291 1483
444 3979
1936 4820
1267 5484
6305 4491
2035 986
1372 4639
1859 2541
1756 5140
3492 4798
1656 4221
253 2575
3781 1308
43 5188
2147 2206
107 3352
939 6132
3841 4301
2994 896
320 3844
1683 1525
833 4960
153 1694
994 4256
1291 665
906 5369
6032 3288
1559 3305
6252 4556
5668 1587
5993 5497
2162 2514
3398 1690
746 1916
44 3984
5494 3108
3406 4926
5667 2252
3768 3226
4202 52
6097 362
46 5747
1549 2125
3126 4078
4768 4071
6262 4448
2274 1212
1000 1406
1766 5882
5661 4032
642 2526
583 3556
370 3690
4046 1069
3742 5850
1485 4319
1356 3640
6078 618
535 5385
2781 6109
896 3762
5579 2838
5892 4070
4676 5219
3014 2276
2398 2958
5496 2581
3468 338
3412 1847
6253 2802
5550 557
6348 5854
5776 3829
5510 3696
1039 2110
3841 3186
2428 4698
3846 255
3706 3791
3269 4999
2360 19
5403 3407
3249 71
614 3511
5839 5782
3522 3930
1045 925
2450 5350
5730 5391
3852 1435
3351 6282
5093 5323
3914 739
4998 5166
14 992
2085 6149
2961 6216
1147 3590
5048 552
5482 1351
745 1286
5334 3649
3542 5345
4035 3714
1886 5113
5456 35
5885 3881
4486 3746
4388 5719
2406 5437
3041 2679
2764 5499
4565 3937
206 1072
6128 5158
3946 2285
5165 2496
4268 376
377 6136
2631 213
2844 6114
10 3521
5226 1247
6294 2863
2445 3383
4926 5174
2320 1992
3801 5601
3576 3750
1095 2299
4644 1739
2212 1087
1220 1353
2023 1302
954 80
2564 1673
6056 3078
1468 1714
6123 5809
1362 4154
6275 3693
4714 1125
4817 503
3155 5534
2716 2614
604 2248
1863 2575
5520 2808
906 4801
5763 1515
1883 4465
4104 4749
1431 214
4793 2319
1191 2074
5944 2070
652 2184
1976 2572
1238 5040
1292 617
1907 1950
4371 176
5830 860
2178 3278
771 2980
401 373
2046 235
5919 2416
2321 1006
5526 5166
4951 5475
746 1454
1776 897
4097 3138
2914 2312
6246 5887
1010 3004
4803 5527
1718 3438
5346 886
2158 475
3688 417
4113 4909
935 2700
6240 1798
5946 6108
4784 6088
4565 39
4006 2187
3237 4156
38 3042
4639 1861
1514 5934
59 698
579 2771
4965 5881
1481 5446
6290 1242
2663 5847
2054 1159
2295 300
4277 218
1234 172
3232 5756
1227 462
1279 4556
4961 5195
4563 3281
3864 2705
5781 4923
3014 5953
5844 2788
1207 2789
1211 2930
4047 1977
3898 1182
2409 3718
1911 3952
333 4736
5951 6188
5727 1502
6339 2060
848 1493
487 2567
2724 570
4163 4366
814 729
18 2169
3578 707
3315 4011
4826 5074
2064 3815
899 4810
562 4973
465 5966
44 1653
2928 877
3874 4479
3379 2559
4398 130
3022 454
3299 6010
4305 489
3300 3148
526 5595
625 5108
1645 1663
5086 3944
2289 5054
1608 2432
4255 2907
2534 6265
4407 3807
2192 935
2793 4528
2744 308
5929 3417
6099 6285
4602 2606
3267 4551
5888 5363
2573 3575
3759 571
5661 1836
6084 5449
3095 1438
251 1522
5905 2513
3779 3419
5689 1827
982 4643
4204 6232
1691 944
3495 2575
3196 4815
1407 186
3331 460
3270 1167
3591 4993
5383 450
2561 4135
4247 2822
2061 4032
2458 5903
5659 6117
5722 1856
4176 5464
2652 470
3558 2992
1234 200
2739 507
2703 5566
136 2191
1244 1180
2448 4400
2793 1636
3487 5279
2211 3332
1847 5308
1648 463
6100 1814
234 5879
4790 3951
3674 2785
2503 5499
5701 3071
1336 1104
1139 4811
712 347
45 5090
4072 5413
990 3412
2722 4631
5380 546
5923 5124
5267 907
1752 652
5930 3768
2658 4788
2151 6240
6310 5569
1412 1232
1219 1116
4971 1138
565 3757
226 6139
1398 5292
3869 927
668 856
220 1897
3618 1280
2079 2460
4351 1686
1926 4399
6169 2498
3101 904
2852 4668
4174 2420
3583 1373
2865 769
6012 3795
4019 6325
3609 4491
4834 2369
1961 6067
1381 1595
5536 2572
4300 5064
2101 3916
3064 5620
3609 3500
2113 3436
3782 2025
1685 1755
2974 1653
831 1699
932 4498
243 2818
681 5302
1935 5178
5917 945
4599 5423
4299 881
679 4800
1323 358
201 5773
93 144
539 4564
2216 164
36 4154
5072 5179
1966 3191
3301 5593
522 4903
1228 3622
574 2770
1601 5594
907 5258
1532 1252
4024 2325
5285 4490
6085 3524
779 508
3897 4568
3115 2835
5260 3365
4910 6264
357 6076
2437 4347
5583 305
2075 5171
3233 685
1540 507
5369 2049
5176 4264
1090 3986
6139 1213
3229 4827
2106 3397
2120 5738
1839 4582
4837 2815
3683 40
4989 296
2969 2582
1410 5714
6018 4844
1711 5397
3064 6054
2879 4499
1297 2081
5760 2444
4272 749
5190 1183
1975 2103
136 2983
4247 4468
2250 1305
2556 2036
4747 3932
2168 4861
4737 5381
5746 4674
4863 5578
4041 6259
4728 6281
6305 4173
3684 562
3170 189
5909 4003
3038 2444
1618 2599
4926 3711
505 3584
2242 1928
6102 3704
1828 1494
2856 5335
1190 1212
1399 1516
1299 3490
1369 2592
2411 4960
4897 4636
905 1451
5426 4623
4411 1024
2442 1753
418 6199
1175 6318
5845 227
5705 5619
2103 490
3144 1578
4019 3657
187 3749
3654 4576
2962 1553
1221 2376
4876 2880
3752 178
4695 4175
4922 4715
3475 74
345 560
4653 5648
1235 4896
2722 5534
3628 4858
1478 128
2781 2871
2537 6166
3858 1842
3935 743
5311 2040
6189 6005
3264 5772
4348 1904
1686 5214
4707 4045
1258 4023
1036 3971
6111 243
4197 4155
596 2448
5884 4065
938 870
3799 391
3857 5828
2456 5561
3799 2011
1540 4437
4578 1453
5839 5471
5377 4105
5779 2057
2957 5275
1371 4190
5798 1851
4307 2591
474 3100
2834 6338
2620 3072
3976 433
3956 247
5096 3163
5784 4245
4529 1978
862 1022
3440 1486
2520 6022
2269 4999
775 2574
3934 4407
4145 27
542 5828
5274 2615
556 1074
2866 2518
1672 901
1005 5467
6031 1670
5213 704
636 4850
4967 1068
1545 5442
2175 4720
4375 1639
1093 1462
235 3083
4229 5101
1735 3776
587 3110
3025 2757
1037 1792
1473 817
5336 2488
4914 3303
4615 425
4347 102
1711 3521
1432 2063
6197 1709
5725 3169
2190 5619
4879 4429
1451 610
1586 5354
2114 5870
6191 5372
5204 5420
2292 805
239 6349
5240 571
1508 582
3850 3032
2342 5869
2883 69
1289 1255
422 3917
1795 202
238 1785
5111 733
1308 4539
3331 5231
395 5878
2396 1571
6149 1369
282 752
6196 1420
4075 1437
4286 2752
4197 5312
5462 542
1032 3537
4443 377
4039 4774
219 4003
3186 1583
29 2418
1482 5843
3300 2731
3072 3261
4148 4348
5246 3114
6198 2141
893 6299
299 6068
6141 3892
1714 3170
190 4518
3063 6152
625 4005
568 3459
67 236
4924 3085
3222 1285
745 1104
6195 3842
6223 1624
1089 548
5100 2776
5576 5624
2831 4243
1718 5750
4611 5825
739 5202
6341 4975
1143 4016
5875 4450
4930 4904
6145 1469
6100 3985
5314 2006
2708 4640
5653 4912
3001 393
1253 3079
5108 5677
4729 5339
4558 2447
2925 5787
2076 5632
3586 6048
3666 2467
1364 1007
3730 5117
456 3694
4129 3146
91 3918
5782 6266
4492 869
2525 5120
2350 632
1300 5582
4288 4722
3730 145
6020 5921
3815 5344
6165 2002
1677 619
4476 6062
5583 683
4748 2436
6298 5489
2357 6208
550 1916
892 5039
3761 5391
790 5929
1505 4691
5525 527
5993 116
5746 2984
3292 753
2021 1911
2157 4074
94 2542
1556 5411
4090 5797
5194 2374
1875 6029
2057 48
1007 574
5633 323
37 3650
630 2306
1006 1160
1585 2385
3830 160
2013 692
5247 2384
4098 2568
5493 5006
5757 5669
5507 118
6144 1487
5706 5768
2957 3896
3907 5549
5612 2511
5269 5513
513 15
4122 6220
5136 932
984 2967
3258 3151
3037 4295
3336 3614
1037 4320
2976 3057
5985 1248
2680 951
5146 5184
4463 6302
2697 212
5053 1791
2700 4672
1541 969
779 5255
1359 4410
313 5777
2022 5698
419 3
191 5167
2502 846
1381 5502
3403 493
3498 6252
695 2046
2864 2721
5914 1417
3989 4737
3351 2018
1385 6318
4137 4953
595 3051
1032 5562
1184 2218
948 2733
1835 4370
3512 5048
2528 338
1619 2509
5642 3579
4220 2322
3210 1492
4668 3728
3905 74
5000 3486
5201 5181
4209 2664
5512 3168
469 1341
2243 4270
2251 2248
3616 3724
5868 3764
5155 3969
2097 5877
1805 1649
5550 5433
2726 2065
1575 4206
1988 966
58 1679
5395 1436
2118 3957
3802 2676
1716 423
5342 3513
2119 375
3078 1608
3424 4205
2696 1576
4195 3918
5495 4895
3983 5259
126 4555
6185 3501
2754 5376
3148 1180
4260 3244
5010 5954
5402 1417
4799 30
5778 4035
1024 442
476 2078
4927 5276
444 3849
1327 332
79 3340
574 4738
3512 1646
2138 5920
1327 604
1243 2428
715 3358
3134 5852
1041 2317
6167 3306
336 2429
5122 1836
3574 1010
3833 2115
360 6237
2554 2923
1680 2204
1164 6000
4414 4052
5974 4687
2300 3076
2061 3451
315 5167
4550 3555
125 4081
3214 3868
2242 2513
823 4363
4258 4978
5431 2456
990 1518
4496 5746
178 4190
909 4917
1104 406
6262 2988
3293 1942
5407 4176
2261 2117
2477 2659
4606 4923
2924 1433
2649 4537
3886 3120
3828 3638
2835 1491
3243 5107
3201 4974
3845 1074
1635 6200
1470 4513
5138 5394
2417 4873
2154 242
4484 4834
3042 1309
2895 6280
1555 4826
1195 3742
112 5551
3964 6242
4117 1201
384 355
5667 4931
6126 89
1917 2898
3176 3803
5980 5882
6336 3500
3230 684
6016 4338
5941 2474
4187 2690
2091 4868
2517 3246
532 493
6261 1125
806 2823
3503 6115
1661 354
1013 2664
2183 3078
770 3046
5332 4555
826 2136
2076 1405
2369 1924
4375 4077
509 140
5506 1144
4409 5129
2231 4971
4762 6295
4594 4288
636 5345
4265 5587
1613 3787
3103 6103
2067 5332
6009 5717
65 2905
2226 185
1741 5962
5471 2921
3375 5555
112 3167
1538 6225
910 1516
5104 3981
1444 5536
733 2163
597 5404
2584 2371
4614 1502
3905 4205
4809 984
4678 5844
1681 4825
4985 5162
4435 5311
1692 6172
4547 3844
2726 1917
4029 5402
5979 4549
5675 318
1127 3846
828 3515
2076 5121
3327 3840
4013 5092
798 4628
1496 3476
6102 5886
540 1651
6223 5848
5342 5088
5126 1145
6121 6274
2744 3657
3512 3505
1813 1283
1478 4339
2447 4015
1576 6344
5842 2907
3259 5749
6019 3630
6248 3102
2971 6007
4481 5916
5034 3773
4637 2909
766 5058
5157 2488
3820 17
3461 4747
3852 180
6021 1575
1304 1797
3413 2042
3161 6019
1028 4643
2731 4142
539 241
5681 1468
2342 2889
5036 675
1668 5901
2890 5617
2659 1384
519 3652
2621 4233
2807 5540
2442 3961
5547 379
6311 4393
4724 1457
4125 5132
1830 2199
5271 2507
3573 1108
1758 5793
291 4837
6333 695
2156 5864
403 2424
791 5999
5026 5181
2788 776
3071 3852
2955 1841
1681 5291
3159 1994
192 4356
1838 646
5938 3980
6164 1763
216 6041
1822 4503
3113 4539
4329 4446
4671 5866
746 3252
4764 6018
3457 6095
2678 1058
5732 207
5958 4955
1668 4336
88 2596
5160 5047
4814 4722
1287 3703
6185 4179
1627 6017
71 6051
4049 2954
4676 215
4191 1779
673 2653
1671 1949
4734 1386
2980 4883
4514 1437
5389 146
6125 2064
5408 4713
102 5852
5816 966
4557 541
4805 4739
2462 4892
2886 2214
3130 2388
1306 5071
773 1833
4680 3943
2989 5506
4412 5002
2714 5610
4683 5889
2523 421
1276 4719
3750 5196
5466 2152
1490 2470
1472 5527
3764 4916
165 1199
2302 5389
2881 49
4316 4856
3845 2661
1612 1430
6035 3427
2774 5722
4226 4368
3070 6251
5137 2583
2608 2813
5546 4556
686 3282
5803 1218
3871 158
2894 4556
4396 543
6012 288
695 586
2180 5242
224 1961
5315 4782
4548 212
1376 92
2163 5946
4225 6198
3613 3591
4069 5981
997 4211
5414 5087
5262 6213
1890 2043
5904 4153
2384 3949
2743 1234
6073 1984
2146 799
234 1622
5708 2492
2853 4573
2738 4478
4811 4650
4484 3389
5212 5788
4445 3902
3334 3513
1985 5336
3566 2795
5250 2873
3365 3705
1812 4487
887 3582
2131 4526
3856 1561
4505 1953
3786 1939
2620 5031
1825 3910
1192 3247
274 26
3727 22
1941 2041
2297 2661
4913 910
5902 4244
2385 5839
3213 5158
5486 1694
838 2507
103 2703
3647 1255
253 16
3015 2676
4067 2780
5263 4795
2512 3065
3566 2871
2848 5438
5157 1747
4256 5588
4608 2733
6048 6197
2759 5218
174 3423
4811 4771
1181 2095
3377 493
2737 6133
1004 3121
5282 3241
1921 1478
3116 2960
112 3535
905 4839
1031 3751
3970 3910
6329 2341
1608 2611
2615 3485
4661 477
3995 2698
4106 2675
834 2285
969 2104
4306 2913
5950 4036
5644 2266
1955 5328
3988 3118
4085 3012
732 6284
5622 457
1230 1171
125 4323
5164 1335
1370 1008
3777 2035
5136 2820
1681 5056
4269 4045
2075 1411
2524 1213
3858 1121
3343 545
3046 115
4701 5662
6165 2700
5530 357
5224 4291
133 987
3124 3858
2107 5368
5235 1526
2709 340
2667 3844
2755 303
1124 5842
29 2793
1362 5900
467 3801
5477 6313
3955 1029
3146 5533
2470 5046
234 1321
5590 4329
4152 4422
5665 3589
1500 4882
2180 5163
1518 3537
1054 5611
312 4362
784 1043
4888 428
4569 691
2996 6276
3330 4170
4010 2366
6117 1027
2674 5678
3515 5488
687 651
6297 1693
5575 3919
378 2144
5825 3208
2370 2265
5638 3597
4431 5258
5432 5082
5202 3545
3442 6123
2632 2337
3982 3097
4252 4130
2815 3598
1978 3121
2965 5935
2165 6101
6116 4766
5547 3763
1160 5963
1408 5804
5182 4026
5986 349
2825 1348
2084 1165
4061 3844
3366 3053
1118 970
3821 1023
5568 5462
953 599
4843 2104
4858 725
2970 3436
971 2004
5920 3860
2437 2020
3349 3999
3935 2128
5837 5728
3168 1030
3974 824
4008 383
1024 357
3748 2197
4327 1445
1566 4988
1095 2244
1570 4721
5170 6189
4408 4584
2637 858
4282 4401
5927 423
4528 4108
4182 4553
2505 750
513 2518
4997 3557
1914 1296
6230 2541
4402 661
160 4402
3691 4217
6074 1785
726 2669
4404 4680
2747 4022
4381 4624
5677 902
3398 2506
3052 5635
5547 113
2028 5275
5928 2617
1665 4318
2609 88
2838 359
2429 4259
1227 3164
1499 4672
2163 5842
4514 3328
5922 1050
3421 1753
4152 1046
2773 5753
2979 2196
2779 1052
1060 961
4948 3704
4879 3711
1401 834
4116 3888
5778 4114
3993 3570
5296 124
4220 778
4200 2808
5655 1299
2298 4930
6108 5859
4921 2927
68 3535
2397 4792
4600 3434
1469 3720
1903 3226
5563 4591
2532 166
28 1466
2886 965
2014 1484
832 2478
5539 678
5566 3268
2362 5455
1265 5454
551 4808
1061 5184
4131 126
65 5438
4670 3135
2713 3255
5723 26
2287 3108
3172 3588
4339 1777
851 2754
1669 3165
1338 5747
34 889
4560 4768
4122 5962
4744 4508
1268 2671
6161 2770
5416 4318
3917 1707
6319 515
316 5924
2638 4005
824 1612
1677 2160
5900 5505
1500 3735
4632 5942
997 5735
3287 3836
5174 576
1918 397
4886 4600
5502 2491
1360 5953
2044 1032
3454 945
3794 3310
5363 501
3819 1179
4195 1522
5043 871
5977 5721
1129 3340
4970 2135
5645 1528
755 3942
6301 2652
554 1685
5958 6272
338 3066
1613 5189
2181 3857
5326 6073
4914 873
2900 5604
3136 1441
3978 2441
3199 864
2872 1456
402 2769
5776 3107
3279 2907
1371 4610
2845 6120
2833 6087
4660 1344
4496 2301
2690 2580
4746 1009
1 228
5861 1228
4619 2285
6197 3515
1941 1837
811 1331
1973 1531
1092 2037
5596 1003
2109 4097
4160 3837
2618 5748
6120 5509
1778 4931
468 2324
5744 2547
227 5167
5388 5301
4872 5873
1315 4257
2269 5567
5148 4253
184 2405
622 2495
1913 6049
3687 4684
5549 5621
3520 3037
3999 78
1123 723
2532 1939
5055 1613
4702 3525
320 4607
394 582
581 1209
3565 3451
3560 345
4317 1975
309 4172
5322 2985
4719 5950
2821 5279
845 2039
2144 5372
1173 5223
4278 5659
4806 5385
4773 5295
181 6154
4994 99
6065 412
499 859
5686 5545
5542 4367
1213 5767
2846 3514
2159 1718
5502 5744
2368 5134
2426 698
840 3126
6327 2661
5431 3928
702 1106
162 3532
1585 5592
3478 600
1006 858
5761 4123
1629 968
2645 4525
3554 1737
1574 1968
5933 5440
5132 5374
5210 2495
4701 1597
5115 1379
2260 1457
1485 2610
5445 2008
2351 5018
3174 2729
3066 3107
5534 2316
2110 5892
215 117
2432 244
2342 3916
87 2589
1095 5753
1579 6318
742 3162
4943 1229
2090 1579
5238 431
3934 1924
1402 2338
3732 3887
4579 2333
3983 2753
741 5274
3073 5569
1421 491
5508 266
5412 2509
577 1357
3942 5472
1962 1045
3731 4313
446 902
2852 4478
2046 5404
2408 513
3295 2784
2056 3574
4929 2686
3371 897
3380 1601
1133 5710
674 2617
978 3530
3711 3916
4515 1634
4509 2390
1594 53
4730 2424
3372 200
1904 4614
3260 4106
6002 1680
1021 3877
285 4299
92 1920
1948 1301
3641 4966
3490 1499
205 5580
4007 1061
4424 2389
149 1482
962 410
1870 5359
1087 2944
2343 4359
823 4923
5770 5565
5943 429
537 558
1697 1149
2750 29
3888 373
5625 4089
2092 2575
4057 4239
2121 3818
3309 5223
1382 5441
2779 6149
3630 2238
33 622
1774 1702
5570 1211
1177 912
6028 5628
3615 3024
1764 1854
5110 4193
4334 3710
5818 2177
4935 6009
3083 2611
6219 1878
5061 5304
1841 5644
5370 4231
2563 4400
4273 4754
2811 5125
2330 58
3435 21
3109 1679
4671 2709
111 3463
4471 4530
683 4709
4949 2552
6089 3550
2197 621
1083 341
4722 5629
3058 5268
4925 5981
4337 2050
3633 5058
3109 2358
298 607
62 915
6321 2568
3394 1011
5330 3269
2889 3547
3518 2290
1249 203
6254 2969
3298 2377
2313 4284
4550 3645
618 4084
3926 1786
644 2619
2496 5365
4451 5817
1173 5951
474 4103
5399 2273
3853 2267
4937 1989
2809 1588
5807 2416
6240 5385
1290 2825
3812 381
1874 1508
3240 4043
1193 1546
2544 5745
6308 2757
316 3801
2448 2395
1026 4429
275 1592
2505 2775
2294 1345
278 2053
4614 1539
803 3838
2715 2938
749 3565
1322 2572
838 3574
3470 5061
3510 2953
1502 4979
2651 2373
1276 5400
1055 3792
3880 344
466 5806
1696 3408
6308 2364
1129 3523
1454 3523
5748 6106
197 5399
1676 4418
3604 806
5108 2433
414 4816
5155 2165
4862 5450
3242 4642
4867 933
5867 1159
2890 5131
136 2918
199 2265
2647 4280
1270 2902
1558 175
4262 3179
3183 2919
2875 309
6094 961
1482 724
6076 517
2888 6229
1828 2447
2475 3737
1648 892
2057 3840
940 14
1083 5630
2899 1734
2341 3105
5076 4682
3089 5645
3432 5083
2520 6235
1249 3557
6159 5679
2810 1395
3637 2895
5608 888
2087 19
3007 1014
187 2845
3189 308
5683 5106
3848 4168
1141 6279
1558 2592
4336 5955
4680 5652
3356 4560
3027 3399
5215 6165
5602 2935
2033 3154
6349 2453
2562 4071
3053 5144
4947 3053
6274 2640
3464 3634
715 3506
102 3951
3758 904
3536 4509
1440 4139
3769 3556
6103 2430
3483 4149
2828 3833
3681 4880
1458 1304
575 2388
4519 2761
1952 2490
2671 3975
3078 5578
1611 5716
4302 924
2062 469
4074 5539
1020 3750
2251 387
6178 2005
5407 4279
2152 763
4261 3991
3401 5417
2058 2396
347 3770
5085 5633
227 4403
693 1181
6317 1241
1607 175
4518 2321
2445 4132
4131 5300
3700 4503
5430 6254
632 892
1603 3081
6331 3247
2048 332
4526 3030
5362 3941
6112 5500
5430 4671
1499 6054
5915 5321
3885 5284
4950 4515
4815 3113
1666 5041
2644 3368
875 5249
5190 4215
3377 682
4115 4913
2061 6305
2677 471
1909 3492
4216 2200
2906 5752
1151 4668
1483 100
2614 2533
3215 2923
1828 450
1301 1390
5463 5445
3251 823
4111 1602
3762 4500
6008 3044
6090 5657
473 50
128 2520
4838 5504
3116 5288
2322 3665
637 4017
67 4664
5164 2633
3483 3162
5227 2088
625 4061
1125 3314
5569 3284
4965 5078
3011 2986
2184 588
293 2604
4698 1261
2407 5350
2282 3864
5443 5792
1894 5700
2701 4313
2248 771
4893 3342
4358 3341
6186 5327
3695 3952
4873 1182
4403 4122
1878 2966
4146 5393
1507 5956
3409 1129
245 6226
2654 4104
2328 860
915 2922
5936 368
1380 917
4819 2768
3808 3605
2002 4731
1009 13
693 371
3608 2977
4760 4566
5347 2203
5079 246
5816 5291
1240 1127
3431 6284
3472 3862
5375 1727
5151 3808
4295 86
577 2402
3365 1900
1802 2181
5028 1877
2156 4315
3367 542
3214 2171
1894 1517
4553 5491
359 5835
5373 4409
873 1796
5911 5718
5288 1940
1474 2468
3606 4615
3636 1236
4930 848
4906 3447
2284 5457
3777 6066
3880 492
2000 4124
2519 6276
382 4588
1702 5467
2670 4158
744 964
1023 1610
5186 203
3233 3276
2914 4240
2305 3485
6171 5799
3069 6269
4833 152
4467 1080
56 137
1599 139
1917 956
2370 5613
6338 2061
4066 3306
485 2919
6027 1251
2009 409
5395 1640
4789 737
1691 1625
4544 2399
6188 2096
559 259
3178 3128
4376 438
2170 1858
5653 5137
2396 5346
4395 197
3290 512
1223 2088
70 3782
1540 3518
1945 4124
5423 5017
2276 4324
5139 5127
5415 2782
3504 341
1573 1800
516 1343
4797 4696
3393 2283
1449 688
6181 2092
3380 1166
915 3817
2053 5766
3626 2650
4199 4854
3940 2887
962 2689
4559 1066
4266 2101
3361 2942
3646 4421
1720 5806
5549 4821
1088 1714
4573 1405
4863 4656
2442 882
2205 5850
5401 4191
2427 5199
5481 3240
2243 3772
3462 6141
4390 5125
482 2826
5942 6000
5184 1633
410 4568
3619 5997
4545 4929
84 5603
323 4289
1057 6150
6316 3932
2666 4434
6233 3198
4287 1705
857 1496
4369 3933
2844 1534
1378 5021
1366 3725
3885 339
1621 1456
278 310
2848 4658
6026 2215
3675 4380
5684 6035
4018 4432
6147 2228
1196 1108
4595 3098
1086 5099
5457 2832
2844 4775
2631 1010
6183 582
3850 334
5513 4619
975 2048
5648 1684
5002 5461
4034 3326
3043 3333
3006 5856
4837 2224
2554 2365
1079 4725
4866 3201
3996 2582
1286 4495
416 5532
6297 4566
5976 3340
1224 646
2525 5626
5421 1047
4829 4539
2133 5750
910 5729
4882 1002
3725 4814
5702 5785
3269 2882
4289 5675
5705 3543
2154 4912
4995 1272
3733 4967
4980 3149
4153 3366
1319 4577
1454 600
4850 1118
4787 6194
1348 1019
989 5525
6070 4566
1016 3163
5946 6184
2452 2190
1264 5383
318 4266
602 1928
4478 922
3257 5883
4023 4303
5236 2884
6307 995
5614 504
3868 5405
4913 3793
3012 2016
4170 805
803 3440
4667 1796
2801 604
950 4050
415 3490
3395 2808
3839 5404
3939 6245
1195 1995
4308 3639
1943 2894
1910 3817
4155 426
2000 5447
6024 3745
5694 2249
4625 5543
3761 2271
6342 5748
560 549
668 25
526 4804
1284 1736
5057 1740
1769 2534
2580 726
2435 3406
4499 3988
1004 1774
78 3164
3317 2472
5671 3410
2071 5177
2216 173
1455 4483
4713 4680
2784 5264
2280 670
1008 5271
4915 3628
3566 5660
3627 840
5014 2334
3137 3369
5610 530
5498 6278
5556 2060
2344 4497
5028 5627
3387 635
5370 5589
142 1955
1028 4188
1452 1811
153 2939
6091 5303
5276 5971
2878 6143
1205 5188
6155 6257
2233 4314
644 2336
4800 6168
4243 566
1732 5357
1240 5395
3948 4987
3457 2146
1397 1312
5336 3627
1058 4431
2823 4539
4568 3324
1567 3602
4460 407
1800 789
5749 5540
6262 5070
6056 6073
222 3803
1149 4216
5095 3143
4384 5419
1871 2750
2524 878
1192 2393
3464 1910
3508 4680
364 5304
3653 4475
202 764
2522 4332
5156 2699
369 4503
4514 6071
3451 239
2472 4755
802 1630
1051 914
364 5156
3969 739
505 3644
3516 4269
6289 3741
1226 4031
2990 4651
5191 6033
1840 1761
1477 4082
5955 2028
5427 6176
2448 478
4318 1904
273 3239
32 3254
5503 3783
4833 6047
447 4147
1179 4236
2980 238
2763 1277
3360 2166
5323 1925
4486 4283
1137 2946
6165 4352
5347 5381
1369 5716
84 4138
5654 4406
4552 283
4048 3307
3500 3946
2551 318
3439 1966
396 4358
3225 1768
5517 5387
653 2314
1093 1833
5424 4951
249 3298
4959 4914
4364 1105
5076 3946
5505 2084
2277 3407
2993 1817
6167 4449
3717 5173
620 2458
2983 3470
297 4430
1480 254
1527 719
1766 6114
5596 4467
3562 2905
1147 484
3947 141
1637 3144
2584 3018
6038 2254
5812 1636
2239 4744
1284 3894
2307 1880
5838 2141
4064 1377
2423 66
2884 2122
2066 5273
2072 2919
42 6151
3597 3243
591 4620
20 5306
235 6007
3139 730
4005 3910
259 145
3167 3071
4519 637
635 441
1505 6323
3295 2168
5706 1862
2525 2563
5546 1488
3488 4200
5327 5136
5453 3426
4906 4404
2068 3330
4098 1456
1129 1534
5334 443
1413 3564
972 2552
1190 3865
189 4028
4100 1202
3313 1630
5401 898
874 2389
5678 3654
1793 2005
3308 2258
1904 6170
1471 564
719 4727
5754 1748
3128 5988
6219 1132
1114 1266
3780 3332
916 6023
2008 5380
4577 4349
1967 535
253 13
2379 2018
2634 3994
1826 2698
606 85
2972 2610
4093 4377
181 4146
4889 1839
2491 5984
3902 3588
2469 5876
5759 2212
3913 3686
2507 2918
837 2985
3074 276
5927 2694
2785 730
839 4341
4719 2818
1259 2035
810 6051
3649 6293
4076 1273
4612 861
1343 2153
1137 4623
232 2131
858 2736
1909 1295
3060 3316
75 3772
3331 4658
5816 5624
5584 6244
768 3542
3185 3893
1954 5362
4875 101
2386 4061
4095 2202
2644 5600
4714 6283
3281 1908
519 5651
3165 6092
756 1433
1113 1870
4276 4662
4795 1799
5909 5142
3361 6054
3307 3087
448 5450
3265 179
2843 2968
5682 5718
1963 2856
3767 2260
7 1887
2516 4409
598 4119
5785 767
3868 2089
6279 3218
3672 1238
4267 6026
3421 4679
5096 463
1157 3198
1885 4428
1274 3839
1609 1018
4058 5297
668 2321
3998 2728
4189 1331
4767 5678
2587 2801
3999 568
1501 1207
2147 2080
1058 5629
2823 4216
1381 1219
5482 123
2348 3593
5031 5756
759 3049
930 3517
875 280
4498 4769
4611 278
2290 3121
366 701
3320 4682
5693 3055
3088 1772
364 3086
2334 611
4806 1316
2592 6177
5539 1944
2924 1670
2781 1456
780 2511
356 2995
1301 3316
665 3843
5268 200
2611 38
180 5962
1318 53
4906 5837
5571 5099
816 2597
231 243
4459 5011
5774 1089
2452 23
6216 1819
4909 2298
3036 3944
5331 2129
3314 3463
1053 5260
5640 101
3378 4431
2270 5027
733 1913
1378 2586
3565 108
4395 3243
4437 2096
3552 4485
4141 1658
3715 5139
3559 5535
2648 6139
1262 3150
3377 3659
5761 4592
127 3757
4713 2957
900 122
2032 2019
2172 1715
3660 1612
519 5301
2592 94
3395 5724
3644 4184
618 4333
2949 5922
1809 2038
3371 241
734 6284
6158 239
4774 3611
2799 5195
5256 4476
3445 6179
78 3169
5862 6310
4520 2137
103 880
4093 3904
5941 5440
2673 2297
1077 2012
963 2578
3826 2709
2781 767
4287 2529
3305 6113
3866 800
4644 1866
2546 1208
3671 1911
3184 4054
2942 2979
4308 903
4173 3118
1921 1158
3345 1055
1654 1233
1688 742
2301 3824
133 2947
6060 5323
4048 3376
2061 1800
6295 5542
6216 497
4858 2456
1720 4196
5581 5598
4574 507
5936 5532
5297 3014
2617 4400
5833 5584
3901 4362
2174 2834
3022 6290
1766 3402
3073 4480
2223 5309
54 4371
4081 4203
4802 5592
2857 5769
3286 6230
1333 2676
337 3827
1741 5801
1516 1548
2933 1231
1353 5253
5543 923
2387 5577
1983 4084
2735 5035
1427 1314
5907 759
1905 4959
4183 3549
2943 2037
926 5036
2696 1506
6013 3835
5983 1982
2140 3796
256 4220
5386 5846
2848 5644
1110 2531
1346 3252
1132 513
16 4548
408 2112
4896 1367
6220 4826
3248 2950
4349 5303
1650 2118
6085 5159
4573 663
3867 6013
2763 1056
5439 576
3794 1295
2942 5792
3938 4520
6275 1235
2535 4422
3047 6185
2170 97
3318 6307
5592 1405
6075 1412
4434 5119
1802 4501
230 317
866 3697
4470 4442
3866 1193
2947 4513
4343 4681
1156 1965
3396 5732
380 5493
1008 1130
3282 244
4441 1875
4524 3293
1209 2752
808 4425
3988 5805
1032 393
6220 3042
3991 2841
1899 5178
1923 2778
2052 1630
5715 566
5179 2408
2110 2415
3891 2851
3671 2335
3363 6104
3783 3714
2129 330
1398 652
2750 934
3063 2880
1815 6148
2378 1753
1208 4054
770 5718
6092 1572
2952 2290
2161 2927
3990 4633
5794 807
5836 973
3295 2285
4536 944
5199 4807
2439 3589
120 4757
1514 895
4839 548
2934 1449
2513 2466
5943 5509
1265 4830
1880 4534
321 2280
6090 1185
5333 937
3195 1303
647 938
5297 1129
2169 646
4758 4237
2484 5272
3568 15
3121 2972
5602 2002
723 3949
2038 681
740 3449
5684 3607
4607 1690
2105 3482
2411 944
3393 5732
4034 119
2004 2093
1550 2166
2235 2453
986 3595
1916 3392
4271 390
3016 977
5674 1328
1621 4007
2571 1061
5053 2296
4274 2176
5262 294
6134 418
3066 3177
3347 547
2417 4694
4043 3364
2191 3346
143 1285
1889 5068
4451 1076
281 4456
4128 2284
2218 5232
3421 1725
1831 1317
2274 1733
2643 2154
2948 5858
1310 2903
5724 1142
2279 3927
6064 2072
4389 5660
5893 4433
2049 1875
4094 1179
5362 1363
5456 6098
31 3080
4641 5724
612 3258
737 4763
4230 3442
6304 2930
4346 255
2774 5291
5101 1834
1010 749
2371 4412
2997 4955
4141 5340
1595 460
4431 183
3272 5239
490 451
3451 1534
4093 243
4233 4328
5439 5487
2982 1246
6339 3051
1486 5658
2260 5388
415 2433
1328 3557
4739 1416
1590 314
4716 5591
398 1941
3490 2860
1436 608
5840 937
2632 1359
3958 2107
772 4003
1336 1356
6045 3669
627 2367
6213 2249
2267 146
5775 3474
2349 5661
808 1197
75 6007
5056 5495
3348 5377
680 2244
1922 5006
4285 2498
4342 2647
1615 122
4176 4957
3275 2674
681 62
1621 3581
2731 4271
5387 141
4386 5964
5593 72
454 4294
3108 5847
600 3612
6329 1605
5413 3733
708 1431
3333 88
6081 595
2239 5011
2216 2658
4854 242
847 1879
6055 3615
1408 5869
3100 3402
5768 1911
2837 3081
5983 3180
2198 5062
5252 2606
598 4684
6143 2508
942 3355
6100 3988
3227 6140
1906 1741
4933 5373
676 5339
6256 155
661 4172
1751 5964
1324 5604
4708 5635
1759 4891
4590 3674
1603 201
661 4859
1991 3029
580 4403
1557 3719
1568 5846
4715 2560
2099 750
4623 2532
4979 4002
5444 5410
5241 2543
688 2196
4609 577
2592 2764
4924 4085
81 5506
5779 4785
175 130
2724 4458
5888 1618
1794 5980
2321 658
1329 4061
1211 4221
3361 3115
5300 2188
2321 3202
6124 5041
5355 1697
5579 2255
4429 870
2462 706
6149 5715
6094 2748
3150 5112
797 2896
5320 2053
2336 3701
3802 4774
2834 1994
2076 376
6322 2620
5250 4744
5228 4630
3892 1470
1129 3901
5553 1438
4720 5781
264 5845
2636 5554
3818 127
1827 1015
4876 2895
4381 2959
5290 4208
4289 5116
1391 4375
2628 5395
2872 831
5664 3635
1334 1476
1006 3480
3099 5289
5754 5417
5218 821
5314 1808
6250 3775
3626 3678
2839 2578
1946 322
5960 2869
4198 583
740 2570
1583 3963
5603 5498
4685 4681
2574 2542
1927 6244
801 1995
4638 888
6260 3230
4335 3938
1848 6224
6326 4016
3451 2664
61 5015
1910 1948
4283 2015
421 5383
262 3462
5664 5292
4692 4944
1215 4466
2661 898
4814 1334
3848 824
1313 2757
2758 1931
3686 671
5214 5922
3844 6009
1322 3083
3239 414
2937 1780
268 905
1932 1663
483 4040
2959 5644
1052 1299
2268 5354
555 4187
1118 201
5569 5734
4851 3683
1482 1703
1770 795
1367 2237
1730 4563
1713 634
787 3135
5906 429
6068 3638
5712 2068
4791 2135
3556 5564
1621 951
4309 6062
3633 75
3174 5277
5891 5143
3652 6177
1376 3283
2324 5929
1397 2291
5730 2253
1671 6165
4292 50
4941 4613
3560 2204
2182 3875
5259 84
4259 4920
5849 1897
6316 1025
3054 3359
3179 4469
6138 2857
6296 3531
5118 5638
4745 1550
4141 6029
5076 2074
2722 232
5359 3278
4214 5597
6085 6003
1794 4359
3228 622
4451 452
6307 1141
2184 509
3337 4538
3317 5204
4475 399
958 3536
1123 2160
5891 2248
1711 1063
828 1424
185 5825
724 5588
435 2466
6154 6186
366 2108
3299 388
743 102
1837 6249
2220 1529
3606 186
6141 4725
6298 3604
199 3646
3714 6056
6288 1422
839 1710
1811 3829
630 3464
169 3329
2486 5033
4961 2333
968 610
3124 760
856 5362
1566 2270
4389 4586
5371 1903
2507 4129
2659 4108
4597 3325
1271 1961
1318 4665
4430 2695
5365 6128
4504 399
2311 4718
6214 2049
3877 2444
5557 2000
582 2178
5445 5864
6274 3039
5959 4182
5873 5129
4206 5191
965 3679
5449 5319
340 348
4088 6232
858 4674
4239 2846
3796 3455
4593 3550
5219 3671
1077 254
4192 3655
1776 4625
3662 833
5702 1843
958 13
791 4059
622 5063
5585 6300
3959 4674
918 5058
2944 4090
4926 4223
64 4298
1265 1508
2790 5530
5080 2326
3630 1856
5881 6162
4693 5138
2646 1693
1406 807
2880 4120
3001 214
1060 3170
5651 3562
5467 4801
4994 3722
5516 5211
1765 4163
4136 2381
1009 2795
4984 5040
5689 5939
6019 433
5963 1947
5351 1364
719 887
4786 5609
1279 3335
3151 960
4012 3148
4049 5470
5407 1966
1360 4420
4962 2584
2629 3008
3593 976
571 2889
535 430
2740 1146
1039 5600
5345 163
5508 5454
4609 2060
864 5081
4319 4020
6262 796
1646 1295
3344 151
4164 1136
724 696
1790 18
5210 6186
2082 4886
1154 1038
5632 128
4932 3852
960 3717
251 5461
6200 2046
198 1224
4774 4096
1002 2574
5649 4302
635 4031
5180 636
2623 5753
5238 4384
2040 3483
3240 6055
1962 194
1381 672
993 2735
3743 5488
6217 5162
2426 589
1138 3627
1317 1231
1661 4784
5273 5391
3595 3777
2272 1454
6040 6131
1496 2825
5874 4140
1107 3342
2551 3919
5742 2381
5974 4312
825 5228
3944 5495
3184 3944
594 1551
2040 5082
3351 1796
178 325
2505 2174
408 4662
3364 4364
649 1067
1796 2450
4225 6291
3057 5878
435 5064
1992 2755
1682 2583
2817 3845
5020 447
2405 2954
5534 1193
3328 3775
1851 5896
5506 2757
2513 2832
4902 5980
1239 864
3091 81
140 3462
4740 6349
4862 4455
4752 893
3247 5963
790 5805
1702 5400
5222 3918
5031 256
935 3947
4012 854
649 3548
1564 3029
1610 2119
610 2166
105 5591
2975 4572
1654 287
4689 2381
5164 5452
4418 546
1753 2325
804 2044
3714 6061
1071 3253
4327 590
5525 6267
4334 2521
6167 5478
2335 921
3296 2256
3051 3361
2588 6294
1015 2768
978 1781
823 5894
2105 4984
3904 4128
6209 4174
5235 2251
1923 23
360 4834
2803 3671
532 1954
5160 1078
6082 5927
1324 5976
5203 4225
592 2441
4390 1736
94 4809
3696 4670
4244 2765
3545 3382
1943 4342
638 6114
3203 4084
5892 6171
1510 4700
4794 3247
1455 4844
1605 5533
4445 5572
3837 934
891 3098
2152 2058
1704 1798
5360 5961
1141 6028
6156 1914
6024 5586
4777 1875
3551 446
213 923
899 3610
2775 2033
300 586
2019 2897
305 4367
1787 3328
739 4187
1102 991
115 2294
455 2232
2424 3400
945 5918
1801 404
6117 4235
1698 2177
4109 270
5633 4858
318 805
1806 2060
5429 3665
5368 3133
3086 5998
6154 4920
1544 1854
1280 196
4496 401
5355 1574
3468 4025
4175 3837
5128 1772
3404 567
1146 6037
6285 5714
283 490
6266 413
1241 1132
2316 310
1845 3547
3126 6323
3640 4403
160 6311
1864 3906
5888 5607
2015 804
2109 3001
2844 1704
4019 5053
6232 5971
3657 75
4880 1990
4385 903
5393 4842
5517 1516
5108 1427
1290 3298
4421 6348
3181 2823
2393 2946
4108 2941
4817 4542
5319 5708
4129 1153
1905 6328
379 3025
1731 5457
1915 1782
1099 5105
45 1679
3781 4170
1830 5491
5983 6332
3440 4245
2492 5540
5130 5425
2492 5312
3455 3773
5536 3640
3321 3729
1284 5864
6097 4821
4999 3650
808 1032
3363 3546
4481 2280
2018 5014
4121 4741
3872 3088
4763 3913
1094 692
1355 2050
814 4743
5950 1333
4554 65
2944 5768
705 4670
2701 1526
2057 5753
3845 1552
2367 1177
607 5327
2756 1813
266 3564
5059 2213
6169 4502
4062 4114
2126 4004
4140 870
4032 1038
1573 6214
4768 2341
5847 5796
223 1910
36 668
3600 2241
4765 1483
3116 953
4155 3375
4160 3853
4722 1560
5972 5242
1715 4482
5054 5854
4904 2842
902 1477
5179 4012
5916 6263
1578 5274
5628 6277
4669 4466
5780 1700
4226 4196
4416 5277
3660 422
3136 5042
3341 472
4265 4247
230 3617
1636 5653
3281 2659
6170 5300
2501 3440
1224 2358
930 5672
972 4365
884 1248
4007 1132
964 3940
5769 2679
5845 1596
3588 4713
4663 6272
2254 150
4587 4687
6271 10
4111 2662
3037 2168
2733 5155
2064 4996
4795 2060
3180 5279
6085 1917
1229 3691
2240 3381
5451 2439
5337 1670
1683 143
5099 1875
2968 3948
245 3446
1002 4408
79 4872
2863 5141
5667 2642
1770 4882
2130 5135
4612 4693
3379 5384
6060 1957
4169 3544
5139 3919
3636 5706
544 3052
6196 2533
1503 1857
3740 4908
5455 5067
4639 1251
5366 2744
3033 2664
2309 5907
699 4274
3863 1520
4092 1269
292 5612
1930 1794
5318 4508
1575 209
1706 5522
4936 2873
1109 4991
5867 2390
3577 3541
2311 161
2251 1475
4107 3292
5325 5740
4069 4504
1194 1196
2071 4089
846 4687
1318 3454
5671 6260
1181 785
4953 766
4854 2324
5038 179
3120 910
4387 2467
5208 4760
3480 1313
4919 1091
887 5376
2135 3687
3395 3011
646 4310
61 492
5622 4819
6024 2448
4846 5711
1099 5436
2792 1043
5639 3653
6154 1048
5848 6117
1401 1413
4547 746
6295 4286
1832 1693
2073 1003
1564 5646
4600 2476
4773 2563
3931 262
3458 6078
2609 3138
1049 4106
5550 1960
5218 4328
5312 4564
3603 2709
162 1274
3349 5105
4586 5492
3858 4867
826 5923
4602 827
6037 2938
4003 4887
1235 1875
2158 4227
3424 764
2290 4655
227 3142
800 309
3756 5463
515 5110
790 3632
5425 699
1666 5274
187 122
2367 1457
1201 120
4616 4005
5178 1476
5210 1147
3067 5916
5587 3252
5088 3060
3658 15
1002 2835
2727 3437
792 2157
5762 5695
2835 1939
1605 6235
2811 2049
3076 1130
2026 982
3819 1104
3541 2090
4363 1937
3293 5208
6285 1853
366 6235
5151 5260
1226 4196
2906 5138
4215 3544
1267 5158
204 1432
1716 4823
1545 4382
3685 2277
5241 3573
1253 1224
2615 4296
6110 2818
1228 3591
3529 5978
2823 2406
667 6154
5414 2310
1355 3975
501 3279
2500 3865
144 6121
5015 496
2669 1869
4485 531
1147 5128
225 1788
2346 913
2256 5527
5813 646
3762 3969
5135 1766
4732 194
518 569
4559 1677
548 2252
1165 4135
6035 37
1998 4285
1354 4855
3037 3920
924 2943
6257 3111
627 4655
3589 450
3706 4986
5824 1086
3560 4585
1311 5913
3575 5202
2561 4492
2213 1325
161 4284
2014 3496
2971 2238
330 5973
4461 659
6301 5841
2118 3056
4958 2938
2925 2839
1589 1561
3914 4300
5850 2708
6275 4461
39 1403
931 5462
2696 4889
3748 4680
1686 420
1485 5645
5213 1795
3319 1461
685 4786
1357 2741
1076 5814
5837 2855
5210 5398
6195 1821
3057 3464
5550 5505
6242 4336
5693 1022
1092 4356
2766 5046
2156 5111
6166 1931
3053 356
2785 4968
3729 5753
1514 2299
764 5278
4041 6069
1515 3505
2066 738
1769 1961
4377 1326
5169 3665
3043 4847
987 489
4164 4600
4149 697
2881 1111
5808 1774
4247 2115
767 1862
5223 60
4325 6078
931 5838
532 2115
2793 4973
2519 3398
1295 2991
1122 5093
5406 2390
5087 717
4705 5469
2827 5428
5985 2579
324 313
5403 5672
1431 3846
2828 5018
5394 1883
3897 1709
2297 1291
2802 747
96 197
5297 4337
5699 376
5331 842
2505 3054
6023 3330
1518 2813
5998 2110
2809 3807
6256 1190
1346 1858
2037 6179
527 299
1981 5294
5364 978
678 4812
3983 2800
1622 4995
766 5790
5865 2615
4333 4802
63 1319
1972 1252
1545 6319
4606 4599
1647 2265
708 1264
2212 2693
5842 1713
1196 6125
4800 2573
5882 5807
5407 4005
2640 4911
1006 4240
5073 1426
2794 2933
740 3686
2853 5005
3425 4241
5965 5697
1847 1
3845 3071
3429 6038
5057 1331
6304 2901
280 1460
2330 538
1148 3843
800 1897
4268 2093
2221 4895
3712 4202
1589 1668
1619 781
4167 1607
5052 4681
3769 3530
2846 388
4273 5128
6250 3484
2816 3702
2136 2294
1572 3391
349 259
2899 4525
4726 4317
1435 381
4476 4717
1020 5157
3730 4046
3020 5750
4464 303
40 5421
4804 4314
1417 501
2455 3625
3518 2704
1417 4225
5939 5524
5186 1563
5038 6026
2662 1585
387 1727
5378 3636
3511 2859
5740 2741
5799 3794
6033 5993
3198 4329
2964 2396
5911 1233
1605 6077
5902 1123
4315 5450
4925 3063
1653 669
1855 3890
5459 4010
5083 168
1516 489
6255 777
342 4008
2956 4776
24 5677
638 178
3304 4165
3028 1080
2896 4031
362 2667
1281 19
5246 6257
238 101
4496 3805
5510 5078
5327 5654
4581 5695
1537 2554
4242 6214
3315 1438
3730 4033
4292 5095
2783 2936
4369 5675
2594 5175
3419 1984
4185 2778
258 92
4062 2848
4068 3003
5109 3246
4771 3566
49 6107
1955 5825
5242 1670
572 4568
6135 5052
1651 2743
2066 81
1530 4467
2024 3957
3489 2483
4743 4006
5232 2810
4365 4804
662 4807
4009 2845
3408 2762
3650 5529
3637 613
2872 3568
1664 4460
6222 376
6152 4435
2268 3407
3091 1451
3948 5451
4576 250
5710 5284
2465 4112
5281 3117
756 4934
5374 381
6177 5803
2145 5520
1790 2824
4303 1863
2648 6240
3961 681
5755 5905
2017 1033
15 5452
4218 2176
2797 5798
4910 521
474 4936
1811 5908
1337 4381
1312 4306
1040 1054
6291 3484
3223 550
1528 6077
430 1809
6042 4295
1882 880
3101 1797
3232 5478
658 2958
1168 2385
1319 2503
3987 1363
5195 3663
3345 494
3269 1127
3405 1973
234 3585
5765 4606
1180 4964
477 3458
4355 1495
3569 892
5218 4760
2156 5638
3824 2603
4515 3219
601 2067
3210 107
6228 5121
2708 5519
1677 5729
1410 4468
4562 4465
5891 2016
5091 66
4860 3438
1607 2063
4308 3590
2656 5696
1474 2226
3381 1814
2122 1443
5693 569
5795 4109
4737 5698
2304 4843
558 4397
5681 2836
3214 2091
5914 2123
3544 5973
4385 2409
5699 1494
4834 6122
1755 270
5539 1740
6155 3985
4756 6272
5451 6243
3884 4350
299 2461
323 1182
4779 2109
1380 2324
2357 1444
6049 2518
3846 5292
2454 2209
2078 3154
4489 3014
105 1595
4799 5295
5605 2654
770 3317
5642 5602
2939 581
304 4131
3196 322
4036 59
2194 2966
2665 2575
3416 5245
5442 21
2757 4250
4057 5958
5853 1831
944 2412
1392 2403
19 1406
4716 1787
5422 5719
2347 983
5650 69
2636 5667
2541 5346
4183 4029
4603 6301
2745 5087
3962 2487
3751 3526
3945 6051
3313 809
2319 4028
6218 901
5934 4472
3330 4151
4083 3531
4813 38
3358 3697
5389 3234
3418 4560
2286 4506
5517 3618
4583 5132
3388 4712
848 3430
4636 5889
1555 1354
3338 284
2091 5415
4849 1635
410 5925
6329 4190
868 5200
5563 4560
120 3869
1719 1316
2815 1734
1674 2523
1764 2309
4915 3164
1539 5855
4786 2784
3417 3137
2548 11
2257 3226
6118 142
639 2574
4049 957
4648 4965
5840 172
5729 4148
748 4362
835 2801
6348 4869
4911 3809
3175 5423
1726 3070
2475 302
6095 3530
5021 4230
344 3481
819 1007
6255 5625
702 2057
2138 4805
532 1987
4184 5507
2117 5736
1896 3851
3991 4969
1189 923
5231 5584
1307 3048
3053 456
3968 3420
1869 4928
5820 2081
1825 48
4171 2951
4768 5909
4521 3369
4659 5096
5225 2984
6014 514
3326 6241
3738 2641
4611 4000
5144 2130
588 1580
3494 5663
1372 4462
5301 836
6030 4899
5844 4949
5255 2987
749 4899
377 3420
1646 352
6234 6305
4555 4484
1783 4214
3691 1955
5295 1955
2065 83
1257 4550
4042 5509
2780 1285
5370 1173
4189 765
738 3038
73 1068
5949 6074
1242 2472
26 1707
625 1993
5952 2474
173 5187
2148 1780
549 2490
1126 2674
5013 6297
5883 3347
380 2317
5458 1666
3772 2540
3274 330
2388 200
5016 3138
1026 5689
4817 3185
3006 5517
439 739
3740 1162
2748 4077
346 2420
4917 6335
594 2687
559 5068
3611 683
3599 1242
4015 2120
4990 960
486 2573
2532 3331
4607 3289
6144 2709
4753 1743
2564 2142
4818 1367
4942 4102
4886 600
5259 1601
6090 4270
4760 398
1509 4376
1863 553
2851 3264
1361 720
4883 5677
4397 2397
1311 4583
5593 833
5884 4370
6248 3015
997 2897
3459 4490
3433 5434
4 4248
3747 5600
6160 667
1039 2375
3340 6027
1582 5819
2903 2054
876 1864
3338 4514
2862 1557
3249 4472
3330 5799
61 1484
5043 1812
388 3234
5350 5501
2695 1909
2767 5046
1574 4980
1095 4951
106 5431
1281 3277
1143 4717
4040 2013
3441 6326
5545 393
848 4338
4968 3899
4697 4407
1018 5513
431 2023
2137 3013
1201 3048
2860 3788
5957 424
2962 2831
5429 6266
1175 3936
3218 5924
5022 694
4577 3481
961 5907
5270 2883
5218 3572
1846 434
4630 4355
4551 2045
5166 146
394 3862
1276 2024
5474 87
3875 6046
1521 5013
6251 206
3467 2786
3939 1289
833 2588
686 925
3753 758
2965 5088
3478 1492
1058 4950
2759 2789
2833 1637
1311 2358
5434 5597
3506 2216
5120 5075
1273 538
3619 1872
2163 1573
2757 6166
1281 4098
3572 3944
5288 844
1397 5828
652 109
4085 2558
6006 2953
2943 6274
2057 6280
3415 3189
4118 5879
4158 5712
941 5737
1108 6222
4305 5351
163 3182
1269 5653
830 1211
3951 2172
2258 2054
1582 125
2698 752
293 3005
5113 4567
4763 4259
325 2896
5559 57
3153 154
571 4806
5804 2117
815 540
235 2041
1842 2438
2276 5020
5019 5237
475 6167
3140 44
2865 5981
4721 3904
2731 2868
6025 5933
3670 4372
4163 894
5688 51
3501 1268
2301 1810
4395 1832
6159 5401
1829 4971
1452 5890
5461 253
3675 4757
4960 3218
795 4056
5924 4702
5903 3736
4688 4105
6225 594
1170 803
5173 2227
288 1014
2723 2857
4893 5025
3149 607
3623 183
3509 1424
4772 276
2646 5466
2370 4732
5921 5946
3604 5593
5696 737
3617 5141
2539 4300
1449 5322
4206 2875
501 2547
335 5402
2917 2725
3301 3296
1337 2020
2030 1726
2576 3605
2845 4895
4418 950
1537 5552
4893 3952
3694 3286
4096 6122
5482 3058
1225 2619
3990 1771
4441 1598
4632 4638
4643 1387
3064 1466
186 826
5254 1559
5306 3202
3178 6295
4699 3938
3304 3542
3135 4561
2473 1567
1730 4442
5759 3209
1345 4118
3491 4736
327 2673
5920 1627
406 4051
6137 4927
2873 3453
5737 814
4960 5108
116 4778
5767 4985
4297 1014
4298 3785
3450 2360
954 3655
5241 2811
5061 3280
646 2821
429 1706
5941 5425
737 1685
3192 690
4178 2098
2783 4661
598 1721
4117 2354
5109 799
3411 5444
4954 1399
3083 5775
574 4779
777 586
4684 6239
2656 1748
2051 3471
1895 4628
597 2422
1531 2984
2082 621
730 4318
2806 3142
2977 3263
397 567
488 491
4840 2989
5677 1720
4615 1090
1867 1845
3585 1054
1444 311
3779 1169
5860 4494
5774 4595
3455 579
263 6071
6086 3215
5899 4125
3621 5818
2916 844
4532 5256
5747 911
844 3830
365 3476
4022 1100
3559 2491
702 1704
140 631
2318 2607
2796 4143
2363 3495
64 1811
2432 2719
3243 2761
1173 2415
187 5330
4637 4176
2588 4475
1216 3590
6152 6222
1969 6124
343 500
6160 3474
2484 5658
3659 2597
3777 5778
4133 2496
2179 4013
4617 3733
2143 5311
1141 3978
5431 5726
6191 3698
1507 4890
5950 3035
4420 3664
4487 4612
2742 801
5921 2940
4540 5162
3390 2515
211 1954
4535 4521
4436 3608
4597 1937
5547 1194
2835 1055
4283 1031
4474 5949
2584 3603
3287 3916
4048 3548
1888 1914
6186 5429
2906 4408
3842 3760
2451 1065
6001 1835
2422 4232
4642 1394
4731 4750
379 59
1760 3582
4534 2121
4028 11
5919 1800
3744 334
5265 5875
3578 5123
936 5249
2329 3646
247 2353
210 2499
4769 3523
36 1078
328 3611
873 3622
3570 3643
4924 3500
2064 3230
4901 3349
3128 4593
3336 672
3958 3282
2674 1690
6229 673
4884 3890
1196 656
4317 4112
5619 2974
5496 2451
1336 1080
2804 5380
6286 1231
5101 3083
1718 265
3546 1656
762 4354
1959 4596
1255 2474
3472 6123
2211 4576
857 1208
6012 2791
3410 95
4360 67
194 3268
4619 2694
3309 776
2976 6231
3611 1618
2646 5196
840 4854
5244 5875
3923 2754
4868 3354
4252 4988
3934 5525
2557 2550
2581 3365
2710 3503
5712 5788
3602 2721
1132 6174
769 4358
208 4879
3513 6217
1840 5833
2524 3023
3764 5420
1297 3001
2645 5819
3612 4198
4102 3760
3385 1669
5115 2877
764 3026
1505 3950
5675 3206
1202 1182
4826 5238
1587 3473
4800 902
3259 1603
3972 237
641 5131
24 4242
1347 616
3186 2492
2713 3489
5280 4181
3820 2316
3007 2458
6015 3662
4298 4751
3311 287
2569 2869
4662 4369
3328 5911
3111 1536
4163 2522
6325 2114
5792 3380
673 5949
3774 3707
3073 6108
1532 4811
784 4171
2093 246
6151 4614
3984 333
1772 1216
1906 2294
2874 1757
2716 5456
3177 3065
662 4428
1953 6189
3630 2216
5184 2379
1535 3529
4540 288
5244 3670
3715 3977
4237 2913
1042 1146
2190 3398
273 4860
2957 612
2627 4487
4352 3076
5775 1527
4842 5655
2453 3068
5747 452
1078 6095
3738 4763
2867 6054
5904 4653
1042 3005
1520 4439
554 2957
1317 3328
3258 1728
2701 3165
1283 5757
3364 5636
5815 788
5417 5229
2859 5333
6248 1145
4341 1846
4554 3696
5364 3448
3915 5356
563 3698
1787 5169
6338 3232
2571 3637
3710 3291
4184 844
182 2185
4456 685
2480 295
3431 669
5915 4244
3637 1320
4555 5735
1620 229
2909 1373
3483 1322
2328 3008
2820 1231
6349 3397
4343 5043
2493 2007
1341 732
3998 4709
6307 2131
2195 2158
2637 5069
315 1400
3867 1670
2862 1922
5801 1638
2264 1079
2326 135
2538 2459
293 2739
5420 5222
3324 5896
337 5634
1883 4238
1360 6000
2747 5121
5565 180
3538 1554
2168 5777
2480 6025
3049 5190
2793 2360
841 1849
4177 4500
372 1246
1340 852
903 126
2361 866
4071 1487
747 4096
1322 4037
4707 1057
328 850
6158 3473
2495 4077
5159 4048
6019 2940
3321 3434
5525 2777
6072 5506
2246 2250
5574 107
4257 3632
4290 3642
5622 963
1139 6313
1678 49
1870 5747
3838 5590
5590 6018
5995 49
2609 3919
996 178
2189 4678
99 5991
3083 3545
5295 1577
5810 6100
5656 3030
628 4597
3956 5308
5976 1941
4197 241
1631 5173
3175 2715
4225 6253
5694 2632
5694 1860
2910 1817
5818 4966
551 725
1170 4425
1546 1614
5676 579
2632 51
4883 5234
151 2132
5711 2884
2718 3800
2529 722
3275 5138
925 3538
5497 1036
6048 3463
4862 2280
4722 5617
2567 909
5361 1180
4955 5535
32 3093
3719 2686
3110 728
4068 1086
4535 2131
2453 1744
2472 3417
1714 593
2472 3773
4220 1451
2820 3273
1634 4081
1800 2066
2616 529
3770 5201
1430 3194
1300 2440
1738 1923
2355 6065
5233 999
4550 3688
4609 1438
4150 5660
4815 4332
71 1950
158 5348
4713 3935
3574 3739
3695 2847
1230 1029
5482 6292
3680 1925
4987 419
5596 5818
1626 1440
2420 462
4633 3104
865 3764
589 4581
5299 4414
5145 1172
2200 6315
2434 2657
4642 4474
3816 2320
80 4540
1973 1331
1988 4697
2468 2278
385 2915
2778 1934
1075 1003
3553 397
5365 473
296 713
2144 1398
877 1717
2886 1548
1298 5602
5079 5621
2941 177
892 1213
3516 273
2072 923
6192 122
3548 3458
811 4250
4765 3782
305 5828
1871 1887
3198 4768
1783 5233
876 1818
1577 3420
1634 818
5771 4245
2337 208
1784 5843
645 2272
3968 1073
740 3891
3565 19
3637 5818
4574 5720
1069 5257
2997 4428
6034 5515
6297 702
5450 1642
979 3245
5921 715
2507 3009
157 1357
3750 3051
3378 3200
1641 5778
2210 2562
318 2858
5575 6132
1209 42
5531 4198
5789 2501
4209 5431
3381 2934
1834 281
6323 74
1278 3824
6142 2372
550 4888
5582 148
5141 308
1012 32
5675 1069
812 1701
4390 2149
4758 3139
2815 523
2462 4481
1064 1366
3311 2414
2952 5583
2877 2834
5935 6071
520 3057
5978 575
285 84
1978 4211
4048 4782
4099 824
615 3703
2244 1560
2223 1350
3370 4783
4527 4870
2273 3952
651 3892
3330 615
5552 3903
4147 2948
5603 3791
1825 5994
3825 309
6247 5730
4143 5769
3789 946
5227 4365
3734 727
414 350
5707 5885
1476 3121
3048 5410
3631 3915
1130 4162
2683 6284
4416 1459
2485 4339
4058 5774
3893 5727
472 2289
2158 4392
236 5852
2130 1225
1152 6207
331 3172
4304 2611
2922 3942
3833 2150
3992 4336
1136 1272
27 5158
449 3268
894 4108
5121 491
2736 4644
5937 1781
4012 5677
6076 4430
5953 3464
4273 2624
3648 1747
4196 4996
6039 1736
4398 4241
2022 5168
2269 1878
6108 3710
2620 1145
6240 709
5975 367
2181 248
4436 306
1055 6283
480 1259
5857 2094
4807 807
1970 1724
4410 2296
6000 5865
5294 3490
4037 4289
501 2662
2497 3673
4458 2057
1561 386
3308 3724
1773 1117
4465 4344
659 5251
1474 522
1989 706
4110 3027
1905 5910
5287 1218
3201 5335
2252 3613
461 1429
3987 5665
2105 2419
2821 1901
5481 3144
1213 5214
703 3285
3600 4273
851 5436
5137 4142
4559 821
3429 2563
591 398
1068 1323
5336 2902
3335 2113
681 1193
4192 596
1129 127
4423 2714
2317 1876
1515 1800
3831 5955
2175 2170
5802 4263
3834 1124
5107 2913
3240 4274
2313 4711
3757 5875
6312 3879
4644 1751
4636 2586
3979 3998
4872 5941
2973 3808
14 5536
3463 5895
3091 1810
995 572
5807 1827
1688 6013
5897 896
1502 3197
4514 4111
2378 3846
1614 1722
5349 2454
2326 5157
3668 4168
3964 3492
4002 1934
915 3094
1228 1506
3851 4190
6135 1916
3315 5997
3268 5407
3639 3855
1214 4891
1422 3041
2250 4231
119 5575
1061 4865
402 4508
6199 4970
5693 6202
3127 3362
3881 2413
3485 1245
2098 4054
1742 2378
1952 20
3018 5563
501 2724
2026 1445
5066 5633
4166 5863
2793 5528
3877 113
1163 6169
3216 4069
4813 5806
2559 691
1918 3234
3072 1101
980 4579
2457 829
2305 2567
414 6331
578 2772
1336 2488
1040 1164
1642 2106
4061 4203
986 5805
4731 6284
6311 4396
2866 1691
5180 2193
5358 5213
3032 1935
614 5933
5732 5626
2377 3858
5700 1890
97 2208
5521 727
4346 5188
2807 5620
687 3510
4770 2557
2737 3606
214 2725
2502 3499
6298 5674
5075 4993
3910 898
1627 5373
1608 2969
3040 1644
2581 4709
228 3581
5126 8
329 1567
2673 2321
2769 754
4845 2365
438 1041
2076 5981
712 4774
1646 4967
4103 3153
1918 3611
5837 2719
118 1894
2347 708
4215 1868
1226 279
1212 4738
190 5019
3926 540
4766 4717
2677 5499
2345 6314
5128 3963
1536 379
2230 1900
2805 1574
5795 4633
1534 601
3245 6101
2181 3683
5303 6155
3244 4234
1638 2932
3861 890
1743 2893
4404 1098
1018 2476
3635 986
3075 3974
577 335
233 2061
6176 4775
4817 447
1930 3100
1749 497
5809 4265
147 5850
4660 5647
6141 1679
4988 26
129 1233
4736 4110
4462 3851
2938 3979
1571 2883
4719 974
5381 3224
2263 573
5718 1304
3876 5984
4030 6181
2491 4715
2199 1949
2003 2445
1409 3661
1965 2379
1007 1267
5437 2781
4756 2082
4996 4304
5399 6170
427 3046
2500 5788
747 6000
4284 5865
479 4771
2971 3298
2356 3485
4963 770
4151 2130
975 5998
3644 29
555 1472
34 2475
3775 3634
2075 5579
2876 1115
5251 6003
6011 2177
4195 5509
2783 1982
1436 1297
6294 4156
1072 5279
6273 5988
6081 64
5446 5190
2821 2631
3478 3947
647 2955
3375 3574
6170 5852
6152 4526
4917 2210
1148 4452
5099 3846
4695 1292
1322 2347
5697 1842
4820 2032
1163 6077
5928 5116
1637 5803
6109 486
5147 6130
3722 4707
600 586
393 464
4034 731
2767 3729
822 2486
375 3587
1918 5515
1533 4882
370 6327
4106 1383
2264 344
3693 546
4756 1275
2469 6113
6268 3475
3025 1493
5760 345
1310 4483
842 5731
5805 2990
5578 3741
1468 6311
6088 3117
3040 2537
2073 6223
2507 5801
3815 2147
240 2604
3478 6077
1848 964
2652 2314
1876 991
5105 3507
5864 713
1049 1396
4621 5171
1978 1342
6032 6005
3789 6301
1520 3374
2135 424
128 898
3530 4272
1070 4744
1277 5100
1536 6160
2330 2613
195 4622
3351 1876
234 577
568 403
4733 904
1406 2688
5070 120
2947 1635
1432 4884
3216 2079
5299 886
2106 2832
2728 745
517 2622
4704 2955
2286 1979
2986 796
3546 2735
895 4967
137 6203
4274 2163
3030 935
3270 2682
5083 1970
3446 4697
2254 5678
5935 4094
5567 3862
1475 4512
5766 3256
4812 2016
6276 5416
5415 6136
4441 4983
5598 2870
2660 4904
14 495
1301 457
1299 4676
3299 4519
425 6178
2619 67
2817 5189
2939 632
3494 2275
665 2140
1227 4452
3614 4191
3132 2647
4692 2510
549 5834
3080 3342
5556 546
2236 131
2300 3912
6201 5558
621 3452
4192 5885
4309 4492
2938 5089
3825 3554
3812 3602
800 4505
913 1789
2122 4967
5708 1723
1599 3022
3414 4835
5170 4440
287 2039
4313 4459
2433 1056
1569 6344
3930 1681
3649 1708
6321 1690
2544 3303
6027 5521
3013 449
1439 735
4893 3889
1001 591
1342 5457
405 1082
1042 6349
4498 4297
6150 884
6017 4123
3583 4610
5837 410
4014 499
1127 1585
319 2203
4083 1677
2590 1091
4669 887
5836 3136
5973 5653
2470 367
2747 4278
5400 39
5098 6240
4714 4505
5561 833
3605 2726
1152 4510
1642 2651
3057 2492
1871 3486
5495 3031
1363 1396
4352 118
6302 6091
2328 5301
6173 5493
5686 446
5564 455
4695 6332
3331 1826
1379 520
5692 3789
4614 1146
2266 5077
1742 1305
2859 591
5394 3780
5230 2488
962 5678
543 3817
2049 5350
780 1458
1444 4084
2301 1235
829 5419
3185 4329
1199 1925
2838 4919
1543 4161
409 2967
985 5390
2530 1807
3323 3203
5723 5590
5703 5940
2062 3796
4411 2055
437 3677
878 184
257 3535
6165 611
4401 4937
85 1046
4522 3839
4887 4299
1032 2017
757 2010
1099 5050
6318 2050
4035 6060
5615 612
2900 1160
5989 237
3397 100
220 2628
4646 3383
5963 4751
678 730
4680 4695
658 3103
2591 4788
6278 3723
5522 3667
6281 4679
4827 5884
5457 4823
6220 5912
4986 3926
1964 3167
74 2091
1556 2597
2279 4764
3423 5586
6011 5648
2064 4401
713 321
2871 1018
4238 5223
1107 5
4537 1298
5500 1447
725 5443
2610 325
3527 5605
4414 5627
2820 1019
402 2095
820 6275
3498 297
6283 5859
1268 14
1104 1906
3411 2447
4989 3328
3732 5181
3708 4715
3119 5731
1791 1685
2148 4252
3816 1773
1899 5132
4703 2351
2235 3456
617 4639
3529 5024
3114 1594
4880 3215
4247 4132
5509 4537
5992 1740
5047 4468
5555 3716
1585 3622
526 128
108 6126
1608 1233
2979 4650
5391 2395
110 5886
3301 4750
653 5668
2030 989
5553 640
1200 5987
4317 2400
814 1658
3167 2648
5180 3820
4242 3557
1481 3647
5376 2164
3042 838
2388 3164
2004 3657
2223 2488
708 3251
1939 922
3701 4885
4946 826
6080 1538
2916 5289
4008 8
4666 2749
4338 4256
4531 3295
4869 418
5018 5004
4063 2754
3171 72
4909 711
2184 4125
2434 1337
4371 6021
3783 4646
4856 5054
1188 5105
1022 5382
1328 793
4106 495
340 4767
1522 481
5957 193
5222 2819
2678 5750
2011 2600
1777 1388
1843 2555
927 4749
6181 4544
4391 254
3431 6043
4428 5165
4672 922
4552 5140
5365 2742
3369 6329
3408 2693
5051 3785
5605 5883
4974 1369
3934 5996
5504 3189
5611 1899
5483 2671
390 2758
185 1322
2169 1718
4667 2396
2465 3000
3023 1554
5567 6199
3869 1749
3008 2170
3031 3856
4251 3491
616 153
4253 3811
5124 1783
4178 190
1439 2484
244 2134
5963 42
3807 2970
2455 1619
3525 3100
3780 1017
1282 3910
4698 2894
487 1921
288 2139
3986 2315
5410 185
4065 3112
639 3406
3129 629
512 76
3849 3019
3376 4059
1891 6092
3200 3804
2093 3407
2180 1064
5069 1854
1912 5479
3029 1779
194 535
361 3215
5464 4358
528 4379
4683 4747
4565 426
3565 5490
4933 3225
3463 2032
5069 1549
2867 2975
6044 4655
2265 4405
2161 917
1388 377
111 722
3394 852
5408 762
4582 6213
1725 3327
4876 4501
3956 3184
3991 4238
3074 2351
3397 4833
4693 1612
207 4176
4683 3556
2724 5748
5456 427
1628 4804
619 4681
3601 444
1021 58
4837 3280
5613 417
1782 4887
4373 5724
5293 1320
1618 5816
2535 5766
3741 2397
2068 382
4190 4052
4139 678
271 5370
3584 3066
1870 6023
2947 429
1250 5704
4955 1772
1485 5836
4788 294
3769 4409
506 2452
5913 481
1873 763
2005 587
2343 411
554 1204
6082 3264
2001 4047
3036 5734
6169 6024
517 2384
4970 5489
3678 1302
6098 4259
1279 3198
5549 5267
5188 1032
3078 3489
2665 1375
3096 3127
3438 3241
4456 21
5899 5437
61 1136
85 3709
831 1053
5115 4138
679 2868
4885 3190
2054 3926
4652 4548
4038 2317
2234 5705
1194 1695
2391 5892
2873 1370
748 2790
2813 1437
4549 1929
4760 380
2597 5124
4521 1492
1079 5281
573 1598
1382 1001
2853 3948
161 5124
3419 1287
224 4482
4962 4534
3887 2937
1686 5039
845 674
4948 4762
1237 3146
5200 899
1243 3127
5922 552
2684 4558
1106 4172
2572 1038
3444 3049
1358 1766
2855 2410
112 4043
4840 2072
1682 5068
4388 5301
2575 6172
1760 642
5045 2169
2428 5235
1791 3707
5140 4370
1657 3828
4636 5394
4458 1810
467 4208
6048 1304
2959 5767
5063 4724
863 1872
5786 6202
5236 6171
2214 1393
86 1008
3784 2763
2525 3806
606 1647
6159 2617
1791 4755
1143 2306
4230 4788
465 2626
5851 174
3233 431
677 6178
3892 2077
321 3092
4250 4841
1955 5165
2880 378
2962 755
2989 6023
5812 3061
4787 1339
4060 2278
2569 1878
4329 6183
4161 1571
4448 6208
1471 4836
2870 973
6197 2845
4992 2181
5118 358
2719 5258
5340 5527
4272 5221
2533 3498
3702 3967
3223 843
913 1405
5321 1072
2129 2371
4619 4421
5858 6102
20 1676
4475 33
5085 250
3382 6203
4455 3738
2684 3110
1313 429
1818 5877
3310 837
4362 2606
4624 3884
5526 4254
5357 3302
849 1611
5292 4111
2849 4339
219 4009
1919 4735
3305 5355
2782 1343
2837 3042
6082 2553
183 1523
1098 2992
693 3058
4275 317
1340 4630
5841 3954
2590 1450
5118 6319
6049 3891
3059 3517
1234 670
2097 4411
298 3176
4306 2012
5413 2152
3465 1996
665 4055
624 1071
2142 5507
3811 1706
881 5217
633 559
1974 5674
4671 5821
6013 5973
4132 1236
4649 4714
3375 1802
1614 1452
5131 4929
3692 5778
1026 4367
474 2571
5948 2676
940 52
143 503
5247 5468
3626 4477
4211 839
5660 4309
167 4559
1792 500
1344 5221
4747 801
1154 1562
1885 3615
468 1317
29 2965
136 1342
2125 5403
4945 1737
441 2857
2481 2179
701 869
4306 166
1162 2584
3207 3620
1641 4093
647 2254
733 4852
4152 911
3266 2672
3920 3099
5188 3933
3468 3645
1612 4019
4161 1692
4280 2854
4539 6299
2189 1812
5726 1198
17 470
5816 5477
380 4619
1609 5261
3254 5762
35 1824
3029 5244
2048 2824
1091 2419
3355 1074
1904 1390
5041 2472
122 3729
4899 1415
324 3424
4623 742
3854 4919
1675 4292
5472 1401
2865 1212
575 5056
4199 3701
1801 3580
2868 1513
3514 5644
4353 974
5670 1924
5938 2149
1577 5101
2706 4894
5167 2300
5353 1891
1838 1465
2667 3021
3101 2924
2750 2579
2179 4066
2807 238
1559 5941
3597 5023
1857 4413
2038 2568
4510 5841
2295 4654
5264 237
801 6160
4769 4021
2128 1332
568 2891
164 3502
4938 2254
3077 4947
1300 2311
2822 4802
4032 5343
3748 5527
3367 1124
1843 5979
5545 2870
1952 4151
1669 5368
990 4546
2914 3315
3148 5433
3731 6194
4535 3852
3411 5411
2591 4695
5738 4053
3556 2634
3184 4874
302 397
5332 1994
4445 5497
126 3275
3202 6066
4575 2714
2565 1264
2811 1261
3653 1928
4076 1943
1158 3966
3319 2347
535 2916
5162 3506
466 4959
3126 702
4955 5435
2746 5248
3005 3081
2840 493
1518 5556
1606 2497
1155 3316
443 5721
492 592
3586 4227
1365 255
3674 3171
3871 2585
6081 3379
4173 1976
2041 3360
3955 5802
2511 2342
2006 5334
2422 6115
2405 5495
5449 2036
6293 1927
3803 2201
2887 464
4657 314
2367 5825
5821 1220
6247 3975
6021 2299
5027 3392
2257 4939
963 6289
205 4084
3158 353
4133 2536
3266 4628
1573 2330
2301 6228
347 535
1024 4617
4051 545
2419 207
4173 5075
891 4796
2726 6199
5409 1533
2436 4912
3121 3676
4191 661
1576 4261
1352 3913
4007 3576
1980 5226
1891 304
1054 5109
2718 978
1309 1271
1673 1972
3967 1325
5748 240
5939 5832
3465 2043
4085 4186
919 4545
5793 3596
3343 2364
2827 3208
4731 5533
1158 3143
5130 2202
5773 2778
4098 2163
4277 4011
2509 5647
1244 5231
4129 2267
1475 1565
3193 2233
841 1741
5048 5918
1588 4636
5447 520
4270 2626
5058 4628
1448 1730
2245 2346
2371 4872
4910 40
3030 498
1289 3921
226 3717
4718 6333
3 5010
4921 3240
5720 3725
3804 2417
3298 5930
2460 6172
1351 4850
136 4716
4533 4692
2082 6162
161 2955
2214 5811
5992 4436
3405 2523
3616 4766
2217 3979
6303 3240
1884 2128
3238 796
5027 3213
5624 473
4688 3392
5829 5620
986 3425
4590 889
4581 3947
4153 6270
5557 1960
2511 2703
5263 1696
4584 2617
5692 5448
2922 1555
3582 737
4340 5711
4784 1607
6157 5765
3171 3745
601 4454
916 2265
3365 3307
482 4015
5698 5246
391 949
3359 5144
707 3139
1840 4067
879 317
4943 5751
2802 3048
3683 4870
2787 4863
4310 6015
5041 5740
6058 2634
88 4432
450 2876
3866 626
540 955
1586 2693
389 4838
1599 3490
1575 149
901 3929
5052 3465
3558 1861
4156 233
3792 3682
4986 5557
5565 3962
3637 3126
3711 1831
5224 1613
6011 1302
172 1732
432 1278
370 886
387 1779
42 2928
6232 4988
813 3056
3276 1129
1102 5719
5046 5392
22 5342
4198 4194
5026 5606
6105 4112
512 1277
6337 89
1715 249
3146 750
1685 691
1410 3391
3500 4850
4304 2423
2337 600
4229 1061
3674 2053
5534 3925
1412 1409
4022 165
3277 2085
1346 647
6002 43
3374 2770
2907 1938
3563 1126
1649 2382
3492 37
3078 5124
6101 6127
68 1639
2744 776
3242 2556
6320 3623
5154 1980
4134 874
5282 5741
167 1647
3834 660
3971 1872
5089 3489
2469 698
1703 3206
3506 1463
5682 655
63 3206
2535 3405
3670 3902
1655 2691
4190 4475
1926 4608
926 6198
1327 3179
2639 5580
612 4339
2288 5847
4954 2995
5493 779
1283 4752
3570 1121
5499 5553
3131 2045
717 4656
2293 1761
1934 5972
2402 4258
5478 105
5048 105
269 5077
5879 5504
3595 438
3572 5169
6059 3521
1769 5812
867 5845
2233 4950
3010 1912
1386 1818
3389 2355
5906 3484
1929 3368
3572 6225
1551 1041
1967 4138
4701 2261
986 3648
94 2295
3451 483
3105 1759
4955 3944
4099 479
1693 3811
1577 4010
2352 4766
1624 712
1718 5763
943 383
4350 5289
5398 1675
1082 4264
3813 5294
5233 2387
3191 6142
1924 6294
3982 699
1860 3913
2961 4900
1274 1481
4181 657
3253 5412
4881 3970
5854 1166
3338 5787
1156 3789
2504 5198
375 5543
1210 3139
887 5639
2912 98
4683 2901
3993 5291
5954 1145
3855 1230
361 5749
6340 4375
4788 2642
2688 31
396 3260
3016 4539
1419 3802
5299 5990
2141 5817
2554 50
2165 4201
937 1185
3924 1658
5099 5006
1565 260
1183 907
4185 2348
4271 16
5970 5419
2598 3222
2577 4811
3859 5649
4437 3604
330 592
4983 1687
3444 4326
385 3829
4272 5645
2327 246
4267 5945
3238 4379
4470 3320
5444 2819
1636 2429
6045 2640
3780 1880
993 2562
2911 1278
2331 1093
2327 5003
1179 5701
2958 3144
5207 5487
2570 4113
3748 5795
1644 5979
449 5739
2761 4158
2654 5764
1138 4812
199 525
5300 4825
2844 3575
5872 4844
5802 3682
1767 3545
6323 1846
5496 2465
729 3606
5872 4860
2197 4005
1028 4626
302 3085
3974 6299
4876 1823
5895 1400
1604 386
1806 3973
5952 1575
3896 4020
6070 2983
4295 1061
6178 2016
3821 2534
5670 507
4131 300
1460 6322
3006 4746
4494 3915
1441 4651
543 1016
5951 528
2901 4644
1801 939
3044 3600
3385 3019
705 823
1448 6169
3990 1180
1190 3746
2966 338
5302 5100
4712 4611
3345 4677
6000 2782
2164 1262
2949 3966
594 3339
3145 5729
434 1452
5592 1175
4976 2712
3511 2369
4596 3264
1667 5980
4180 6297
840 364
3852 3296
3618 4179
1253 1030
2522 2092
2403 4808
4566 3898
2479 5168
603 4400
5728 4216
4538 2716
2867 2123
1826 2945
188 2153
6346 2670
4752 3922
3116 3705
4536 3155
2098 3911
6217 2453
4249 4605
3083 2153
951 627
10 289
1253 3728
2734 4914
1256 3517
1320 561
6247 3826
270 2918
5931 1899
2702 4729
5460 1923
1086 4264
6265 4036
751 4747
5997 3586
6187 4625
761 999
4950 5157
1516 6037
470 2806
4418 123
2882 3244
1731 2368
1001 5427
1643 1689
1969 2086
5335 4369
1821 459
6204 5673
289 6147
1041 2483
1484 3821
4654 3677
1313 2301
5148 5106
864 3726
2916 5731
3322 1735
2563 1983
4357 4530
2124 6319
5473 3794
5550 3432
4287 2206
64 5221
5072 2610
5766 4146
5850 5561
29 4913
5012 2055
1734 3841
342 2577
5206 715
1359 202
2802 2532
3598 5967
2144 215
747 5398
3248 3165
334 2731
599 329
3450 2923
5284 5843
882 1120
336 1791
5629 859
4262 4013
3429 5186
4197 127
818 5359
1120 4180
4903 1699
6242 6089
4706 3190
3436 1600
1596 4228
2737 2377
3646 2307
155 1859
5328 5567
3865 1680
2071 506
3052 6188
1338 871
689 83
4233 5452
4327 54
1665 188
5286 1636
4900 3479
3766 5050
4961 5675
3904 91
4712 6287
2591 1276
2322 776
5285 3847
3272 510
5958 5356
318 5965
644 1768
6097 951
2602 3698
1947 1430
4943 1080
5804 5145
5209 148
6208 1582
4408 4461
4546 2034
4775 1655
1408 3272
2628 1999
182 4089
1741 3745
3154 216
4871 1542
847 1808
3512 2073
1839 2127
1649 5253
4271 3857
1567 1854
97 1973
5397 3567
1851 2988
185 4645
4812 3315
1417 6029
3563 1926
1503 6350
4862 5740
3538 3745
2861 3955
683 5869
3778 5249
6155 465
4678 1025
6342 525
2183 1938
3089 2134
2690 6190
4287 5059
5814 2571
446 6218
4413 6225
412 477
4049 1689
2435 4531
1702 1774
2360 5523
1911 3690
2599 2389
6227 2056
1133 2898
2075 1500
3692 154
3958 2459
5376 5906
216 1742
1034 1301
4851 2938
5881 3476
938 3719
6002 3519
309 2166
4514 2542
2714 2527
1361 3020
3002 1703
985 3922
3354 3291
3222 1845
2243 3124
1115 4471
1274 3267
2200 3736
2380 294
2614 4492
3122 1288
5430 5099
4099 4776
3387 5742
3314 3614
3874 330
2068 1418
2338 4494
1318 774
1866 1979
4977 2572
445 1591
4269 5775
4669 3151
2679 1336
171 1135
5979 1887
3917 561
4423 2394
5263 4130
1723 1663
4797 5636
2431 4016
1750 321
297 694
3406 2218
157 909
1089 970
3163 6001
1425 2928
3600 5214
2696 3773
1142 3651
341 3373
1079 5275
1569 504
2525 4394
3081 3326
1150 689
760 441
4896 3342
4072 1784
55 4751
3374 1305
3285 5887
5589 4890
3047 1360
5268 1784
6050 1962
3421 929
3983 4673
1052 290
2189 278
6191 4289
4145 605
2630 5311
5979 4574
3567 3114
4383 1116
4612 3156
3335 2921
4338 5946
3233 3265
3086 1122
5460 5874
1996 1821
2102 4165
1778 3927
1591 5379
4945 1499
6087 5308
5900 3353
4205 2580
1111 3781
1518 2377
756 970
5341 4536
3988 4137
5865 1121
1720 4361
2099 176
4767 6230
5565 1514
625 1073
2713 4475
3655 2687
1956 3136
5505 2818
5741 4222
1225 3221
5770 5388
1435 4513
3211 636
5036 1021
6095 3052
3874 4157
2769 882
2844 1257
3578 1249
872 2760
1044 6088
4841 5581
2659 5375
4269 1834
2282 3300
298 3946
4997 6161
5055 4793
1451 1260
2251 3609
3961 5593
126 1398
3269 1422
763 2441
2213 5899
403 6118
6064 4781
6056 2618
4819 5584
4041 6283
4716 4141
5994 136
6199 5737
314 4463
5861 3241
1997 3742
5661 1949
5825 4687
3480 1568
6331 4268
2383 1725
4413 2330
2106 5014
1991 1554
2605 238
5992 953
1555 3456
66 1599
4748 2308
4233 1259
1127 332
1751 1729
3828 514
2334 1242
3555 4708
6226 2493
5743 6313
5506 2737
2237 2300
2095 2815
6323 2144
747 2101
6145 1966
1640 4253
3279 4316
797 221
3161 239
1669 3993
1134 968
2746 508
2542 1438
2727 2756
4541 1896
6286 428
4449 1517
3733 1038
4478 388
3169 1444
411 5064
4028 4634
1669 3471
1299 2767
134 4587
3824 1003
6309 3797
3885 3115
4179 4086
4721 716
1612 5621
6326 1887
972 1390
3836 3449
4582 5119
5396 753
2292 4801
545 2485
4892 3012
2192 2476
2639 1626
1093 1977
480 2520
5440 2392
2 2672
6261 6050
2304 4232
1632 422
4972 5970
1838 4474
1633 3427
5772 2438
2546 1178
2253 4532
1709 2536
2516 4092
2588 1761
3433 2155
1895 1785
2237 1335
4496 463
3640 3024
2640 4264
2277 3022
4221 5212
6306 2375
2264 3522
5248 5549
3643 3440
1492 6037
1279 3457
1753 4480
1603 3324
3941 5615
1159 726
3805 2534
5874 1260
1060 2789
2059 3152
4851 6206
3878 82
2309 565
1850 5551
3400 674
5475 4498
1002 6307
3931 6245
735 2926
1254 3843
4517 5562
1714 1621
4723 1200
6038 1420
4103 5352
3221 2511
3185 5775
2259 115
3595 6228
1640 4064
3077 728
5381 3220
613 1870
2823 4194
3989 6097
1954 4940
6278 4254
2493 5494
5041 1151
6060 1213
4678 3830
2401 4467
4898 1708
3799 4112
785 2194
5787 3126
1795 348
2314 2564
1117 1623
6006 5185
3806 254
86 824
1474 5974
6350 77
5505 3856
2573 4666
192 1338
1458 1102
530 4201
46 2526
6190 1191
5456 220
63 2752
4433 2027
5317 5573
6047 6067
485 5880
2641 3301
2421 1620
4850 2350
1177 4888
4860 1811
4084 2877
5010 1477
3096 3909
468 3916
2252 12
5981 5138
4828 6193
1235 4583
2849 682
2111 3527
2256 3703
969 3441
3310 479
744 5666
650 4517
603 1307
2910 1450
5416 4962
5142 3721
2879 310
1221 832
6209 5758
1430 1223
3474 623
4638 4578
5709 5029
3191 2878
2163 705
6028 750
4324 3823
2722 956
277 6308
3954 1294
396 6004
1480 5706
2580 5346
1853 4216
4269 5295
2166 1955
6165 6035
4236 5506
4043 2578
2411 5871
5151 4585
5706 1050
4249 869
3064 1371
4141 2213
4881 884
5576 5794
4757 1121
1311 899
3749 5378
2789 3793
1724 2191
2182 1846
1270 3861
2864 919
5328 5189
5556 1700
1870 686
2814 1644
3075 948
48 1712
4087 3121
483 307
896 6111
360 5485
252 5987
1393 2688
1478 5197
760 5366
4620 3428
5626 2328
574 1389
5340 4273
4152 6210
598 5266
4903 4288
5441 3402
1376 712
4159 1184
2787 3706
6209 3507
3720 2988
5181 89
615 74
2526 5953
5064 4022
4935 3567
2859 5956
5952 2910
2065 3885
6145 103
698 4594
2680 5871
383 4008
4276 2100
5120 1266
2020 3801
5283 6063
5344 4011
664 1761
3678 2436
624 5728
1219 832
5315 5309
203 5966
584 3024
5744 1034
4675 5293
1624 4311
3245 2773
4033 377
4774 3803
3681 3814
930 2293
4676 5385
1103 317
2743 2281
2449 6246
5338 695
253 4643
5881 1445
189 2386
1965 4417
6163 339
3117 3694
5733 3461
4895 2187
4754 4125
1055 3385
4368 332
2732 4859
2620 1218
751 807
3149 6215
4243 1021
153 3595
5643 584
5555 3181
527 2052
3050 2960
1175 4381
882 5863
5316 2196
4680 1736
2192 4279
2848 1639
6273 4742
4595 6098
2627 1913
1857 920
4727 186
1141 4273
2865 933
5533 2031
537 3965
4625 3846
5313 2178
2815 3348
296 6228
4958 1394
5576 5484
3123 22
4741 2993
2370 2992
6042 3000
1451 5795
4026 2946
5453 5911
614 716
4101 1094
467 4574
4469 1816
126 2507
4610 5822
5582 3725
1062 3795
3803 1378
2752 5680
436 1453
5371 5173
1384 45
5097 4690
147 3466
4026 4293
4472 4188
2236 4857
2209 2222
1553 5490
3282 1793
3445 3162
2011 528
1273 5683
2085 5329
1694 595
2825 881
0 4451
267 6282
2524 1283
2558 2850
2128 4402
2226 6131
5624 4557
3398 2679
1950 4481
3343 478
4822 5717
4780 3217
6303 2751
2163 4882
485 1368
369 252
2271 983
1250 3445
1607 3008
4071 779
6323 1851
3072 3592
2453 5730
2000 5991
5768 3462
5283 3208
4875 1443
1058 5792
4190 809
1960 1573
1776 1435
4951 4659
1143 3094
2704 4023
1232 3210
2892 1239
5245 1889
4653 2624
56 536
4453 511
3004 4491
5298 5974
2805 2088
2509 1222
5637 6078
4198 347
3290 301
5211 1550
4098 19
1359 1524
3969 1721
2366 5791
906 812
2136 5761
3362 3475
5795 5376
1338 743
327 4075
3695 2711
2615 454
639 2393
4601 4466
3031 1772
3265 6254
445 1632
2639 4450
6006 2335
2052 846
1557 2230
5651 4563
4862 1473
5243 1408
205 500
1090 3271
2616 1306
6322 4586
644 3499
1092 4486
4283 3364
3110 3472
5430 4108
3641 2743
2240 5307
4533 607
836 1479
2076 1323
4884 11
2418 972
955 357
2057 3478
719 1625
1165 4580
4489 2866
927 1402
3888 5514
6131 5994
1257 3831
1258 6009
1349 5541
768 2720
5114 2096
3443 3019
1936 5750
1694 2609
3421 2344
753 3524
1723 1356
3085 5936
115 5947
4157 4307
494 210
468 5199
52 2391
2574 3407
5533 136
5428 4037
4989 6329
4130 4240
5917 606
163 6004
3039 4244
5983 1335
5208 670
4518 839
6217 5376
2459 3752
5604 2002
4024 5437
805 3628
445 6212
5933 2577
3593 4664
1462 2277
5310 6057
3820 4730
3559 920
4200 6335
3250 4701
399 3451
5566 3747
3197 2358
1571 3231
445 857
4520 5604
1875 1048
1423 2892
2376 2723
4698 4406
5800 4223
3741 5946
762 256
0 5163
1168 2971
1579 5379
623 5967
729 5117
6280 444
1279 3847
3775 1675
90 4900
6253 5664
1678 2603
239 6045
479 2337
5153 1530
1011 926
656 3827
1525 3668
5255 4588
2031 849
296 4446
5543 5419
837 3237
2653 2953
2772 5430
2997 3785
1571 6294
1961 643
1161 2483
954 4482
38 4195
2021 1627
4864 2345
6001 5394
3296 281
3860 1082
5564 3122
1719 5409
4336 230
2262 6303
2704 2932
1090 2564
3124 5183
4321 5546
2217 3183
2238 3532
2699 896
5791 4473
844 4614
2545 5459
1841 4469
2779 2083
2196 4316
3226 3974
2471 2965
519 4794
2271 4744
1346 860
2700 2417
6250 2916
5483 6064
104 5177
5035 2943
1842 6037
3146 2134
6093 3437
1253 2203
5508 5576
1286 6166
4706 663
6270 5495
315 1470
5507 1039
5901 3431
5785 3438
1604 4569
1875 3519
95 2626
5538 4560
6129 3189
2144 4572
4949 1133
1762 4974
1529 2975
4232 5812
855 928
1509 990
5399 811
5673 3515
3389 5769
2823 3507
5946 1992
587 5296
3460 4650
3306 3825
3475 777
629 6317
3166 2921
3017 3692
454 5256
4866 4378
450 536
3514 3952
5281 5535
2553 5062
2334 6112
3047 4116
1383 700
4502 875
2403 3264
3816 2643
225 5136
3005 622
340 291
4668 4260
4233 3990
4442 2231
2415 6084
4566 2604
2613 821
59 1056
4635 4911
3634 6127
2808 3759
3244 3418
3456 2127
5052 2902
4352 2948
1374 2571
339 2802
5086 1285
2630 488
978 4482
6298 54
1428 3380
4561 1896
828 6
672 1876
4760 1201
1701 1907
1940 555
854 5172
349 359
4335 1773
1343 3445
5624 1205
191 953
6293 4037
4790 1644
3497 2933
4657 232
76 3679
751 13
4388 6269
1829 4528
1158 4832
4899 4722
2270 5748
4206 2996
3713 5875
4656 4854
5341 4490
5221 586
2663 4524
130 3406
5698 3235
2540 3113
6193 2363
313 704
723 285
1764 4061
4149 4618
724 817
5217 2421
3683 4170
4699 654
4645 4296
3771 6321
1971 1788
2001 2884
261 3321
2759 4290
2467 1045
2681 3044
5557 1577
2337 1991
266 294
3210 1268
3192 2109
2655 5601
1051 5091
4916 1207
6071 1642
5618 2095
3712 1519
3754 2394
2699 1267
1404 4844
5652 4490
5179 4931
4856 2485
981 5542
5890 2003
3367 441
1746 2545
4728 900
6004 1035
5691 3870
1089 3629
5687 5186
78 2428
2079 2927
1187 6062
380 2574
5267 3930
2375 4953
3711 3893
367 4346
2671 2295
3177 3992
5308 3502
3143 4079
3878 4869
3684 6237
3257 1398
5725 4941
72 4695
4315 5023
797 5685
427 3263
3230 4053
5122 2990
5770 2485
3785 378
293 3477
2037 4467
3205 1139
4120 2302
393 3589
348 1162
81 4151
1409 4868
2630 3062
2312 1488
213 4553
3888 5061
2133 4031
355 4592
2830 2579
1450 3190
3727 4393
3384 1292
3010 6166
5221 1960
4918 1241
2790 5037
2399 1250
4165 5297
3917 1737
996 1314
3319 3946
1963 714
741 2658
2161 5544
5198 2565
1672 1030
3575 2025
6183 1505
3739 1835
3995 2406
586 3612
3141 1308
497 496
2913 4335
4159 2173
5568 5900
6003 5717
3839 1110
5089 1398
5193 745
742 1195
1580 3691
865 2373
1759 2313
5411 5383
1827 2836
2777 3426
2089 2278
6236 255
789 1393
5999 3922
4478 6036
5791 5874
2557 2998
1935 997
5571 691
3478 4903
1149 5174
3300 3973
4408 120
320 3825
1632 5406
5577 4246
4026 4419
2819 1468
508 4729
1182 5878
5754 703
3151 4639
1441 1220
1107 156
4713 1820
2514 924
2500 2615
3064 5480
3266 575
2587 673
424 5237
4874 102
665 2226
6216 1680
4348 1728
3718 4313
476 678
61 4184
4647 4688
4140 458
258 2581
2469 5591
539 4290
1516 1946
6113 1125
822 4772
3669 2463
5432 3648
1026 702
5881 2965
184 5304
4443 2780
2889 948
130 1893
1410 3622
1109 133
395 2968
5056 594
1616 1289
5410 1704
4563 466
830 3883
4750 2613
3878 4691
809 751
4379 4765
1635 774
5112 4420
5512 736
878 2165
5593 5818
1151 2308
5363 4401
218 3790
2155 6185
5005 1344
6332 438
1753 309
4417 2549
2619 1758
4837 4109
3301 497
1448 4181
1478 5424
4452 4281
1113 1275
4254 4658
28 2739
6207 6295
2171 5724
3900 2899
4641 312
1489 4868
5793 3045
4308 5367
4657 3790
5179 6010
2848 4499
2812 1490
3025 2885
3429 5070
3226 3534
5882 963
3565 2343
517 5788
1277 3815
6116 1583
3999 4523
6249 5830
4807 4966
1137 4641
1542 3797
3630 4503
821 1438
5202 1469
3351 2980
6163 3980
942 4511
3482 641
1361 1247
3914 2951
2596 2953
3184 5004
1053 5730
5870 1992
2393 862
1434 6235
5305 3631
769 3405
4747 139
4940 1047
5020 117
5655 4331
2565 3304
655 5869
2837 4101
2443 941
6104 2800
4201 1544
2729 4182
1652 3578
3238 75
169 948
3987 1176
2404 418
2095 5498
3168 1768
2854 6029
4383 4349
4621 1512
215 512
3105 1434
5418 5216
1589 188
3160 1084
602 3740
4907 3095
3869 1235
384 1911
4323 5321
4632 5000
478 738
2915 5381
3705 1951
642 1109
5512 5898
4886 5065
4497 537
5713 2151
5595 2090
715 2950
1558 3234
5116 1498
1597 2858
2741 1610
1551 6217
4750 1431
557 5001
5068 2100
22 342
2762 4154
2083 5199
5217 3621
523 2638
3523 711
2889 2236
827 1167
798 498
5084 3531
6190 644
783 1131
583 3171
2578 2377
5601 4110
585 6142
774 1000
6053 4539
4864 2070
6022 710
2001 2084
79 745
2014 5689
1076 5372
4351 5074
1019 3755
5245 1731
5987 6281
1736 3432
3362 4650
6076 1137
2629 4302
6133 5597
2090 6038
5134 3767
5705 3712
1806 1764
6084 5487
4563 2625
5348 2502
876 5177
3079 2248
1699 912
4369 6225
1833 172
3034 4926
1991 1220
697 1484
3048 2877
4357 616
6046 1131
1163 4347
3036 5034
892 3953
3409 6287
1063 5344
3176 4017
5561 1874
581 1609
4579 46
3891 3020
390 1861
4276 3996
4158 2983
5152 2056
339 5171
2006 422
2894 4801
3589 1406
1987 6175
6031 1933
3881 3623
447 5862
3163 6096
1273 6031
658 2724
1685 4191
6047 1464
2919 6023
5095 988
2303 890
3047 733
4380 4002
3826 47
4116 5468
62 1508
1341 580
748 3956
2670 5948
4775 1977
2500 4154
2673 2435
1281 4989
1192 2030
4952 2456
1803 4069
4159 2262
2577 3602
5319 2994
1870 214
5409 4095
1394 3828
2111 1307
5032 3025
1817 5002
3614 1805
3061 1539
1132 1771
2920 2610
1786 4809
2725 2733
4218 790
4039 3981
3834 2075
5686 487
4588 2841
3832 4105
4694 1330
3312 3277
2352 1302
4110 3830
2242 2038
802 4203
2588 3313
6210 3118
4087 6264
5519 1315
2676 1945
2744 6277
3926 1702
6138 2650
543 2642
653 1602
5370 4609
1 3067
1128 5279
1030 373
2388 4789
5220 6310
1267 5480
3741 809
5716 591
2644 4892
4196 4710
2713 3023
1304 4144
3468 4170
3255 1416
1463 3069
345 3557
2345 461
4725 5070
2675 2244
270 913
3417 5060
3392 1767
4954 2235
713 4384
332 4205
3450 4719
5933 1675
282 296
3376 583
2251 5048
4978 1460
3949 5218
5127 3334
4326 5430
1131 1804
4079 3965
1263 3742
3365 2029
5515 453
256 4686
6148 6259
1633 3006
284 3313
5986 3896
3372 6012
3997 1395
3487 1335
620 5932
3999 2659
1630 1548
5543 2759
4447 3028
516 394
1461 1059
65 3204
6238 3086
4115 4161
4330 4491
98 1841
5056 6110
2894 4696
513 280
2157 812
1619 2269
4836 419
6256 5491
709 5077
2264 3108
5533 3464
1487 4262
5354 5092
1183 6255
3027 3593
752 2664
3300 641
3596 5972
1977 2651
4499 533
413 662
3510 504
4735 4248
74 5993
3895 5371
2641 4098
2181 1330
5734 3513
2065 3199
1996 628
3112 1321
2356 4881
2694 5125
412 2207
3294 664
4853 5827
273 6106
2398 4125
5667 4894
5234 1407
1478 5882
1570 987
1272 576
1137 44
4129 6213
2247 3810
1217 2219
2796 2852
6040 759
3058 205
1952 4448
5128 2465
4980 5476
361 3087
4747 5203
250 1260
1601 3115
4777 1011
994 3966
4905 4907
4313 3620
2759 1857
4603 3672
2347 4296
6005 3282
5154 5129
5148 477
1105 4990
5491 442
190 5461
6122 1179
2957 2389
1968 2268
666 6318
557 5137
83 3292
4640 6086
5349 2392
2998 1852
1133 474
4591 609
4740 2552
3508 493
4632 4288
1920 1765
3654 6344
1069 6258
984 3631
4626 1385
4704 971
1501 5283
4659 2959
3369 495
5194 541
2708 6273
3413 3797
3187 2804
4720 5522
1402 4272
4654 5661
2362 609
6263 2285
1225 3671
3700 1029
5662 794
1161 3852
1329 5502
5908 6161
1578 4982
4776 4998
2229 5292
1966 5224
721 2663
301 3209
4565 3873
4268 4815
5950 775
4922 3693
1897 2566
6289 2621
4741 3418
581 4329
6226 6336
4483 2854
2280 6129
3120 1148
2543 374
1744 3617
6238 1877
878 18
4528 4076
6313 98
3043 2699
2153 3914
2312 1185
2416 1816
4897 4036
4213 5523
524 4426
2356 4258
5404 1198
1208 1391
391 1533
2112 937
1256 3217
1471 521
4356 4723
1356 6284
3275 667
6220 4927
3449 358
2978 2034
3996 3437
6330 4440
2274 3818
1048 1991
652 6280
3380 1293
2717 1707
4655 5269
1475 609
1925 3157
5722 1224
2178 80
2275 5070
1554 5242
1397 2437
173 4362
5181 2753
4298 1473
3798 2586
230 2900
5137 1249
5840 900
2813 4529
584 1119
3259 4074
2944 4100
5285 3090
2904 375
5309 4431
4824 26
4137 4019
4127 2661
1629 3173
5948 817
1558 883
3346 3730
138 2751
5067 2387
4614 3977
3179 6059
5079 2489
5147 4906
5925 3963
3270 4446
3218 4141
3977 683
3835 5819
5472 5220
2096 5927
1684 1493
5510 542
126 5203
3056 3038
6193 1281
4162 3908
224 4377
3247 5634
4926 4669
4333 4252
3023 74
909 2396
5450 3742
1171 5770
1525 277
4473 5926
1217 4939
1841 2597
3338 1161
5274 5404
1606 2148
4573 6099
1660 5316
1327 6279
3533 1954
3684 6274
970 3231
3130 1692
1898 5096
4779 448
2957 4565
3540 5601
3330 5549
6193 5322
3553 2012
5905 6051
535 1492
1576 5776
3905 5563
4410 618
1198 2379
3759 3293
1819 1098
2060 14
3928 3522
6324 942
4315 551
1975 1387
6201 271
2633 979
3733 1534
2876 2027
1235 5030
2782 2784
5589 1536
5325 6212
5790 2374
4031 4543
5631 262
2170 440
2575 6187
3735 1027
5693 2837
3621 2383
3501 5373
6322 1053
4044 4815
4762 5011
4399 805
409 4792
10 2788
3795 4479
3322 1411
1773 2222
1755 3520
3762 3134
120 1477
3895 2087
19 2210
4018 5168
326 3747
1433 2851
5630 2598
744 630
4289 4254
3284 2032
5071 6213
2616 2025
4506 3469
701 3428
6054 5548
2131 2906
4284 284
4828 3072
1310 2806
1305 1938
431 5583
4879 1799
5851 1730
143 3737
1153 2478
1085 732
1484 4264
708 3595
3470 1372
5715 4285
2449 1427
2296 3814
4242 3959
5784 1419
3785 6212
5882 5181
3618 5154
4764 1993
3499 3027
3676 1174
2972 2843
771 1117
1417 136
3165 4116
1986 3192
5922 4434
4962 695
925 4535
5205 798
1087 2042
545 2361
5244 4299
6184 3943
4696 5051
3886 3033
1912 5360
4274 492
806 2023
5733 4589
1592 2444
1861 1822
2918 1256
2657 6164
3935 1625
282 203
676 5913
5695 1622
5617 1902
5803 879
4299 1972
4566 827
540 4424
1593 5943
281 6151
3854 4848
2591 5710
4748 196
6317 1840
4320 4989
6044 3371
3665 1810
1066 1073
3022 1302
3039 5289
3617 5804
1776 4060
2166 5260
4333 966
430 2042
1420 675
5754 2896
4930 419
5044 5951
3438 4104
3951 679
852 1886
4831 5938
5942 4926
531 2046
5993 338
981 526
3580 5686
2321 4783
2713 833
1687 782
1930 5391
2050 5351
2122 403
2186 1170
4516 5147
471 291
244 4444
5826 2654
5015 4071
6028 628
5067 5161
328 5488
2799 4961
6303 2444
4656 3802
5396 3575
5799 5945
4828 817
527 1869
1648 3921
4077 6225
44 3786
3201 3539
3162 3579
2484 220
1240 1816
5595 4598
5483 5823
493 2304
181 5441
219 2005
4422 5551
4974 2908
3871 3982
5325 6077
6253 4151
436 1599
5202 2856
5768 2532
5310 3180
618 4682
5532 4945
1544 4941
4504 1593
6018 2126
1825 3666
4321 1650
114 3202
4921 333
2512 2549
5237 5700
2868 2025
5396 1617
5672 4968
2381 3915
3898 3552
3746 2624
2613 4184
5835 4633
6270 5347
5668 4109
3188 3216
3098 3787
709 3222
3265 4759
5295 5644
117 4301
2798 1426
4853 2546
4331 503
3769 3297
4346 2210
3871 3806
4097 6026
1882 3077
2138 6268
4034 4571
2353 5441
6117 627
1099 3807
2080 6285
5757 505
3236 3839
2205 2313
5098 5815
286 2107
1062 2354
2734 2378
2337 1147
2387 57
2685 2621
3312 3388
1004 3787
6128 2430
2113 1144
1666 5871
6267 2528
3350 2750
3986 4892
1246 1973
2162 3425
5325 3703
942 5788
132 3425
5651 5090
4904 1832
3799 997
6103 3092
6159 4828
215 890
90 3147
6160 2055
6068 621
4733 3525
4049 3039
4547 2955
628 4183
5463 2406
5594 862
5386 2883
6018 4668
5194 5097
947 3483
6291 413
2629 1313
5028 4142
5374 3242
4432 3601
4873 4462
454 5138
2231 1023
6032 182
5160 3386
5369 5886
5205 3607
5519 6194
1414 124
2402 2186
1675 4455
853 5459
5104 710
1879 1203
5357 4033
111 5633
4224 3334
5416 2228
2712 3822
4331 153
2084 5049
6090 2985
3311 5369
3080 2161
4408 5841
4502 1629
3250 1333
3894 3677
2720 1056
4783 684
3353 3291
90 3038
495 4763
4027 4259
3114 2145
5369 5453
600 4291
3761 2037
5486 3933
2751 718
3553 4958
4126 4105
2826 140
3856 1995
3556 5480
5754 3775
4787 4341
1294 4119
3787 5156
6233 5623
2112 5056
151 1043
2757 4920
1881 895
4627 523
1002 4045
5074 1096
5019 2330
562 4849
3076 378
144 3758
2420 5411
4082 1664
1086 734
3262 6093
5756 1000
1509 2402
4280 952
3367 5292
4588 5989
3797 3530
1605 624
5996 2164
6008 2612
2603 6022
5856 2585
726 1883
2222 4680
6305 4595
4288 274
64 3031
2960 637
6129 4758
2447 5968
5102 2394
6079 3102
5468 3840
3634 6184
6023 4920
4680 6026
2662 2269
4967 5549
3651 5992
3532 2405
2535 1764
3876 2615
1828 4171
3635 3880
1752 3325
4696 5606
5308 1865
6325 2716
2818 6072
5405 5568
5629 5006
1581 4593
267 1665
1517 2159
4131 5721
4282 4512
4877 5708
148 5426
2359 5255
1315 564
3973 5619
4252 5575
1206 5699
2083 6153
2035 1019
1155 4465
3528 5767
605 1188
1157 2942
3844 3158
6041 1218
1885 5551
816 2789
1772 3075
1005 3932
1398 2100
5178 2059
2689 1043
2598 3833
4099 3233
2340 2696
592 3977
4214 2864
2088 13
348 1264
1258 4882
3412 4946
4469 402
3172 1512
99 2936
5051 4684
2976 4657
6130 5094
5275 3107
5962 2931
1763 1601
6056 6249
4838 4322
4500 2731
2332 1443
416 3096
2165 4966
5890 3377
4923 3858
392 4403
3237 6181
2000 5076
5453 5635
4093 3212
1419 121
3108 4324
502 2999
3528 5640
3763 3082
4861 6341
2662 5825
3354 6047
773 2390
874 5366
4437 694
3765 1046
1201 4532
728 4390
3268 2250
1146 1406
1216 6076
3238 624
2771 4070
2689 3396
2059 3159
897 1573
6073 5630
4097 4816
5662 2914
1514 465
3435 6159
1736 3745
3366 2009
6212 5521
1292 5858
4996 4071
2734 2843
3214 6314
2030 5178
2593 2272
1491 6107
914 941
1540 5035
4832 5608
6221 2619
5368 4793
32 5517
5508 4212
2579 709
693 1088
6128 1971
5657 5323
492 497
1944 1739
623 4004
4852 5893
191 6016
2866 5774
1467 5238
5344 2262
1671 4018
2773 159
3656 4050
4989 4856
5460 953
4276 818
70 5185
2863 4219
1942 5587
3704 5990
1678 801
1333 145
3770 1344
7 3933
3885 1554
3357 5602
6347 4870
3609 1497
5406 3711
5567 495
634 1767
4274 4910
5556 4551
1584 3351
2626 6006
1361 1149
3783 166
3619 5978
3612 284
2594 4840
3227 2996
4631 524
79 556
3279 1866
3956 1009
2681 351
1555 2310
5570 5275
5664 161
1508 349
81 6005
542 2771
3515 31
2318 3602
3088 2946
5740 5730
4574 583
4645 4521
898 303
3650 4541
3067 3982
6162 1416
6105 1778
10 5850
1153 1238
41 2366
1287 847
3728 3055
6211 3953
1739 881
6020 5079
4603 6168
3158 5684
4706 4319
1682 2509
3261 449
1525 1055
861 4608
786 6057
320 3352
728 2553
983 5182
2421 701
2776 267
3473 4983
2005 809
198 2812
3880 4345
4524 398
701 2848
4217 4179
368 2922
4830 1390
1595 1395
900 3101
3566 4798
1138 170
283 5535
5256 699
3960 4729
592 6228
1775 5931
4328 2015
5659 1838
6049 5215
4556 2471
810 487
5705 3680
3932 4451
4555 3335
4811 2595
2808 2530
6301 4533
1717 3781
2849 5103
356 935
4221 5745
2482 5884
6290 2224
5613 1239
1377 4375
422 2047
464 4778
2888 5239
1469 5146
3275 4356
2383 757
3900 4384
991 4965
3322 4898
6287 5866
3513 2418
222 2123
4255 4803
6057 4001
3195 4735
5746 2168
2742 4880
765 2687
6125 947
4201 5039
2674 3020
2440 5341
2682 2667
6043 1809
2540 1849
1045 257
3561 4468
2299 6052
5110 6082
4898 1611
1910 4863
503 3191
4124 5024
4366 6281
5497 5217
4345 2692
2935 2133
494 4651
2408 2501
1426 3231
5958 570
3569 5868
1662 1903
5474 197
469 2286
1460 5017
3006 275
2235 4316
3207 2338
3142 3864
4528 613
3289 217
2427 2726
6121 3145
3084 4212
5062 2635
5229 4427
4573 3662
547 3580
5410 3353
967 2665
423 3203
114 2905
4383 6239
4470 4246
3853 204
379 855
474 2960
5901 1745
3767 4487
3959 2730
3414 360
2808 524
507 2984
1512 6233
959 4185
1755 2582
6174 4122
3778 1026
932 4824
1893 3583
2222 4568
5231 560
5214 485
998 4017
2144 6072
1178 5454
1914 3463
3734 2996
5011 2033
265 5054
3317 3551
5617 4810
4007 1645
3540 6252
5474 698
189 1343
566 2444
686 2802
2283 45
1659 3133
2298 292
2028 6236
4736 1186
546 4705
4130 3112
5387 5389
4522 2012
245 3103
1985 2816
5366 5959
118 4838
3996 1576
5370 3548
2807 2409
3393 4867
9 3169
4438 5190
4080 785
2744 1308
1249 2271
2699 2458
5977 1990
5015 6284
2829 6105
2590 6029
4073 5211
5865 5895
2763 1374
5573 4153
4942 5494
3026 1332
5984 1594
1537 1228
6263 2707
439 2317
1081 4834
1617 4207
2149 3939
6110 380
6119 2048
6200 1296
268 1964
2069 327
3859 4491
542 4316
889 3636
4228 5182
1287 1533
4415 3062
434 5741
2517 3939
1749 4413
4255 4183
1229 1035
321 231
5458 4509
549 894
347 3402
3377 2738
3106 5337
1836 4449
5886 1348
5240 4965
3228 5641
55 3955
669 1705
5025 1815
4777 4722
1743 3887
2544 3879
5000 6189
5094 5347
640 2401
2710 2142
1053 4796
645 971
3422 2241
4173 1939
3497 4986
1451 699
4336 5011
5899 1340
496 3474
4184 2671
2446 2505
3616 534
4248 4541
2623 3316
3160 1259
1140 4062
3799 5940
2649 461
5817 5638
6328 4642
1169 3879
4829 3850
2253 613
2462 5512
2531 294
5065 1550
5262 2816
2316 1744
885 3273
4342 1863
3776 1914
6187 2094
4032 3493
3550 3422
3624 5940
4338 1303
1045 6048
4975 855
212 242
4970 778
3447 5626
4052 3026
5646 5752
127 1337
1866 3102
6183 400
1874 6104
1795 5007
4537 4572
2284 1563
4266 649
6032 4243
583 2997
604 4666
2951 1538
434 4285
5471 2912
1141 2590
1385 2629
2160 3082
4334 5518
268 4507
2850 2999
4189 3594
5008 3199
6206 1852
6156 371
5614 5618
5503 1133
3932 5982
1510 2634
3713 5133
4866 5944
5769 5932
626 3389
2584 3656
2418 4351
208 6300
3250 3777
3699 201
2112 85
3538 1704
3104 3868
3403 1334
647 886
6307 4958
3504 2948
2352 454
3063 472
147 1733
3326 4956
6105 3907
4449 3961
6332 2923
3810 2031
145 5276
6033 3219
1504 2954
3684 2339
3695 1632
54 1929
1600 5939
1034 765
2792 3384
1456 2625
5585 199
3745 5494
3373 3252
6143 1457
6146 1009
2804 3010
5610 2009
5895 3390
828 2923
210 2287
3490 511
4933 2712
5216 5130
2056 5368
758 452
5900 1892
6000 438
6051 3831
1781 3229
1556 347
3977 4958
746 5271
5669 2416
1291 274
4604 1793
1970 3221
2945 1064
2880 1421
872 1655
879 3010
3983 3125
4866 2267
2900 5782
3523 5872
1878 3680
53 100
1139 3395
573 5664
4258 347
5860 2592
2515 5876
1413 152
5100 5779
1353 1513
5787 1556
4323 354
911 6171
5631 2225
1911 3097
2993 1963
4608 5272
1473 925
4334 954
931 2918
1069 1862
992 5027
5989 4942
4455 6083
834 2990
5194 4861
2425 3976
2797 3456
3181 3976
4493 3053
3938 2407
903 4622
3176 3421
6344 1978
2608 3815
2027 6120
5690 3641
5578 3647
4862 5792
908 1378
5150 3487
2407 2464
3308 3514
6001 6029
3119 2618
1823 3968
100 2365
5560 2014
4460 408
1097 4508
4370 5473
1646 2215
2233 5192
232 4135
3474 6240
429 6284
2705 1979
5438 1058
55 2810
6233 3318
2473 2104
146 5709
3965 5015
2754 4432
5118 2989
1037 3449
5165 2453
2940 1027
3156 4839
5765 5281
1117 6148
1774 1446
6334 726
6180 2527
4413 2546
5113 3784
3526 1757
2981 1242
5408 5835
5716 2046
4716 3882
5438 499
4015 1570
4188 4437
125 1547
4052 4410
370 4981
6270 5178
4576 3722
2388 2271
4609 2253
111 179
5326 578
1 845
104 5616
5404 3869
1062 1560
5689 2884
1112 5186
822 4936
5762 1958
3970 1114
484 5409
1514 2524
5962 1286
4829 2435
5009 574
3519 4150
1440 530
2542 5099
2597 2165
5149 1987
6202 4761
3537 689
1664 3439
1169 363
841 1413
6331 5176
3495 12
1301 6251
5177 5536
1349 5400
3804 3944
3910 5783
944 5931
62 4321
3876 1414
35 2936
5323 644
265 4734
116 171
6345 6210
3376 2909
3526 3655
3635 3129
824 6219
4073 2890
93 5798
4851 4905
873 3689
2200 1725
5779 3401
2167 919
4039 3499
2043 835
4354 4078
2726 5324
1541 5143
1699 5142
4470 4276
1620 2506
5371 2484
4777 3883
2009 24
3382 1442
1239 3437
2442 3590
1083 391
5332 2351
3543 6085
1949 4629
2116 1428
3109 5813
3299 3571
5922 5691
72 6151
5537 2239
1373 2240
69 167
3751 4091
472 1544
648 979
5954 4457
5807 2038
1737 3584
977 5311
2072 2154
3869 3551
4194 4431
4443 4423
5878 1230
5012 5912
6312 2495
2697 1895
2148 3171
4298 316
2947 4924
5561 1221
4916 4836
1762 2784
4121 5277
5831 3023
196 4495
3432 14
5505 5429
2701 3488
3274 5690
613 963
819 407
3288 1871
875 6139
4047 5511
6186 4532
6096 272
3994 1812
2700 3252
4259 6332
6017 5132
3937 5632
1432 4010
4505 3727
3373 1756
3900 3697
3457 3399
6351 4333
3768 2392
5722 1754
4579 1362
2769 2666
5993 532
1671 300
1262 25
2929 6052
4932 6266
128 1947
4570 4542
5752 292
3332 3419
5557 2165
4443 538
3197 1908
4121 821
3837 2824
6220 5733
304 4592
2963 3223
4548 2218
6126 3465
4878 384
5839 3085
5307 6343
2967 3501
1511 6189
5465 5113
5753 2886
3890 2146
1427 3175
6091 4347
1269 3663
4517 2115
3289 5523
5085 3356
759 2668
4374 2655
1771 1447
6012 5716
2296 2962
6013 6205
3560 4204
6267 5969
4656 2612
2157 283
4210 2368
2441 5093
1420 2323
6197 2008
1844 2941
5254 2477
301 441
255 2601
6224 3916
232 358
4548 5679
1769 5124
1148 4315
4038 2224
2651 4455
2041 4554
6191 2160
5820 649
5797 4762
1352 4488
3108 3467
1771 4571
1649 5887
2589 1912
2263 6182
983 6330
207 3986
5356 2536
4494 751
6134 5166
3544 30
3389 3334
1157 1124
4952 5065
3767 6075
3549 895
5097 4347
5599 2527
3078 2060
3888 2103
5000 4193
3009 3808
2724 6212
1449 2494
5918 1013
2590 1995
2151 4124
