23712 24051
5889 5908
10858 1649
5414 21877
21572 873
8818 19918
3287 22200
2113 23617
19467 18305
4851 15198
1194 10556
10728 13463
5940 23206
16059 9922
11593 18261
18191 606
18647 9305
23503 2289
9714 6196
12856 17903
13770 7826
16117 22884
14177 14574
1979 13264
13217 10283
18925 10305
11343 15426
2314 9327
4147 19908
20299 11733
3331 20439
14455 13618
14558 19013
6656 1232
5194 17797
2459 14493
23101 15485
12697 17527
14794 5900
5393 5759
17724 632
2246 20621
494 4219
801 6798
22326 6845
9430 7676
21910 7309
17882 19559
3374 1736
9089 7155
373 12007
1081 1172
14609 7290
3705 2421
13662 22661
10089 23525
12578 6306
13554 18197
18112 12402
13712 8095
20765 6443
4935 23340
5060 16685
20360 17096
3331 609
22942 4897
9108 14234
2546 13305
22942 20876
19054 14598
1144 11301
8548 22109
23059 10449
5999 6056
331 20108
7470 23075
11681 6729
11495 4008
15368 6257
7903 9839
19252 10818
22972 2405
8590 21504
7059 6955
20247 20839
14150 15707
12743 4276
16312 17906
21554 14984
17773 9639
4769 17347
405 7175
14220 11014
1771 3806
22528 5616
4916 15662
17928 688
16537 21479
13784 8791
9790 12032
18144 23575
5702 8607
4106 21208
12805 16972
7982 15807
18865 12528
2404 21019
363 19413
13336 21486
14332 5992
12068 16714
21415 23255
8112 2796
9147 12934
12246 1722
8163 5814
4812 15194
20182 14283
9066 14842
8541 16788
9790 2471
8354 1642
1898 4300
7327 17573
762 10006
15737 13362
2267 12072
5910 23175
14563 2773
16086 20435
20487 11654
16817 23302
6648 16911
13189 19578
2987 20425
16121 9811
6248 6270
1258 2021
9585 3762
14132 12667
21223 8254
23142 20620
9894 11775
9301 11141
17005 22921
5028 13865
16975 16420
2005 22594
13364 14265
21760 2814
8736 3719
2193 23646
2619 16427
21291 12774
17576 6207
13351 19924
19257 23161
11355 620
8966 19175
19731 18551
10025 20096
8833 12574
13077 18038
23357 23525
14722 398
9053 7606
21371 15064
9382 17398
18441 12851
12534 2732
3055 14134
20852 14672
22140 16037
2873 10617
5375 5207
12399 296
4627 13964
14082 22955
18335 2914
5913 18365
3648 19062
4954 14779
15413 11113
17467 3062
20775 1039
20692 7659
13183 942
4641 20976
21550 15531
2386 17246
14986 8544
5279 18520
14598 19532
22092 1155
20409 8770
20699 12005
7379 21788
9538 9082
15503 11944
11077 18479
10934 7849
7249 13499
3357 22143
8980 12141
23492 20988
7236 2297
1209 19674
9147 14964
23544 21807
4049 3928
4466 5858
21590 21765
4436 3727
11321 12794
12219 2023
16849 17539
15084 1062
7447 6809
11932 18253
140 21916
10656 965
11071 1160
8931 13752
8230 3583
1519 20030
2739 18761
18469 18621
16190 7004
20612 516
13810 4509
16960 12429
5043 1127
20016 4741
19672 14411
18498 11660
1425 9229
5825 9874
1173 16802
12570 2257
9073 2487
23438 10126
2634 15280
10695 5801
22185 19168
2249 5469
1211 5396
18813 15725
23232 13017
3320 4071
16030 19086
11365 2783
21906 22641
7783 16691
9166 13568
16676 12090
17855 14085
21379 5568
10965 18138
21011 20102
3829 10779
780 7050
11321 15027
3146 16980
5552 1093
7151 9487
19411 12897
5969 3660
152 760
23204 8588
15155 21256
16732 14087
9428 15805
10163 10003
10632 4353
9781 16246
10141 11206
12603 5585
21051 17798
15166 20610
17737 5937
19209 11976
5743 2513
7995 20001
11538 11479
19132 1433
1529 13239
15235 11912
2299 17851
3551 15450
5743 22314
6715 1838
8674 22274
404 2643
7336 12692
723 12930
814 7776
4628 21438
3568 2218
13329 22575
18553 4280
14915 351
22497 20604
9901 6693
8161 11036
2196 22861
630 19162
11871 19777
15749 13407
10622 20991
2569 14295
15545 20411
9221 4895
22392 4632
22485 21894
7379 4593
12415 18153
7519 9336
4248 15527
423 1216
19703 15719
8124 9223
15771 4941
11050 12872
675 4605
13855 4512
13901 20876
18019 14255
9608 4891
14945 12683
14585 12936
17939 16100
2231 1022
4868 8342
8981 815
17127 5625
21356 3181
7123 17117
218 5629
9369 11648
20857 9952
14513 10659
838 1464
8724 319
7905 18147
5817 23673
14790 14450
18707 8125
19723 15134
21659 300
13831 17007
23145 7200
10469 3256
7578 5245
18749 21963
13675 23458
5265 11370
12778 11021
7616 14430
14198 12911
17841 14287
2433 22746
11025 5653
585 7831
20063 8932
17287 16575
20851 13568
12076 4033
16139 13141
19096 7332
5332 4533
5436 184
16225 8195
6236 16080
21814 5189
2206 17663
10828 2394
6744 15438
16381 6108
888 15076
18388 21471
19371 5439
17687 17318
7846 260
19483 7066
8918 23600
7009 13534
20811 12275
8907 21038
17548 15405
17274 18641
4878 2471
11527 9492
21401 10641
14531 19941
16607 11699
12029 6675
5322 19119
7849 18893
2917 20938
16649 13617
1986 23419
1847 17090
15702 12568
5565 13631
15522 7859
11323 13203
11912 2157
22396 23244
2490 10061
16506 13499
11309 14816
3138 16289
2646 19744
6778 18725
1428 20886
908 16846
5580 8306
21204 20424
16460 19324
8119 2729
14709 3325
2371 6550
5912 16776
5669 2911
872 9610
9306 17134
11742 1869
4940 12204
15108 22930
11598 14480
23069 10606
23711 5659
13953 657
7154 13113
9214 8653
6996 4868
2422 7624
19582 9379
22549 22606
2595 14656
22551 9988
19870 22101
17523 5245
3172 10393
6366 20673
17367 5815
18903 15794
5686 12698
766 9307
16391 3872
11860 19695
12728 8600
3873 10251
201 16845
22660 12996
322 3248
7365 4478
10405 18951
657 4764
4073 7794
10258 5215
4314 13509
8448 13985
18601 9093
19492 22849
396 15974
1047 13318
5461 19389
19411 11877
9467 10387
17250 1764
21101 23361
4309 15791
20966 17312
16652 726
8090 19346
22266 23092
23015 15379
10161 20706
23687 12957
4538 19837
13342 515
6885 15112
20367 16271
12441 22217
20558 20383
16825 17121
8029 19787
10713 9364
21879 9232
3511 13503
6766 14876
18058 2777
3337 19992
22553 7526
4420 6796
18526 20954
9759 275
22339 18337
5150 16946
114 11427
1356 5794
3368 5422
2243 4658
2625 21506
13385 7295
11584 2138
12155 2974
3052 3767
13438 4733
14874 12696
9470 12715
14259 19473
22673 20280
12760 11989
2637 7406
12236 22397
2605 21508
7576 11877
16831 1653
8014 16771
5271 20710
7115 15791
21998 1136
3903 16342
8800 5379
14473 9281
8056 11511
21815 20671
13290 1219
6942 2345
13803 6960
3050 7628
2438 18869
2793 10663
19593 21836
3744 2382
5712 1702
1685 11303
4544 20959
4306 9592
18926 18775
1126 13892
8023 7763
18750 8912
4749 12322
374 20827
11994 19694
20366 21607
8514 13469
13581 12013
1273 15414
18567 22116
4178 283
3256 14087
5057 5041
4332 19996
4616 16027
12779 12415
21662 13460
9711 9016
20255 17052
19690 16104
12023 16002
16032 10887
17414 18642
15315 21067
15505 23592
16185 3350
18897 21349
6858 13474
929 10428
17149 17622
195 21915
19332 1087
8312 18514
13109 1890
3063 3982
18326 14213
12264 17397
1430 12039
4140 12268
4380 12099
17753 17191
15226 14755
17404 4479
13643 22122
21804 13524
6828 6665
14887 2432
22750 3853
20637 13867
6521 16367
15241 9773
18499 13777
11047 3417
5196 5937
11183 3957
23313 20064
5562 20132
3874 20165
22779 2487
4047 10040
19859 52
13276 1203
4543 4444
109 23318
16544 4436
2361 18405
4592 11014
11095 8892
7886 2385
21513 21775
1579 9756
70 23401
19548 11599
4930 22404
13949 12994
4862 21686
4134 3523
15912 12600
13091 1567
17576 2789
15774 19149
15988 19388
17840 9719
12700 2824
4661 11395
5401 8683
428 13515
17527 1896
10661 17943
13711 5462
1062 16395
13877 7439
15974 13174
105 6024
20258 17985
11225 18070
10887 14634
3183 17071
12145 14266
11871 7843
23317 22952
17568 3858
5609 20726
21542 23261
16494 15243
20539 21518
2816 17049
21516 4962
23163 21299
12139 20920
7094 12722
1272 5297
4534 4863
1307 18946
1646 1391
9107 11912
10374 13784
20732 11237
5279 16998
5546 965
15196 11724
2104 17698
11214 4503
23671 13090
11659 9342
1111 9146
7405 10427
4576 13569
16209 10656
16851 8181
14767 12030
12576 18333
3034 16160
15693 2583
21155 15352
11519 3389
16165 7554
342 13497
7506 9597
21886 14513
6754 6067
13428 3309
16191 362
299 9270
15472 22097
5353 4827
22503 16317
11529 16780
12075 23387
310 12746
22874 7135
8358 20320
5073 1188
13686 5133
11057 15070
2151 17900
17931 22593
2116 16921
17880 3969
17104 10572
7671 22510
18811 404
5443 14863
13480 19595
8741 14162
3738 551
21001 21441
16893 21945
4389 10940
8781 13287
19221 1784
9234 16551
3367 9928
21356 13086
2924 22869
9493 1229
14167 4578
10297 14107
17313 21561
15491 1902
8004 8316
3146 21453
16409 11571
19530 6491
1665 13596
4652 22809
13260 19
3730 135
20623 7957
21252 2124
17067 2226
4325 17818
12073 14547
21314 11724
15625 14628
23021 5392
3806 19871
6857 6167
19038 8322
17518 23096
3020 19473
6725 12740
5107 9680
20557 14133
4814 15937
1147 14348
21172 11521
16483 6489
22764 15224
15755 13878
18059 19261
14241 4444
10446 12691
23602 7001
18711 19751
18004 6735
14839 12268
7853 11185
12854 16713
4373 8074
15055 8946
5039 20305
9898 7092
21131 21270
4018 16182
22190 11870
21192 7972
3885 10214
4671 22626
12605 16378
6226 1565
14440 13635
18124 8813
13746 1844
5963 316
1656 9438
8541 21458
18914 5750
6068 12896
3252 21329
4307 14160
7986 2128
14768 7260
15931 11572
1062 8705
2184 12011
4482 14265
11352 12196
23401 21052
19541 55
21017 3116
21061 17375
3525 22513
21945 7579
6616 2222
4494 7163
450 22071
11924 9277
13584 17206
10914 16422
13902 8597
17192 2622
21258 23216
22376 239
581 17792
9889 20212
12030 2607
6318 18373
1922 5332
20713 9700
8567 763
20590 20151
16132 6322
2391 18907
8221 2043
16629 22518
2520 11232
2260 10253
6433 16067
11010 15158
9806 13674
8560 16733
8984 5934
18630 12453
12104 19769
19959 11129
9965 6522
1110 15125
23397 3978
10171 6631
13900 17871
5575 21330
10745 18683
18599 19040
2048 10130
19200 2528
1966 22129
2154 18948
20469 1554
8880 12254
6925 12297
3907 22825
9326 13532
19725 2510
4473 14511
23149 7178
18956 19449
7351 2064
2881 17386
1099 13908
22321 4902
1879 22129
7738 19643
8103 23056
19335 6503
18001 14746
15273 9728
5310 12025
6416 11464
16564 17289
3672 3913
9741 7966
11435 22774
11800 17680
20228 15712
6226 2295
6770 4410
4958 1351
2216 22587
14801 23048
20157 12863
21614 12637
1837 8241
23539 9370
5682 17994
2945 15628
23634 4032
18527 11539
7820 19969
20967 5646
15162 12727
5465 12724
23446 5819
2197 21930
3247 10412
6126 19526
4624 20272
16261 1373
15783 23574
17166 17133
1977 3205
9659 22147
12925 19482
13371 8929
6143 23692
14639 13747
2296 4163
1529 6718
16184 17165
17852 10569
1621 1814
407 9250
19891 5529
5053 14709
11570 7170
15831 2063
616 17227
3861 13255
7985 22104
19350 8176
16171 15802
20856 4956
3118 11025
12471 6371
13567 22316
18114 2244
16661 5342
9098 11053
22494 23249
7514 1841
13163 6167
13516 5877
18471 19702
3221 13878
7605 5935
15468 18246
17545 13994
18700 16275
18307 11105
600 17271
16548 11869
17537 12752
5195 7890
10497 15202
16498 616
17030 5872
10756 7050
5922 19415
3108 22875
20808 22563
9079 18696
11661 2308
5725 6861
11944 2719
21094 12542
10842 12972
6428 11263
14469 4789
5612 34
14538 4620
11601 2870
14141 1594
4107 8629
5774 11307
15771 1516
13631 1540
672 18238
1909 3641
13167 13025
19262 3571
9409 14730
21954 20377
20252 5841
9877 7402
9380 3544
11851 10598
11140 21025
740 14378
16036 6202
9238 18310
5151 14833
21897 7384
19682 22769
16194 8189
23328 18933
23137 4102
14761 10243
3310 15152
17912 17643
6737 16957
11189 487
6741 3254
417 15502
14930 23620
20223 10654
21803 15479
8449 122
20832 2534
20602 5749
12921 9966
974 2117
14603 12316
5764 13866
19542 2888
7769 6459
6630 12590
9231 19701
16739 5106
21041 22449
7913 3442
11058 22993
6984 6368
21222 162
9311 23474
17743 3044
5220 22345
1342 17082
13797 5596
19518 14511
2079 6705
10785 5031
22806 19881
19619 13078
3259 11744
19782 2133
8433 1262
23175 20512
8591 2294
5129 9994
21409 20412
2225 212
21259 1972
7323 22275
19557 4278
18555 10933
13190 22566
7670 20246
1245 22427
14744 16725
1328 10905
21273 2897
4473 3963
20914 1563
22691 19046
7714 10175
20618 20463
18392 1647
22976 19859
6763 17238
5445 8122
13347 8878
10395 17243
11076 16421
18227 20903
3768 734
10728 8042
2217 4729
11606 4784
1763 9601
19725 12250
11276 20788
1096 19824
15328 1053
1467 15027
11953 6704
8579 7561
5087 19730
15485 18197
4610 18690
15909 17475
9414 1310
17645 19396
23184 6146
8328 12436
14991 22281
10606 14548
12172 9590
18682 6945
18581 8603
14779 17177
13044 12733
21710 3218
15195 7297
10571 3957
15305 19212
825 20796
6639 824
7331 13722
8909 23639
21669 21672
23409 9784
18211 1552
18245 8518
18680 21977
6839 21492
5066 18952
20731 11741
22301 11394
1986 7391
15944 17443
6931 5865
1002 15060
12945 1002
4858 17642
4787 2448
4507 21159
17713 16071
5912 19695
9162 11896
15643 15444
10668 6019
8170 8848
20319 5263
1903 18361
21297 2540
22499 1166
23132 1803
349 14017
5124 15482
18975 11822
5250 11560
20675 736
6119 10423
2627 22927
17420 4321
16159 15393
6082 8679
22290 4570
6439 8852
22633 22933
8657 8182
15253 2915
9465 22974
22080 22996
17886 2161
3636 1779
15925 9364
7499 22412
678 22965
7392 1138
5629 19842
21563 23327
11383 12581
6311 15816
5591 2379
287 11219
16093 16618
15345 10700
1621 12520
14685 186
21609 23236
10507 3757
17850 23410
8715 18279
4114 21386
278 22832
16501 14223
16535 9444
15941 3473
11855 6408
17124 19956
1727 14564
14844 1292
208 6287
15370 1606
13712 20689
11558 13164
14139 21191
8921 9823
15429 16346
15294 23663
15721 14238
2791 5643
18795 16646
13936 20874
16355 19232
21347 9115
2736 6260
16368 9094
20339 17338
20676 8310
9356 12214
2610 10767
11963 5142
2930 9458
6178 15725
6263 7746
3798 15282
731 18007
23475 13709
23530 20404
22705 16846
13236 257
6572 22652
21644 5906
2896 13722
5346 8240
9224 11858
1755 4996
3929 3167
16948 5926
17193 5949
16166 11458
9286 20140
7975 11299
11495 1096
5438 3648
12755 8170
23667 22228
2406 8813
20632 4216
1738 12026
21494 18335
22256 19443
11534 14110
13574 20976
23567 10035
19931 6600
19855 10480
19719 7525
15555 10088
46 7695
11717 15673
5647 11281
14699 21564
21161 21620
4539 19132
7797 12756
6853 9061
20878 16884
23678 10410
17493 8136
6658 14416
7005 9872
4330 17287
7998 9591
20544 5965
7753 5896
439 14451
4344 12460
7276 17873
414 18525
11544 11919
22890 5658
6534 5961
17827 23584
8783 15119
981 2793
2092 784
22488 17392
17543 11499
2363 18944
17489 19885
5168 16069
21100 3439
6226 19062
2951 2313
13327 6050
4737 16300
12427 6681
21015 21002
22966 14182
21601 3430
22643 17635
8137 11778
7952 9404
22258 11139
18829 11109
6420 15874
16153 18258
4198 15840
13775 2186
19736 17941
7774 4607
22471 13549
207 18120
857 16653
10089 20458
10127 12887
20353 15914
22886 12523
11300 10230
14398 19766
15298 174
2862 3196
18855 22521
23519 19092
16924 19502
3770 7727
5959 9920
15840 19676
21538 6447
22600 12521
8799 17627
22055 21944
20479 819
13944 11775
18111 1340
16460 8144
18026 18540
11088 22300
10584 17142
6299 12874
16216 22490
1705 10363
3590 19949
14635 2878
6274 122
17380 4900
22354 21453
449 14483
174 19855
9820 16157
22635 15286
5697 23557
13219 15821
15175 18368
2459 2723
11082 8411
1299 9394
20009 9951
12908 18027
16078 4385
23373 1875
9348 6408
15627 9220
4118 12867
6771 19964
13508 11968
8460 7215
11145 8149
22569 21530
9038 15683
8670 3648
19904 3694
8913 1117
14528 7402
4282 5523
79 5847
2285 4646
3637 13443
17879 1414
4710 6324
20702 10124
13874 2363
21328 12757
13145 20022
21608 433
7952 18623
11388 16924
13585 16853
8943 16981
7776 14778
16825 13835
4964 22653
20945 8507
14108 1141
3461 16213
20186 7242
20469 9452
17980 17458
6803 23332
21188 17715
16650 18601
15678 19270
6714 17799
4560 21160
4512 4682
1188 21043
19889 1985
7101 1476
5721 18497
19234 8888
16881 18590
3080 12766
11900 15295
14799 11736
16134 21622
21629 13644
7571 1597
4528 6493
1473 10999
9834 2828
22180 15674
9518 20209
20978 6380
2496 20901
18979 6310
18031 14672
17198 10522
3356 674
17770 15507
8563 8561
14721 160
8211 8861
1971 15026
12113 11690
14269 19011
22433 19009
2572 4931
22542 3318
2445 11165
16520 9298
6346 1784
684 14830
7046 7518
1907 21622
3057 15824
12677 15112
15501 14606
20458 21778
4699 3908
13516 18348
5455 21012
20999 3824
16482 5435
19951 4529
18812 5283
19957 23047
15036 21505
17661 17779
11731 12830
20846 8996
10086 3439
2722 13509
13065 19063
11607 9441
7538 16976
12490 2591
21187 2717
17786 4837
9157 2270
21842 2048
20232 22250
20004 2435
698 21164
13342 17663
4417 8765
22056 11216
11937 19668
3169 20630
12102 1221
9015 23629
2402 4968
17203 23372
13343 16790
4981 1019
11991 11234
8112 7065
7178 17591
12006 6649
21132 7015
8657 11218
19767 4005
16234 81
14543 5363
1083 22361
13205 3301
15120 10491
3660 12029
16207 21073
21514 10
3711 10305
2476 8609
20861 12896
9202 927
5634 21863
23348 1005
13893 22103
8217 15615
10728 4161
7531 11243
13983 18803
9341 6581
12310 22282
6446 17283
2128 228
6707 14995
14098 8924
19459 19015
2084 17320
11650 7331
3487 9863
1819 17459
2761 8147
17973 15672
11398 22554
5097 551
5844 7788
23087 13136
16528 8553
16137 14792
18295 11288
11774 16265
14829 1464
15059 16342
14041 21256
6734 7982
22878 20658
23317 12786
5378 22206
14406 18230
11781 4231
10292 16830
9776 20387
19414 17546
9319 10882
6478 12101
7718 20046
17488 9812
15851 8681
2757 1558
7163 11324
12395 16582
3300 13294
10314 22808
18372 22121
13872 10985
2216 22560
13286 3707
20474 18865
16602 12710
16352 18578
12423 7363
567 13808
7665 11341
8413 8484
19490 20610
8920 1762
895 1767
887 12414
18503 172
9830 17824
16629 9845
7004 16269
7189 19409
10144 8278
13580 6684
11400 20669
12352 18655
9890 14391
10488 8687
5699 7793
13044 19170
14115 14814
14202 2813
22611 5878
11321 16461
6297 12281
9849 9257
3662 3616
23294 4009
15642 19849
17 13765
9316 2730
19140 19965
20901 15980
9314 4422
14563 16819
4369 21774
3627 20211
14985 3518
18237 9129
9832 1172
17041 21512
12402 20300
1905 21915
5842 12740
6518 10829
7854 4561
7716 7390
18657 4794
18189 13748
16273 17943
21057 19885
3500 6162
17922 15669
23637 9421
15549 11576
8651 22228
4854 8034
6190 10726
11988 21291
6333 11890
13978 2347
258 22294
15324 20538
19799 8377
11204 4670
6137 16845
20808 3730
15921 12662
3580 7539
2647 17053
21871 13653
16419 23497
20622 7897
22051 13742
15100 13752
12293 3975
10809 13687
13488 20722
21598 23121
16328 21350
23569 11946
16349 12197
22433 21789
12170 10294
8561 13433
7140 19425
19119 18824
3604 14348
21369 12933
15110 15749
19272 20696
3832 281
15785 15170
20974 10230
23528 12324
8335 17529
2389 6279
1789 10481
11685 1281
4690 3313
10581 20823
16308 21268
18689 10573
15397 9601
2749 21066
13344 14121
10464 14055
3513 2106
7080 10901
15325 10799
21160 11782
11294 8885
8344 11806
7633 7292
12113 19804
12077 15550
13320 13679
22728 21137
12747 5219
20078 21657
4656 4622
6941 932
7701 12587
19776 21789
19448 18496
20940 21647
11950 20413
919 17251
5657 15563
10752 21716
9634 12031
13208 5630
5184 8036
9845 23611
741 12658
350 2453
755 15535
14798 21882
15014 15557
4733 5344
7628 10000
18231 1063
14664 972
5201 15867
4541 20549
8324 1627
21073 4295
1248 7287
6535 12895
22006 23319
11017 6538
21345 13098
18260 23248
14062 5087
4826 19935
3563 15448
1890 2051
1265 8476
6051 9293
9184 23081
8265 15542
7701 4818
23475 8678
6906 3773
5119 2762
23013 17234
92 46
22858 13813
17478 9306
1897 13168
3598 8252
19910 3844
19123 6596
15332 11119
4668 17056
22360 22305
22203 11837
7158 14270
13888 20996
18999 9513
11399 18286
21093 12062
5401 15604
9835 18013
11517 18210
21309 2630
14540 17066
1627 1662
8798 17726
23218 12587
15187 10249
17357 5888
22446 9489
4888 9547
22298 22843
2480 20671
12800 2034
5101 17408
8853 5907
20944 6370
8006 13075
13212 10438
21539 14683
402 8406
19699 13837
16267 16185
1442 10962
11179 20183
15600 15018
12104 13073
6786 19471
22599 23262
12628 21686
13047 7914
21666 3701
20907 8585
11188 18523
20987 22964
10251 13989
4877 21184
20039 23006
10609 8285
947 15720
14119 11488
20453 11255
10112 14447
11574 4353
6925 17395
16324 1097
3824 4063
13787 23478
21840 19784
8868 5130
15232 15223
11797 11075
6707 3366
15526 478
14405 8875
20905 20264
16149 8908
15532 4571
16673 6244
5302 5788
2215 18550
11 22462
16356 23143
8002 18424
16794 4297
10202 18566
10027 18328
7347 14764
10137 956
3243 4
22137 2531
20042 9253
21561 12772
21469 6068
11458 6142
18204 1791
7241 15722
21796 8767
18878 685
8097 5084
16088 16443
8426 17794
9662 17934
22845 1868
23123 22258
10432 18663
11973 19316
16185 23377
7987 21108
2277 10448
9121 7688
8075 1682
22449 16508
10537 14813
20961 14063
17795 3572
14858 21783
6672 527
6037 7464
13708 19347
23382 3036
13204 21184
9731 12021
592 16249
16416 12828
14024 13115
18263 13377
2307 21422
4447 10135
12191 19509
1132 2844
3758 57
10998 6179
3680 5015
5999 11569
10496 5443
22330 5238
1036 21655
4173 17877
8664 6163
10338 23195
19592 4733
5798 21491
8077 20373
16927 9724
96 13188
7041 4762
21117 20222
10547 2754
21489 13730
10760 18544
20068 18764
7120 21856
13386 18149
21926 19485
8859 19017
12237 7985
20940 1858
15306 502
6982 21742
5032 1030
17949 8794
23680 16774
16585 15997
21603 22580
15753 12214
22803 2378
296 15363
8849 13228
15403 15255
20667 2624
15483 5563
18821 6882
4797 2912
10882 16443
11343 410
580 4621
10273 17757
4226 16352
7994 22701
11696 5926
21895 1592
8298 1386
1128 15612
21177 23221
12654 20124
7040 2800
1612 3052
11200 10225
20229 21528
364 1241
16394 11971
19038 6561
17742 15928
19016 8118
17617 18294
9280 18651
16498 7881
3011 4718
3122 16072
66 2405
19897 18246
3182 5714
6686 6367
10392 4487
8093 10768
18129 4770
390 13370
7450 14509
6805 21494
16289 14381
2218 9715
3796 3300
8549 860
5498 11408
19480 10548
16555 9574
1728 4818
1361 23655
3360 9262
23645 9825
5698 7811
637 17167
12918 7782
9796 3493
15177 12781
866 7608
16333 16634
16956 22974
2049 17844
18358 19749
23252 5777
15141 8328
18739 5294
17788 26
20632 9693
4325 2312
8639 15883
17741 8222
1154 18633
101 21688
190 7706
1368 17177
1790 7565
9402 6774
11654 9017
21995 268
9028 8557
17786 10365
6557 17542
15860 21869
5783 3252
8893 3630
19392 1174
13491 471
15910 14007
15920 10012
19488 12074
22948 1473
11134 15268
7491 22691
11296 11033
22055 6077
21539 14028
5831 16929
16690 23533
3554 1429
4535 20584
3840 22628
20277 14363
2247 15248
20793 247
21925 14053
8120 8863
20199 17417
17742 3305
6622 22841
3760 23675
14702 21265
18546 9529
13049 22031
18234 8156
7838 9947
8655 11704
12838 2029
13535 17422
21959 3192
23665 7684
11404 15244
21048 7891
17708 21347
4754 7733
961 18061
23203 23356
12577 5134
6180 12027
17111 3891
5276 9082
13110 8088
14116 18657
2967 19309
17395 13981
22783 6252
10807 23506
22797 14027
2921 6625
7761 18673
16686 20843
7704 3912
6065 18560
8059 3335
2261 9412
19451 7303
20027 12264
21715 22359
22409 16807
1052 6458
20978 12974
16225 7310
18498 15863
1943 12713
19597 218
175 17638
938 16807
19158 21367
15115 4795
12081 1462
20616 11446
11564 1163
19831 18033
15167 2213
17675 22790
19273 12209
9426 13674
6695 1079
20432 9190
16241 21201
974 17451
18981 14976
10868 14842
20183 15623
20451 13356
11871 746
12102 3960
7571 9757
3143 17855
12368 9565
5601 16764
21803 9507
13798 6741
5095 7345
4264 17340
15459 17504
279 4498
14478 9918
5383 5986
8633 18951
621 17735
21463 4706
12244 12369
17776 21239
7432 19960
15989 5401
5895 1117
68 17971
8295 22508
233 15171
10927 10300
117 15154
10637 16887
13230 22251
14895 4184
9318 10183
17370 5314
14508 17061
22374 866
14014 6446
20045 4953
16597 14472
15139 9665
23363 6013
2009 16835
923 15581
3850 11624
13416 3249
22853 981
11596 22020
9160 2185
11429 16697
2294 10573
23161 3968
5455 14290
7182 13444
15841 19106
11746 4310
11279 21487
2284 22149
23111 388
3687 4287
11700 1617
9821 13141
17445 18879
18416 6259
18190 10414
8523 17348
2662 5660
4683 9023
8691 1143
20811 1190
9676 4258
16187 465
23389 65
14807 6550
6508 20083
9531 14595
23171 15172
2177 4648
15263 16542
22654 12266
17008 19237
5269 4803
16478 1210
7720 10208
1143 10621
21279 2396
19430 13824
10036 3854
1761 15509
2214 15576
15793 9189
20143 6412
3224 18657
15157 1906
21982 13604
11946 585
1711 14075
16254 3458
7050 12853
11004 21966
22681 1842
11619 15609
12524 4832
20968 13337
8738 12698
10864 14453
4253 1792
3513 9571
22063 4128
4645 13882
22988 1672
12564 6270
6073 20594
18031 14556
11152 19620
8981 20990
8612 10568
13057 20947
4062 21174
1067 14970
20203 22508
17730 8285
12491 11350
16574 2863
20068 10570
5582 6396
13317 10909
2449 8512
3984 5049
22137 331
7357 6143
12088 1978
15295 23418
8988 12288
1288 3139
17676 3120
14910 17457
6842 11966
14307 22206
20902 9854
20789 312
19078 11934
230 16108
16633 7029
9584 10990
8060 19698
15000 5198
19749 7555
17851 3120
11516 15254
23413 10104
7687 13
21375 19048
9296 16158
14663 23169
11834 21046
3563 4340
9193 19510
6986 15847
1239 19508
16771 7526
8054 11104
14739 17589
8181 9626
20364 15937
10792 6712
22562 10491
3911 2031
12742 6285
8213 7381
16406 20984
20794 21039
17168 8731
22353 21027
2159 3482
3818 13909
11292 18464
18462 9902
7833 23420
9440 16517
2306 6380
8188 5668
14928 473
11360 10442
3790 9672
1264 16468
17731 10029
12700 8555
8424 9142
20373 8305
9949 56
11657 20755
8944 3955
22012 14901
7439 19945
22566 13065
8364 15047
17818 10154
16734 13102
8814 19922
20281 12592
19618 615
14413 6499
19094 2949
12756 20279
15539 14419
22874 6954
201 9323
17292 18543
22389 440
12972 7006
20091 7949
6859 23703
3359 21397
8968 19604
17295 6734
5242 16392
17839 8200
8729 890
11260 6681
14174 2898
13289 20257
11015 10856
23057 7739
627 9613
15865 4405
19074 2889
1522 5086
4483 2897
23463 23275
17382 21908
11500 12260
4651 5803
954 1127
18461 19530
5411 19401
9813 8122
14389 5530
20666 641
8968 19868
21309 8819
7887 21426
1389 11662
12675 20903
15165 9771
14188 5485
6533 18466
13466 12776
12603 21875
3964 17830
4061 21184
17566 3457
12206 3118
4245 14686
3303 1474
3519 11838
11857 1628
21107 23527
5027 18425
20499 1448
10795 13470
10521 16560
19450 5389
5039 23422
17323 724
20425 17028
2505 1341
412 13000
17043 1551
2327 10201
5808 7458
15185 10771
13817 13800
17502 2246
3737 5781
10219 19201
21266 4618
303 17271
817 14002
23029 16856
16273 8881
4083 22538
3570 11792
4012 5635
9856 13875
11183 2004
16512 17199
5157 20748
19875 14824
18029 14369
21444 11984
4047 12378
4709 695
17786 17188
14415 22680
7011 18002
14786 5621
3983 13214
3695 17506
4228 21753
16671 19148
21433 15275
7566 5538
21703 21604
7561 9520
20779 6191
951 20769
4166 4960
4907 1713
14948 16689
22714 23022
13068 9485
49 13545
1830 22937
12429 7393
23613 18303
2210 19453
15437 4727
10401 5883
8187 13200
88 13944
5988 7170
13684 8146
18362 408
16621 16878
16107 13278
7098 5686
15197 19348
15306 8787
19926 20037
14984 21120
5753 1993
13071 18351
16462 8429
22179 19456
7869 17406
21721 17283
9710 23584
4666 4951
10665 5575
1026 23079
5994 1506
4089 11610
12829 3321
21795 3980
2988 2558
4514 2507
23100 5374
310 6437
12577 19714
4607 11882
2170 12426
15576 2274
19694 17412
12665 10702
6791 20687
22264 22914
9105 8805
23671 3824
13948 14867
18925 13595
15177 19564
11985 10328
20122 21504
19186 23436
2403 18872
15536 11123
14716 17355
8444 22332
23226 9898
8831 15563
20939 19514
1413 23633
17033 19670
7452 21272
17892 7080
13098 13380
2446 1419
20626 10854
17894 13360
11707 10312
7779 8440
14706 21542
3887 10325
22467 2518
4562 22172
16257 2767
21794 10342
1697 5471
7506 1525
524 20023
1468 14705
8013 21405
20175 215
15974 14467
14292 21946
11300 16129
12056 11672
19831 16601
2981 3841
16272 17288
22463 9888
9868 19816
10306 6595
1955 7017
9868 12676
3664 19821
23625 23039
5755 7208
22198 9792
15629 16850
3012 7723
22759 23033
19540 16287
9060 11162
11272 16780
12414 7736
17274 22071
8324 4118
23358 3589
7469 12643
1697 7430
19326 23414
10149 22229
2070 328
15017 10826
1297 2222
11813 3675
1053 17070
18974 23452
21517 3797
5540 21861
20192 18386
2438 11318
9805 4675
21243 21967
20906 18947
22026 19418
6820 933
19660 19804
9529 1293
21521 3716
15186 22094
20691 6024
7049 17513
16628 11936
5624 20542
21273 16294
9435 16053
9922 8273
2501 2069
6153 8461
12418 13490
219 10662
17237 16944
1422 4816
22812 23499
12668 14303
20944 5758
19806 16961
10296 2589
9320 9985
7936 9687
23504 13970
14285 22230
14124 17897
1326 19604
15312 19259
9318 5954
5913 22793
21816 23189
21432 21682
8593 6740
17714 5230
21705 2648
22504 14344
1340 10162
4252 986
18049 12550
12412 2994
13225 14883
4510 2788
4979 5823
16697 11541
12806 4309
3208 4328
4611 16974
13642 10098
9724 354
15893 13355
21971 6526
10452 3614
18459 13841
2613 931
19993 5866
5590 13481
3286 18149
9876 3660
18535 3879
17253 12465
12917 13341
8144 10622
6967 3304
15359 21032
2551 13001
19919 7742
7554 9632
2239 16612
5987 9003
13907 7754
17529 4451
8138 13527
817 2668
21976 19885
13056 16771
15743 12703
2566 6746
21005 20482
14710 16214
23168 7656
6099 11034
10459 2390
20720 9122
2083 334
6486 5699
23548 11954
19561 19604
12800 7902
2525 21806
16865 15620
11414 13273
13032 22470
13884 8845
2011 21537
19678 19931
12948 18697
213 4033
18568 19464
891 12294
7428 21928
19245 19771
21873 14880
9774 4552
10293 1066
8496 1761
15832 18971
18604 21342
8081 14620
15961 10357
21783 19647
1217 14493
10696 2345
19107 3288
20048 17143
9197 14044
21090 14180
2824 7105
1940 19154
15981 2382
3427 11284
2886 12581
6659 15819
4659 19256
509 12689
19332 22813
18661 2658
11554 22736
7670 2970
9725 8090
4116 20900
20887 14383
1192 7146
15395 1291
22746 10733
12085 16604
14916 5191
23357 3854
19603 2967
15216 20421
4012 1674
20344 3709
15359 22106
3987 7465
10047 18084
20128 14992
3869 13644
19169 8479
8949 22480
9765 177
2051 10265
7949 18973
16463 14793
12007 23491
7048 2350
692 8725
11973 15544
1897 1424
795 5739
22333 1867
7931 1559
7913 15035
341 15508
5193 15913
2688 21754
14604 1515
5764 20473
14943 1349
7416 4924
20103 2695
6070 6223
4721 22466
23177 753
23494 287
5576 22472
16496 4494
10852 5664
12229 7748
812 14536
1788 18298
19642 11245
4145 9737
9103 20660
21369 23094
12579 3991
18151 16659
9599 2608
6736 4267
505 8115
5288 5318
8887 18553
12679 2681
5825 4325
6210 16606
8466 4067
17442 15154
10488 7347
12716 7841
10688 18644
20458 13936
18292 270
7030 1444
1651 2801
11820 16673
13335 19150
19565 22725
9696 6501
19282 14588
5502 5759
4365 2352
9986 19461
8158 13901
22272 6725
7617 3593
6248 6227
8739 16637
22337 14881
16519 2026
7853 8730
21293 14408
9035 11221
6317 15074
18067 23030
20488 16812
1259 119
11156 3160
22738 7201
21722 17902
10002 8870
17065 15811
9598 6835
807 924
19358 6016
23429 14358
2485 15081
23668 15245
1862 11614
19555 10511
13308 21042
20592 22829
8733 98
18366 6979
20114 20704
11379 5354
22937 21238
13962 18049
7534 12170
12956 12770
21216 15692
13765 3776
9323 17705
4677 3766
3722 14656
22986 23170
16782 21889
12503 5
1708 16885
9419 19205
2803 8266
22273 12450
16226 4588
23260 7210
9166 6921
15160 15732
3322 7274
7437 2426
18148 9178
18574 3576
3810 12304
12656 11254
12048 15831
19965 3329
14151 11761
20809 2258
20576 11594
10429 1203
14758 4727
14225 20319
14569 12172
2686 5119
5538 3242
17383 17569
21734 18994
12346 18856
15881 6216
17378 4070
16991 23091
22307 14172
22645 344
18234 22301
9183 19640
10457 17044
18405 11184
20330 5036
6252 1831
17712 15736
3006 8647
16727 11925
21485 413
7792 12517
1685 19117
20145 3408
15347 8650
1568 17010
4178 7175
23050 3349
3150 14162
5973 9624
10853 1322
8030 10187
16164 21175
1222 10568
20952 2402
13491 8446
10900 20786
8358 3833
2658 20126
22632 5711
2106 21442
12383 10587
13211 8870
7805 6741
4945 16433
15037 17766
7270 3026
23257 19601
5289 3977
22827 7199
6514 3733
5541 10031
20764 417
9302 21720
11421 6311
1068 5468
22713 22672
1934 3872
5141 564
9049 14636
12961 8757
21069 17245
1359 6788
7537 20614
21755 502
8741 4197
8066 23576
14466 16089
15882 9135
4653 19719
22960 15832
15521 10573
9245 9766
1678 2596
21681 6556
4287 13745
14393 15511
3221 21411
15103 20351
8710 17648
21727 454
5135 20464
1495 17554
17874 7849
15868 9243
9320 12918
19884 19729
2394 452
18510 14714
605 21881
18095 443
911 5829
14340 15972
14844 5924
13349 1592
19588 16518
10508 9594
2760 16908
7092 2862
3244 11887
13665 699
17521 2356
12291 5879
22650 13548
22348 1684
12618 2810
577 4587
7321 15529
5538 8287
12318 2255
6287 17999
7410 4513
15588 19133
14419 14697
4902 5682
5626 18475
17869 15166
23200 21766
21207 2964
5721 21985
11687 9572
787 19982
12856 9422
21645 7869
13022 19846
2626 18069
9337 13855
8066 16079
22684 20988
21701 14235
19077 23682
20019 5303
11603 5916
1901 7101
3179 9779
16439 15383
6816 4115
15605 11815
5326 22518
12394 16015
267 23588
7478 12052
10486 691
18062 17711
340 16701
23591 11798
729 18098
13725 19427
3549 9524
10996 22997
1280 22075
8157 21653
2778 13285
8277 22684
8859 18727
12143 4157
4066 11253
12001 7095
19759 5650
1050 9824
15962 4738
6301 15539
18000 10399
6194 9344
14623 13446
22324 22039
7761 15277
18033 22282
20817 1829
8099 23511
1227 12069
18448 12085
13291 21131
502 2457
1654 8869
8497 22594
20173 12472
19560 7724
11131 21874
12088 4109
12866 17777
11529 23610
5639 1079
706 9151
22522 8583
17650 20916
17739 19451
14922 14815
11420 16579
7914 7842
5039 9680
3397 12214
3959 8750
5231 8729
14088 3311
22904 2135
690 21419
6673 2421
12287 13841
11998 8041
7495 7972
18693 18876
3544 4833
13667 18981
13043 991
2149 22370
418 7295
15695 3674
2969 1168
3102 1983
7837 18670
15009 13789
23371 10113
15670 19886
1458 11773
15186 10606
8210 3699
12066 6517
17804 2830
19808 7652
9219 17662
14605 2310
2749 2534
14187 10567
12159 11502
20145 2253
9348 5622
9737 14108
5176 19819
14223 165
17281 13626
10808 1297
897 2217
9196 9198
8311 20858
6137 15249
16743 16454
7261 16931
2016 6823
10753 6283
14592 17544
11856 19453
12298 18900
15582 14723
19575 22801
23451 12878
1232 12065
1800 9683
9163 23354
18860 11208
7246 23312
6401 17624
3177 11637
6469 1351
20881 19000
2810 15979
2817 3685
9793 20707
6736 9956
21538 6451
5909 16607
16214 9308
13290 15306
19650 5969
22912 11562
17669 19459
3630 6944
22976 22593
20186 13320
22392 21104
21277 6167
7512 17454
9256 8363
22780 8105
138 8512
14145 10586
10915 1907
17844 8440
1780 1504
11663 4559
22079 10744
23235 19596
9300 13912
17354 7035
7547 13507
4314 2229
9031 16280
13758 13092
12314 4
22924 13304
13448 17496
20052 2564
19302 10136
521 19154
1299 13829
13115 12451
22944 264
13778 8480
4118 9337
17544 13595
22731 22219
4133 1618
18143 18286
9175 1625
23197 22509
20587 6689
22393 2473
3349 17232
23209 7642
10730 19805
15120 5528
23285 6983
2947 22008
7629 11447
2155 13366
184 11391
17775 10420
4203 18495
19904 2775
20038 3270
21499 4381
18691 19429
2001 12588
20209 19043
5997 9022
10014 4204
7062 11305
8443 16152
7027 21868
7762 5259
11883 3302
22350 2306
9924 4364
11367 843
20777 9502
23489 11074
21536 12234
18593 18390
20020 12265
21097 17393
19545 15290
23691 12595
12014 11318
2081 18705
22117 17610
8809 14981
4904 19380
11181 2038
3423 1545
11296 2773
7789 7738
20141 2595
20563 16099
15686 1462
22975 7484
19291 1434
14502 22494
2871 17552
7308 22296
10113 15934
21178 9200
4642 7976
18308 20982
20371 3077
21155 10262
10115 9532
23083 3632
2639 13571
18157 5852
23425 20473
15650 12273
12554 11647
18030 2491
21310 22625
14502 20528
13208 13494
3496 17104
4753 18700
17478 8482
13624 17181
6593 21445
15513 11441
572 17637
969 20301
2109 1501
15960 6480
20931 15268
22649 19419
13865 2637
16028 17594
5447 23074
16671 3572
859 14262
16856 11788
11584 5595
7058 16046
3374 5569
13364 12106
12657 13136
13679 8394
16657 16808
4644 6404
17760 21433
1710 10716
23189 12745
14612 10500
2536 19603
1553 16475
2663 10318
20654 11731
16386 23092
5134 6195
1949 17322
23242 22634
2016 18183
1877 9614
5600 19950
11418 7160
14654 16350
9600 6794
19680 10762
15225 7301
15365 2856
17267 15437
648 2436
15550 20542
2236 14068
13798 8177
231 14504
2559 18334
15307 19352
17660 11061
17097 3481
2836 22881
3300 1573
9509 945
11074 22829
7214 5757
1720 15949
3771 17125
1717 23050
9818 83
17564 4285
8000 2678
21995 8897
20013 19838
23271 8409
20164 14785
1116 14639
10994 7169
18468 5960
4617 11675
3178 633
23540 20542
6899 2421
23572 7392
12071 16078
20200 1109
15342 380
19704 1242
19837 12879
8760 6349
16125 2979
20030 361
6591 10277
429 2386
22218 11348
9209 17453
3895 21170
15543 4341
21600 8276
17720 424
15473 13713
8197 5979
5036 23521
5309 3729
9966 18755
15617 9947
62 1544
2560 12548
17027 5943
8969 9745
8514 22466
12785 11650
11011 57
4580 5736
17459 5464
19147 11155
20993 2547
17063 7568
5617 21724
14357 767
4551 9495
10546 1587
7736 1979
19685 9442
3187 14840
537 736
14719 20399
17782 5381
5717 5348
735 13826
4219 18220
3615 6635
23595 10185
14615 21671
6098 13677
1908 7085
23086 22136
18460 9656
3532 6538
4906 14691
15154 19287
8916 20646
12145 16482
21101 9864
17558 2895
15399 17227
19732 23521
17920 10608
1590 12911
20148 20920
8540 6026
14493 16093
166 12652
6772 13002
5991 22858
18680 5940
11280 8232
10208 6341
20024 9232
13990 21540
1048 17919
11610 2360
135 23123
21012 3337
17645 14096
253 8270
14897 23560
15950 636
5091 19796
21011 8398
8533 14980
14550 22913
4918 2399
18860 4732
7892 16875
6430 18426
22653 12630
16557 19164
791 16899
9491 12400
1477 2747
19449 8786
4608 9726
16806 14886
159 13376
3557 1942
1112 5152
8701 1055
94 2109
13477 21339
7204 11682
1700 643
12803 11691
3442 11301
4987 23520
8791 20266
11994 14145
13057 21627
18876 16169
14067 20932
20381 10136
14175 11549
12664 6569
20226 8734
1411 1239
6182 17504
14461 20616
7330 10204
3967 20377
7938 22900
8913 20265
2330 4949
17344 7382
15005 6441
7607 5289
7568 4760
8388 21698
441 22114
1208 23668
9382 14024
7535 8355
10133 18533
22919 20430
17442 269
15719 20608
5540 22758
182 3227
6815 20987
23607 5848
3416 10790
2426 9036
13190 6872
16757 8830
1936 11071
7666 12237
2326 11347
1592 17707
2740 5709
19395 13461
4500 7140
22959 7674
7917 8156
3802 4011
10065 9784
16782 22090
22433 21029
7695 20656
19480 1232
7367 17316
12053 11547
21144 19433
2198 1999
18340 6498
6080 14085
11553 7041
12382 5284
7235 9235
2245 7867
3336 11443
4695 15072
16819 15368
13383 15268
17953 4543
3302 21960
17580 1239
4547 23131
13548 19291
20502 2279
20389 20476
8076 13845
5399 5502
3615 8458
13611 19853
20941 9373
9004 6964
15752 10571
10938 20033
2973 5213
21467 3303
12838 16023
6199 14918
19834 7476
1727 19031
22336 14514
18077 18140
2652 14376
2710 14052
5470 10291
6973 19251
23572 20336
16076 19852
5951 2996
11979 16417
13854 704
22173 1075
5167 11098
17780 20968
13559 2286
14088 9961
22463 19907
6086 17658
6949 20649
2388 2099
8039 4502
15348 5488
14260 8557
16091 9269
2762 13442
3379 15447
645 23566
1997 10383
6688 21055
13916 13990
7883 15670
16716 17077
17700 8568
5209 15910
23217 11666
20124 4603
16772 22020
2017 51
10271 13697
10732 20470
5155 12278
18705 22124
12093 1274
8866 4580
20429 1873
839 1696
1791 13315
4369 13126
4357 21769
23655 12043
16651 4238
5883 17338
1539 130
23622 21855
20894 11215
10478 23192
34 2622
8076 1791
22969 19325
21198 14629
23456 14823
9612 14115
15873 4863
3298 7012
10298 1713
7744 20360
17696 21539
12684 10674
3357 22526
15112 14937
7573 17257
18224 3760
21552 8956
20460 378
10353 1149
13255 15718
17306 19122
6096 7923
12570 10630
21209 12988
12692 14526
3497 18504
1762 12261
16518 7613
8664 1758
21034 2598
2236 19325
4507 23396
22472 21548
10618 17988
21614 16029
2408 20618
19583 16141
11120 3189
12221 23034
3466 22531
837 18150
19343 6663
8672 8318
13021 6363
17911 875
4182 20946
11708 7858
582 16673
11056 20956
1755 13647
12002 14365
1472 21163
23281 13430
20409 19958
7600 3162
346 3022
781 10965
19692 3119
2115 12510
13550 6775
8031 6396
12973 14780
9534 2998
16073 721
5835 23338
12690 12002
17678 448
4274 18412
6812 8687
7264 1690
17613 9493
19790 2864
6988 12800
11078 1929
4022 16152
1201 23536
15488 13207
12421 3635
10315 10984
802 1666
5898 19390
2536 9084
7591 22007
8590 17006
8120 10229
17603 17368
22641 19200
8669 10961
21195 5522
5634 6303
4899 8934
19171 3106
20386 17018
17597 19933
5219 17011
22421 17982
997 9828
15420 15169
1816 16989
5852 13983
19322 12934
9937 23384
8557 5240
4214 4572
19821 14293
10554 4951
17561 15396
12194 1634
11399 20206
19710 538
6921 8840
18342 7940
10450 15192
7427 11312
16717 22287
14764 19229
11983 10813
9150 18362
7314 9033
67 22421
8539 15878
8595 13179
11743 15354
14430 8307
6301 2272
14227 5273
4520 19985
6598 11071
20378 14350
19021 7685
14978 8516
23470 5729
3582 6759
171 7796
20381 8230
12963 18541
14235 1561
14491 19679
12609 12470
15526 20554
551 5328
22617 5233
22151 11038
138 17740
11844 11203
15111 6690
19498 10292
10867 9307
10332 20449
7877 10782
16173 3512
12870 6329
1331 15103
7422 4890
19039 14128
4414 20903
6304 13504
2883 18571
16488 2089
14854 3954
13451 6881
138 13427
19811 19035
5229 4678
1760 9191
6238 961
20784 21738
6691 10299
1086 12127
8932 3529
1371 12573
5180 684
8802 21749
1643 20706
8850 22405
1151 20340
1594 12107
7308 19261
12541 9970
734 17200
5912 15894
15223 12080
16478 990
15081 13695
18617 2004
20727 22902
15696 15636
19267 7848
6907 18817
2789 23
10606 18338
22612 17835
7602 12551
2632 332
14468 19437
15903 20869
20804 5883
15329 11004
1637 22503
6257 11624
20672 23298
16787 11439
2086 7374
9915 4943
9917 11579
10529 6689
18101 13384
22024 15990
13704 19265
9513 18758
12036 6189
829 10361
12639 14742
19635 17185
21571 15431
14346 926
7984 16197
15751 2771
10902 21677
2331 476
17930 8466
4932 14333
21113 18347
17275 11426
5220 12368
18030 6576
5988 3715
3108 2416
15502 10391
4324 11863
8735 3526
18559 3432
12226 4363
17371 17710
10548 8936
21891 13818
22928 20472
22683 1179
13625 19819
9388 22167
12977 3391
15099 23390
17338 10868
18489 17978
16096 9725
2584 4419
5132 12521
21909 11384
20382 951
4887 15719
4565 2452
3573 2649
1958 19317
7263 4696
516 8179
10004 22523
11836 13725
21114 1184
18811 22768
15033 9860
3966 19220
9697 4065
5561 3678
10211 23511
21147 9461
4724 3866
20741 9014
17720 14423
13157 8426
5122 15787
21428 14155
11706 12308
23166 5830
19263 10079
7162 9176
11048 21175
8145 21817
5817 1093
19016 8108
20070 21726
9152 17215
4853 11957
22015 9804
14338 11140
16396 7771
14930 12913
17097 21354
6190 23612
11779 18024
1130 17248
9548 18730
20752 23081
7334 14706
3456 16588
12334 3130
22736 5135
11344 22119
9254 20259
12972 1616
20903 21832
16443 9084
16275 16509
17644 22097
3451 1917
17699 3983
18977 10451
10501 22975
8163 21358
5280 6001
11580 19165
8916 13742
14731 4510
16088 13279
5461 16603
22879 9343
11414 18222
11186 14326
2015 4912
23421 6061
23205 7661
1623 19249
22489 13880
6548 11391
22557 14288
20242 6999
840 3451
16380 19740
5680 15635
14063 4900
13702 3088
15568 4802
21434 13843
13142 11870
236 6464
20873 17124
18586 10240
22493 4578
7924 18995
13621 13703
21177 7675
15227 15535
21932 3355
4519 21413
22401 10980
14644 10932
10559 2840
20853 5958
18623 14286
8520 3336
16622 19997
535 11722
9847 2737
16990 7559
5234 9462
22965 1005
22917 12137
19583 5902
22391 20731
23185 18915
14720 6181
11569 12921
16277 7391
21689 2235
21086 19151
10348 18708
13730 15406
10370 18356
17975 17004
12141 12349
602 2539
23425 338
1690 11973
8115 21878
19131 768
15338 5013
21291 22798
9345 2023
20285 832
1658 11306
9038 18994
14603 21955
3910 6481
19010 21076
6416 4309
2711 4068
17237 12669
22402 6697
2832 804
1676 10853
19553 11137
15826 4814
16578 13797
16509 683
6011 11688
3483 23473
22156 10348
10233 4080
18790 18861
169 8191
12285 10994
9161 16465
15973 2729
14353 3751
21401 15223
5126 11917
14694 18081
5627 11314
12669 11057
10886 3036
17716 10330
2190 15812
12649 9773
2801 5541
18642 9906
13726 22029
15411 9969
21884 22991
6164 4304
1216 20458
19834 8130
10732 8003
10426 12949
12303 5219
3223 8239
14499 14355
13258 17997
22137 7238
22645 20187
15555 7047
18715 10595
8438 17784
18092 19317
3634 7585
8431 1026
22096 6097
865 12307
22781 21727
17636 1952
19049 4452
7464 8908
17158 19047
18154 14772
23043 21059
10903 664
12717 16787
7305 6530
15382 14228
11551 11834
9222 2220
4858 6043
4657 2660
16958 9331
15550 2921
17269 3492
21230 9520
15815 11941
13761 19975
20665 3079
16904 12271
23419 5229
22854 15862
15358 6084
3863 780
6894 922
17216 1543
21791 14745
10477 1046
2887 20934
15946 2129
806 8519
8865 18345
8526 12474
13583 3427
8302 35
20263 1531
11632 9032
936 21380
22010 1255
39 17572
18311 10295
12150 7011
7019 1575
18858 21424
15404 19356
2401 8172
15593 20431
7851 10609
8030 3581
16747 2622
20066 11521
20958 16229
10355 22487
792 10315
11471 5283
22654 15771
3650 7709
8261 20356
20131 2394
11815 1819
2388 6928
18194 5952
9636 21863
13219 7607
7641 7478
16722 5361
17990 1477
9676 138
8146 3948
14658 17264
12621 22177
16287 11649
4501 9650
4247 14038
247 12377
11549 1262
20263 21518
18252 17748
16289 15991
13382 19796
2293 15362
17135 22036
8307 20339
3445 10729
3839 12564
20034 7359
8556 7181
13411 21249
9777 16681
1113 23663
4390 5064
15736 9243
9116 20633
16157 3499
2378 16836
12756 4898
21863 12155
2263 15214
11804 17337
10740 18714
10532 9933
10659 4703
2855 12587
7696 13375
19948 9516
848 14657
737 6288
4199 5881
22312 17370
22847 20476
6287 18588
17810 15593
9963 4595
20160 9166
2211 15705
88 9813
16285 9698
2339 21899
4896 8862
22009 3519
1914 4293
23560 15741
11184 8250
5857 11802
9203 16635
5479 8414
21693 12584
18589 5153
10579 15713
12361 5213
6195 8244
20561 11131
3716 3215
4882 11031
23560 6591
4609 17472
6815 15820
20928 9469
6500 8617
18773 1492
1671 20341
11046 917
5912 13968
16365 1616
14236 11561
5990 4148
2355 3308
468 22979
14982 18099
1196 13825
11956 18055
14545 10412
9511 6416
21677 9318
2320 3509
19991 12467
6007 12857
7782 21347
21448 15
22574 10719
22828 13648
23659 7036
3345 13447
22916 10982
15137 1886
21180 10436
12915 20617
5689 21635
1228 4915
657 12449
5887 5081
23576 12252
22633 1660
15916 2800
2701 21332
22934 22673
5631 18599
6625 12439
12967 19487
3018 21358
21154 1920
16440 10399
13142 22515
823 7130
20897 23368
4060 1824
19244 9979
3527 9321
14286 18864
21400 11448
5431 4908
21404 16596
19506 19590
12235 23023
2144 21148
3801 4661
1393 22951
15499 9165
16677 7463
18256 15142
8254 11762
21259 17045
2991 3781
15615 15155
7540 8769
11127 18539
2966 13336
6072 16934
22538 2912
1765 168
11353 22104
10402 21224
2265 13177
400 19213
2848 20708
15690 19095
21492 10490
14911 21679
20064 4042
21532 22295
19335 4438
15678 21425
17734 5499
17400 13599
19008 6201
9948 8435
22414 14046
15301 21420
14974 399
9110 15767
20508 8989
22661 21013
12626 7550
3936 6266
12527 2268
8802 2247
8113 13926
16838 20275
936 2425
16018 5393
17220 13531
12200 17545
6780 11627
22224 19468
7692 20672
16929 3995
2694 19378
11937 1192
8686 12810
14427 14194
5385 2344
15525 2525
1217 22639
9847 22657
17021 5349
19878 12270
5235 18239
12852 17298
21652 14749
17033 21585
15814 22561
6868 20461
10709 3028
19885 17963
474 16913
11197 8945
1689 40
21048 19779
22608 1277
7113 23602
17605 11127
3539 19884
21475 2848
11372 14574
15637 18446
11821 19758
11119 17965
18481 13924
20198 15890
23444 18609
4940 11451
15918 15315
18533 10482
1313 14634
8384 10344
6120 18793
547 12068
4144 6955
289 1559
4776 3936
3534 20682
7588 6089
1751 20711
8768 21053
12206 8587
12895 8008
18746 323
12383 22327
508 6824
1702 17681
12560 12699
18608 22862
22181 586
23146 19436
14150 11950
17490 9500
7185 3543
19190 15807
13088 20314
16154 21242
6948 1091
20758 17289
15500 11377
12273 14374
3214 18733
12897 14319
18823 13550
20753 17515
495 4026
19405 628
11297 20804
10349 10815
7802 21680
18246 16760
21383 2476
22008 3504
21844 8132
7860 17540
6522 10785
18939 15029
12302 21220
7248 22852
9168 1620
18616 10661
5710 16254
2445 21424
1185 5490
13674 249
13045 23369
19986 5838
6261 6450
8230 981
19137 6736
11379 22278
5549 18419
420 12939
3388 8450
2171 20660
17315 921
16164 7268
2911 13624
15938 19079
19069 22749
18338 4674
9780 20422
6368 14264
20880 12106
17980 5506
12067 19464
1533 814
2543 10425
21707 15228
14908 18616
17373 12528
7629 12970
15470 19688
10278 6683
504 23158
5881 4707
16077 1468
16074 21637
15988 19516
1532 2249
18361 16327
8667 12724
16166 12920
13350 2224
11626 518
15905 18240
13458 1372
22698 15891
17142 6318
5760 12763
4061 15365
5095 8034
18719 2678
3513 2105
3730 9236
601 20006
9736 14567
15733 3827
19371 2741
3970 23708
17131 2566
18987 19356
15618 16788
643 22237
10380 10251
6734 941
15953 655
10801 13612
16726 6108
22589 10217
8991 13353
15342 3435
5208 6642
23221 11465
884 11320
11113 22089
10920 14283
21652 11449
17290 3501
6973 12817
10233 12272
1676 6853
12504 18728
9955 4618
19263 19373
15766 16299
16245 19118
6320 11743
7332 12450
22625 262
1760 12071
6947 2139
10056 9066
1950 22161
13029 20957
21150 7169
17231 4320
2454 16203
19152 19809
11811 21034
1919 17920
4955 16827
12703 10018
22972 4132
12352 22353
11880 2774
2319 17738
3728 18679
10351 3043
20870 20104
4168 3444
3185 20829
18645 23445
9259 16424
8707 13116
22023 13375
15069 8361
14273 8279
13142 12995
22659 9143
21547 16195
7560 7996
21493 6193
17321 16520
6381 23246
16572 686
12479 575
14584 23335
319 1072
15420 6497
78 2600
11473 426
8222 4431
15842 10256
9474 23441
14473 16973
20684 18548
4874 15683
7403 12890
20207 15994
3829 692
8106 13391
19129 1003
629 16579
19443 1011
5603 11582
17998 4001
4343 16282
15014 8306
6568 16648
984 28
3789 6174
7773 13224
19937 16734
16487 11088
9432 17098
6020 20874
17625 561
18139 7362
11543 18403
5255 15667
19253 3526
18995 18230
12240 183
14949 6207
21168 3672
1425 6660
19776 18413
13258 5941
13213 17069
10342 5143
4984 12344
21774 11311
17966 19611
3596 11357
6885 2229
15164 11901
7560 19063
378 10655
7413 6095
2789 9405
589 14940
2122 11856
3522 5761
10633 15422
11132 6864
15482 13093
20164 3025
23378 20223
12883 3238
18061 9307
8405 1634
18845 17978
22724 10419
18549 21044
20402 13090
20491 13944
21842 13254
11678 20445
14301 11349
21129 10107
7090 21688
392 23463
6523 10906
11961 3747
6698 10463
14855 14215
17113 19272
18869 21488
17889 14150
18146 15632
12085 10287
10281 15561
2604 20984
9630 19921
11220 20590
16258 14660
11489 10475
15148 21610
19028 9863
9921 1024
13111 2588
8359 2367
20026 5654
11030 10216
15902 10435
913 8361
3696 16588
1335 14021
4092 22168
7405 23343
16476 20234
17377 13689
5305 11659
15431 1165
13819 23208
22636 8508
995 11439
9596 5022
8702 15014
22871 8833
16223 19047
19279 11400
5690 7935
11978 7824
19456 18801
19673 16659
4798 14932
1043 12423
16120 3188
10454 19847
18882 7905
10214 5814
19793 22752
8386 12824
9428 1751
12154 19051
20206 3617
6103 8485
11524 3271
7961 22221
6491 15420
409 20193
14813 13760
3621 11590
14494 16465
22773 21838
1692 13836
17827 8279
17486 16119
4301 18778
11111 15429
1616 10204
9375 12881
16278 18
23052 17547
907 3426
7342 13577
21625 20934
15558 18016
15798 9853
5061 15357
5743 917
10480 9632
2492 513
13770 485
10629 6975
16400 14924
8431 1382
17268 3718
5529 14361
8116 6301
14075 1928
19041 8481
5989 12696
20840 3734
12054 11781
21977 10846
19940 11540
10303 7708
12044 848
10318 20320
18055 22410
6773 15228
188 17807
16133 179
3327 19909
3234 1865
22748 6919
10495 9234
17887 17440
23544 17900
9443 14065
21468 21430
12483 14389
13958 3790
3464 5089
13325 19220
14463 6115
17466 19264
19809 5248
3224 19320
14133 11452
15734 12330
20697 17568
17537 2485
4792 11051
1485 16552
10818 19607
2883 19865
952 20478
7648 22208
16065 498
17148 16816
23623 1694
870 12424
5738 14077
8373 7919
11942 23090
15298 8665
6489 3207
8171 20761
20913 9411
2264 19507
5480 12135
11022 15000
5188 15700
17151 9665
15556 19656
4740 563
19941 5267
4587 17840
8690 19775
4450 13148
7534 15322
1742 12492
7962 8571
2887 6650
8350 14889
16371 10170
14548 19431
8781 13953
17827 8495
5855 3025
6831 6186
16769 6487
22084 14031
21740 23601
18357 3779
3204 8555
13004 19591
20239 7448
65 5095
16665 21226
15681 17385
19037 8376
23380 15395
9765 12948
9311 18937
2733 15171
7326 5473
13142 8017
18670 17528
19540 11169
4054 638
748 113
7025 10422
8854 1369
5586 19328
3691 1451
7104 8838
10164 6657
8897 15350
13381 13469
933 17469
14459 2287
19882 11823
10141 20830
16310 9035
4686 5498
12303 1464
5560 18744
20854 2953
4418 20966
8171 11912
22438 14916
14718 2462
4246 13380
22213 15337
18958 16922
13044 21590
9944 6216
5597 16482
9060 9635
13388 22954
11110 7882
20324 3272
9225 3081
14994 21916
17034 10281
22254 17835
20942 8632
23662 11955
2870 59
22186 6676
7893 19588
5052 9507
12396 1576
361 19116
5362 3732
20332 9233
13641 8512
12010 11660
16021 8663
11882 3316
12547 12778
6062 4999
4377 14071
17745 2303
13938 21376
19914 3819
11730 5084
9338 3661
22897 15845
9164 8029
10218 15100
15513 10956
17905 9624
17595 7383
8732 16020
8037 10854
6471 17374
2852 13518
10071 13472
7797 2908
20894 7432
15082 20106
2017 16540
23100 830
8007 5524
23502 6533
21480 6702
21681 18293
8469 5992
22884 5487
2375 22651
2139 5002
18086 11727
18495 1890
11116 14646
16602 13153
3943 13990
5893 9583
17133 10763
20635 6521
19787 8004
16916 16860
1586 22505
1671 14174
11017 2084
7497 16231
13353 8612
6184 4211
22446 19289
3331 22762
22517 20333
7764 389
2158 902
5149 13206
8738 11044
11446 4447
19617 3659
2521 6956
19028 13059
1825 16464
17913 18227
1508 12747
19384 21030
21747 19702
365 9926
20471 8452
17434 3036
13764 1555
15110 14956
16835 4705
15088 20331
16120 15168
8189 11538
10244 16074
7096 18425
3985 4098
19006 12754
6511 23533
8168 18964
5281 13207
13891 19027
7176 2617
1089 13080
7699 1418
13997 7700
15375 5963
10914 13469
5679 17801
16794 1804
18419 21265
5208 19630
19069 17923
20296 2484
7440 22108
12999 6317
11487 16449
4235 12221
7599 5579
13862 16811
8762 12251
1979 113
12190 14224
18394 1002
22734 10360
13867 14127
8266 4105
12671 12741
3131 18591
1851 4054
4008 5070
864 6852
21137 4469
12967 22965
18476 12003
2894 14823
8070 18420
9540 17326
21490 20438
16975 2756
11662 14853
9874 16634
12252 187
21922 6576
11209 17112
17585 20654
8003 16641
7018 13703
22377 2108
6789 11485
1517 12834
17829 22985
501 1272
20994 19083
22602 9809
5497 2315
703 21845
5676 559
12982 12525
9205 11880
4832 510
1591 12211
1106 3657
4919 7106
20012 23676
16683 9023
6811 1798
22784 11811
10473 16258
2399 3758
12814 10750
3313 6716
4013 3476
15425 21386
21072 11616
12895 14715
17452 18819
1916 20515
19183 18704
13536 8198
3153 11475
15332 7654
17563 7715
3691 23340
15196 6833
14262 9408
19405 7271
6653 3035
1010 444
9471 13573
13917 13038
14196 69
22353 5886
20218 2879
6972 63
11718 12836
8902 14865
10479 19541
21249 22809
18838 2256
14335 6070
19115 624
17328 9551
581 21798
5471 4203
1522 11752
19185 4558
4123 15009
14012 19835
21967 13927
16373 173
4206 13387
1405 20090
21660 19563
18924 20482
15768 15920
22752 5984
10092 12701
17300 14510
13249 1519
8679 16142
19522 16833
3763 22122
3688 4058
11317 9963
13601 17600
18804 15758
6545 3112
11841 18518
15001 3240
23325 19600
12375 18237
19200 1413
1642 5022
14641 12069
10445 97
7328 106
12780 4430
4306 14250
14887 7674
1618 6790
5562 9989
8617 646
7686 14821
3424 7511
14849 2635
6150 2202
1086 1171
20041 11248
15 5303
17916 17068
4124 11612
19860 4413
176 11227
14154 5372
22171 9501
3915 5807
6197 10629
12717 2557
8492 15789
13651 16247
10418 15501
20136 22405
21867 1304
11092 11602
14621 15765
8031 11647
2673 13642
17413 1099
19513 19926
3234 16510
9757 1201
8073 8595
8490 180
20853 17971
426 22212
15021 20614
5338 20401
10234 2209
18770 19711
20079 4661
5 17680
5237 10774
22146 19677
6260 21412
14092 2442
6772 3524
385 15731
11263 7385
19411 7664
1181 17179
6402 17326
23245 18058
21579 6096
13588 11666
2413 14785
6400 15480
15337 11477
23050 21026
145 5106
11660 2994
20931 23015
21816 13369
19065 17519
17055 18829
11500 17444
12841 14542
8701 13238
9249 3235
7776 16012
16192 16943
19388 1353
15027 8362
17390 19671
16175 16858
7982 18427
12057 10184
20188 19514
9900 7219
1788 4248
11401 6318
8812 4461
14589 3248
19776 2640
1908 21652
4141 16659
18729 17821
16307 11947
154 16264
6251 11392
4215 10331
94 23089
141 2780
2121 16519
8409 14496
6290 8220
5067 13447
2433 6983
16131 5940
15853 8344
22911 3965
22099 14025
9865 23502
21472 3566
8412 20569
10742 14166
22042 16570
6326 16492
10403 10011
15005 8046
4032 4972
18763 1464
21433 10066
4 9457
19377 15962
21555 18584
18622 19977
1735 15913
16596 5779
17624 21809
7097 5601
2666 8280
1984 22618
9385 3786
682 13243
22018 11561
23055 21743
3720 6276
15012 9391
9901 8209
18598 6512
22334 21829
4613 9662
18541 13144
16505 10257
19263 22420
6258 18748
6451 10960
20810 22408
7653 20408
7451 14076
22127 21302
2481 955
9102 13683
15551 11346
23105 4707
12049 12744
16966 13871
10628 11381
2262 9129
14911 8632
4328 8038
10773 10271
2130 3474
3955 21811
13913 3586
6330 10480
12127 6441
14023 4573
1339 7649
11664 1741
5554 21558
2334 7238
15788 10847
22441 4567
19555 6084
11764 19404
23123 19477
14843 7423
4407 16414
21964 9166
15558 6104
20184 19454
21804 2536
17725 14759
357 14135
15095 6789
22712 13857
20615 8300
20592 20516
15287 4826
17057 21213
312 17001
20954 22914
4811 16708
9670 14930
22050 20918
655 23040
1324 16494
12611 13543
7227 3220
6645 21085
13510 20964
19979 3528
20029 19557
19690 18298
11430 13895
20311 607
13806 15958
7770 20000
22644 1749
10360 11826
1112 893
8283 4522
20424 12651
4735 3376
4128 23147
6583 21018
22054 21864
6994 7625
20816 10615
17225 8385
12086 17965
14975 6752
2764 20197
2824 16273
252 20558
19677 4147
7751 18652
7332 5102
16186 8446
4843 1168
15107 18198
9304 6687
14313 12993
21356 10509
12058 18996
5618 946
248 7062
12964 12350
23053 23610
20263 4970
8022 22978
22632 17682
10644 8824
15629 14973
5723 5885
21971 397
5762 1118
1881 6924
22305 3438
11644 5423
12711 4738
1218 4404
18087 22060
214 7421
14845 6351
22704 17478
9149 867
14702 10548
12526 8282
3716 9592
18293 14152
19656 7068
18270 20581
23027 12826
12071 18534
15429 15754
21994 18041
1393 11829
21463 2312
22682 9899
15105 8679
13938 19555
7580 21380
4778 16258
22959 6844
10853 8673
9370 19078
22277 22878
18408 19866
22636 17583
15995 18437
4364 16635
20298 2338
464 16589
4160 10287
2668 14302
11267 337
938 20605
7141 14979
16123 13052
18380 15516
16635 20230
22810 17651
6288 4898
11440 18175
16262 23628
6361 15050
21191 15650
17489 13588
6299 13064
20763 77
1778 22808
12067 19085
9503 23067
2016 17915
17889 3607
23657 20142
5735 1748
14002 4456
2563 7732
5316 17120
2367 7722
11674 1365
15711 21818
9664 19752
2793 7948
14162 19967
17433 20646
12494 21622
19627 16547
2000 18605
5727 14778
14773 15098
19557 2905
3785 21395
22894 22948
3048 22707
17507 10400
21785 11398
12563 1805
3360 8690
15685 16629
22920 3477
16550 9045
18998 6211
10290 9030
10477 11991
14163 15054
6679 8218
9722 23407
7148 22967
14263 16188
10603 4792
17753 4128
16598 20679
10458 19125
7749 2511
4051 22439
2707 1298
19090 5602
15592 12459
717 21067
18530 2299
15623 23577
7861 13215
14140 8325
9882 7366
11018 2735
4604 16814
15856 6340
19681 9101
17594 17241
14987 15769
23351 8763
10028 15019
3780 17601
2976 10231
23546 5898
5517 12832
22464 1709
15153 21109
5597 4952
11224 4947
19610 3473
507 19366
7336 20586
17175 597
21083 19568
15583 9213
6162 14128
14749 8145
6332 23092
6671 18040
14852 19531
21672 18798
14931 4469
966 2495
14269 9312
9138 7974
22827 774
21270 19437
20940 9787
21932 15464
8600 10013
6588 20517
4108 14498
13200 5783
20189 6711
6918 10519
7065 4062
20531 8793
6984 3283
22283 14304
21382 6322
1923 17435
5402 13514
19376 4914
5366 10824
800 15846
20255 3388
301 1973
9176 20296
13903 3855
1120 17323
4201 12680
9836 23228
5918 10559
21201 116
1340 16499
1578 11130
11528 7900
8714 22028
17206 11207
10249 22232
18325 231
20387 2592
20867 21355
11986 5532
23635 10622
22835 2033
10889 2192
23484 12202
15860 22665
5794 5304
4311 20305
6092 15911
15220 23518
8648 2928
21029 10290
16052 6876
14543 10669
5442 19336
5805 1319
16134 340
1709 12589
15030 5887
20368 5175
21653 8622
6830 3997
679 9785
4314 547
217 21098
8901 1946
252 463
13084 3894
7792 14668
2678 17950
10477 21873
23597 5019
11816 15361
12189 22227
2496 14643
12359 22775
19209 15208
741 14647
14476 1230
21049 14874
7054 1619
5532 10165
15514 12127
5657 19142
15605 23297
17912 1445
4305 21120
12289 2685
13352 2544
13180 21736
9000 20158
20500 5622
17282 21147
8933 6073
11927 16792
18509 13296
23587 15147
20499 5139
15266 16377
12985 17392
19085 13838
17356 15451
11637 18187
1229 4654
6288 13120
21084 2937
9182 22217
13220 20555
11427 10789
5246 7680
6049 5801
21359 16275
9013 11685
9339 150
2296 10959
7156 23206
8619 21598
12615 5470
5780 17306
14868 8272
14542 6155
2514 5510
10659 5827
1937 1171
20942 15128
17701 20645
17301 2590
5778 21643
5531 19952
17822 23263
5073 14465
4791 20418
23253 7046
21495 12982
13659 3178
22690 5556
21889 2021
11470 18910
3389 22287
23504 7952
11271 6582
15322 3637
23504 15206
3310 11275
8126 4324
16123 20697
456 19447
6963 13500
1160 20197
15209 386
15224 13102
2571 3439
17397 20702
22244 3120
12420 13297
12804 18449
5064 7107
18581 14481
6750 15655
7187 8790
11718 20500
18959 19220
19487 7865
12411 19472
2238 22759
12702 16159
14380 3553
17047 1655
6455 19364
9318 7851
17210 1946
23536 21464
6633 10201
6175 22145
19263 7927
20774 8180
5763 10018
11949 16527
22157 2150
12990 1758
472 17861
21398 15418
2644 7504
9006 20929
9289 5878
1793 16818
18386 21112
22027 16798
1734 13654
23471 12647
20830 72
18488 18779
17043 12642
6133 16693
509 763
10063 20835
11948 18051
18694 5648
6127 5580
5241 230
10276 18894
13056 670
18972 20
22365 16342
20231 14148
12591 14351
14149 1866
1823 10691
12946 15380
22328 13099
14700 3542
480 16818
15349 19512
17229 4971
1430 15549
23700 13526
12747 23692
16015 18874
2188 2838
501 2837
20867 7146
21049 15786
788 41
16163 21376
6043 18179
12642 20794
22776 23150
18219 3510
12323 2365
17994 10926
4665 4491
23439 10970
3004 13196
18716 8221
16515 12625
5106 22548
4339 12297
11673 21947
23240 23584
21123 7462
6886 15574
5736 12634
18418 1204
14838 3485
14632 10069
4993 18128
10505 6492
13779 18072
10946 5164
3849 10101
6647 19158
3828 11869
20726 12082
15125 19552
10919 2641
5223 3307
18326 16230
7804 3709
7569 8517
17178 14004
18167 3866
5498 20434
11465 23088
12842 10407
20830 18461
7289 21405
13293 10626
18352 5757
22669 1943
2943 12928
10930 6041
19240 12166
22417 4975
4408 4991
4181 1758
17370 19603
10553 15382
9039 18716
12146 19639
23118 4242
19881 1577
6228 7291
18856 13627
23462 21254
3237 14728
18949 22355
12211 254
17172 6216
23489 10916
332 21973
4776 4878
22721 16238
19513 3179
15510 17309
9482 13289
2700 5526
17351 18026
17683 7221
13014 271
5622 4902
16969 12202
2670 15887
11596 6807
7490 21027
18846 10228
13784 14280
19297 22430
19772 23707
3211 18122
19527 16331
12122 7091
8974 1323
2865 15981
8234 13373
20504 11952
16992 14373
15179 21687
1162 3267
19627 22068
3734 22069
11148 9886
14480 12114
4240 18658
21541 17212
20878 6049
20630 21675
3393 12050
2686 6745
11927 4185
16570 6979
6935 3641
468 4115
15571 5683
4651 6848
13672 464
10148 2984
9923 5204
3934 1117
7816 19206
5945 19471
15229 2658
538 19624
4265 23159
20105 19930
14892 10252
22482 20861
20247 18748
12375 8678
13715 21969
22458 19646
15490 15942
13232 16014
12618 11019
16143 19092
23430 11080
16487 21181
20590 14426
23465 20333
8039 236
2167 446
10651 2784
21824 8589
5602 10383
5679 9208
18152 1833
17943 13367
9528 2737
14742 15518
14073 8900
18836 22601
6867 3342
3493 10000
4771 20580
1095 4164
2826 6266
22364 12714
21378 10112
21678 15919
2719 9181
4014 12485
12184 6457
291 5495
873 10373
19398 19082
12051 23303
18115 18839
13344 14228
20781 20919
538 8425
14376 5432
1849 1657
15045 10245
8667 20520
2599 13756
17265 7834
2462 14140
11222 16781
19310 1226
12746 958
13028 20213
21010 7636
2193 6791
8571 14721
14037 17962
6562 13310
16510 4202
6760 6943
19501 5305
23356 9396
9449 14393
2281 10393
11461 15856
5997 13886
16250 6628
4532 21930
10729 16230
4190 13741
14420 11984
15237 7444
16411 2091
350 12071
14920 23563
13779 22624
3530 5763
9637 3642
7490 15986
1713 12818
1490 14283
23362 20733
2336 9513
9207 16221
17595 5678
16768 7597
23438 23418
9153 15613
21966 19724
13226 21435
4348 7370
21044 20841
21164 10715
3382 11655
11098 6936
1521 11356
11083 18950
6026 6023
17727 5724
13145 18238
18609 3071
7852 8783
22001 14090
1553 18487
20706 23337
18216 18466
6501 13386
22719 4062
13312 204
4517 16017
14439 11943
16435 7375
23198 16975
18557 9350
12900 2321
5628 15478
15524 6524
5595 2348
1845 10546
14995 8174
973 7129
21949 2212
14614 11484
12108 1240
19214 867
22998 15945
6064 2698
21121 1733
21248 12919
17838 22141
11577 22887
15062 22274
17120 10542
13439 12417
20475 16728
5886 13334
10617 19625
6862 10538
4234 12963
8878 9881
15971 8789
14782 17661
2777 3351
17824 3385
1631 1001
1973 19443
14503 19796
18515 22483
6980 3041
902 5475
773 8910
1723 4871
10901 23475
22872 5817
1023 5991
9158 2579
14803 17207
11873 8815
21719 9005
13574 13175
10436 3225
8346 22960
1785 20513
23285 23288
4981 12121
20718 23568
8736 15951
9638 6001
17218 20765
31 2029
2732 3253
6029 12869
19399 7802
15884 12950
18245 23251
2295 18411
16585 10431
10450 39
23460 8688
5919 7834
12628 3373
14490 9483
10923 12607
1930 1571
4200 6574
5532 15702
21220 14348
10847 12707
7823 6958
21632 7310
18577 15760
3001 9772
18814 539
14192 22082
21477 12581
20434 5036
7433 21491
16880 6367
12453 16412
19022 21135
21691 8205
3720 21442
8005 2969
16948 16453
1611 20405
5431 8105
8965 8313
20322 14221
29 19072
6517 15778
1122 5447
977 10335
4824 20753
15384 11464
18158 10416
5652 18596
20593 20602
17760 23404
2081 9065
7448 23686
19630 19933
6473 13107
9279 16705
9705 22788
8434 5312
17556 7379
3708 594
9603 21935
20809 6953
10018 16589
551 8746
17509 13725
6250 1822
6962 20743
12020 2450
816 20013
192 6487
9760 21261
6110 21167
11036 1789
2081 6030
12394 12319
4410 16433
12494 8891
14557 11201
3468 19351
9864 4314
12267 18785
9388 1029
4434 8648
5345 13600
17589 16162
18795 16471
19973 12835
2916 7653
2898 18228
17041 6667
14679 11689
7163 21633
22993 7694
12307 8065
12179 18991
4025 5016
4884 5706
11387 1811
9065 15849
2572 4868
226 11588
11404 6526
20220 1841
3917 8143
16164 22196
11841 2549
21593 1876
2668 13996
15308 7692
651 10577
12616 18615
23049 4889
6995 18124
22506 18654
11107 6444
18107 19915
6919 6504
14787 21251
433 11941
2007 21491
2337 3892
23339 9584
16553 10356
14819 5322
11513 8874
16972 1347
18235 12901
17858 5203
12497 11461
15196 5128
13898 20065
12094 21227
20675 5990
8872 12184
8754 12468
15726 3563
23539 18223
13658 3949
12718 5328
2288 14848
6193 14164
3437 2492
5314 5408
14707 5667
22911 16296
8901 10324
8050 18111
15439 6449
19917 3897
20630 20583
13145 14883
20293 860
2212 4314
6922 4145
23319 18620
5051 5323
22995 15125
16692 13868
3046 2606
23066 9452
1200 15256
252 16137
18522 12711
12735 17081
13960 12499
13260 13295
18506 17937
9347 9408
14487 1268
8518 7201
20097 23313
15366 8514
19899 22096
20769 18093
5842 23362
12829 23559
19752 18494
17935 23343
7918 11003
12305 14014
11838 15976
8208 9036
14826 51
2650 10507
2085 3725
16058 17916
16299 15803
21301 7747
15445 7346
762 12842
16998 17720
5192 10088
21972 1925
10708 18174
12500 20651
23010 4050
1328 16062
19276 8799
4257 20533
14418 17043
18172 9353
3432 17741
14118 9105
11093 21936
20818 1287
9889 10025
3197 17876
22022 8761
19127 8362
8844 18964
22097 22333
18970 13549
19746 11793
2802 8087
10651 3914
6884 7973
23671 11188
17285 5636
9316 2131
19659 1068
18282 19490
742 15143
14212 7742
191 17092
6744 15135
4168 17917
3761 7126
6646 7071
11586 14504
5625 13250
23462 5042
12686 9002
3242 18357
11648 10828
8283 17428
8677 5206
1901 11765
4429 23064
14938 1615
16149 10755
13316 16801
3195 22027
3792 13883
9952 22706
7691 4946
5233 21639
11518 5364
11667 4754
5620 17219
13471 17678
17564 16896
16132 22778
13714 19858
7208 12844
5892 16049
22158 11125
19012 3928
22294 11342
7847 12448
14232 20682
167 15781
18980 2671
19485 16785
14887 19787
20792 12801
16869 15836
1326 7707
2483 14268
8499 13998
9711 10371
13543 9327
20465 9768
506 10722
22508 22914
13704 10026
5126 16566
12481 21304
8843 14441
23402 6082
5381 2329
85 2361
10327 21601
7383 524
3753 21399
21197 10842
22630 961
22536 17450
16573 7414
15800 1805
15466 23347
14473 20694
19066 10637
16160 5871
9340 6735
16494 18789
17685 23577
17906 21527
11643 15793
6434 11978
20970 17390
12473 3390
583 8571
2302 20742
15206 5471
8789 19500
4015 15196
21954 2601
5256 10371
21476 5626
6682 3192
20040 20274
12402 8993
16485 6976
1325 17480
19767 7161
7623 5910
20908 16103
3274 4557
1461 6908
10667 12284
16936 12262
17530 8314
3595 15459
6633 7428
5864 20575
21574 14924
21828 13964
20376 13005
850 10830
23614 11995
10783 6662
1157 23209
6104 14441
15210 3019
22318 16041
2390 23109
8524 8774
17483 19649
3136 20176
17663 17933
19050 7841
13079 19422
1358 23408
17761 8829
18394 13617
392 6698
23299 680
529 3188
16114 453
6997 3439
596 21377
10341 12771
189 9238
15890 7991
17987 14556
3335 10678
15575 14176
10011 9674
13541 18375
15364 11023
14051 7920
17002 19687
10445 2068
18017 2845
17191 17257
6071 7494
12265 4465
15692 4139
14154 21383
6910 13576
4336 14661
22544 10608
9317 7932
9140 8950
10470 13167
15740 18902
7262 10625
7006 9134
17783 17629
1111 18715
722 23486
3627 20731
3446 5061
18668 22899
430 13844
4406 16681
2201 19661
22604 7347
3762 20712
6406 12206
17881 18304
22067 606
12037 22598
6580 4634
13178 12202
14865 5476
19364 348
18529 11805
5011 3393
17658 17874
13828 15766
18096 3112
1745 4888
21902 12868
8737 22192
7534 14700
11501 7891
3956 21372
20788 4952
11737 21270
5452 12675
9453 8035
14782 21932
5873 1104
1846 5412
20060 12996
8052 8742
728 22162
22143 16090
6011 17196
5490 10407
10555 20267
22910 17076
7685 21212
19504 1831
6033 17532
9982 17363
3986 9136
20116 9059
4045 1283
11356 6130
4497 21875
22846 13108
17241 15584
21055 19269
7335 22791
22339 1071
14341 15542
15964 19141
10197 6148
2931 619
23136 15140
3456 15433
23029 13381
3269 22245
11289 21014
7269 12919
20259 17223
15804 9665
20408 12741
1484 360
14369 13538
14206 20640
16110 12400
20844 3639
8424 548
2586 11740
6084 18092
3401 23622
16637 4253
4223 10447
10683 2914
23702 11172
17090 5333
3583 5855
18952 22623
3877 6086
6633 4214
6372 8121
2292 22686
10866 2430
366 15321
19589 10124
11410 22672
20184 3686
7845 5272
13601 4368
7074 21402
7183 5823
17785 3103
10731 8260
1419 10021
5578 9771
6528 11815
20899 13434
19470 481
2997 19416
21821 11981
23686 5864
20782 5551
11635 5871
7990 17088
20705 18821
3143 2200
5522 1961
21853 509
8229 22837
11264 6583
5360 2724
17104 9469
3104 18261
1531 18124
11801 12511
11532 15326
20634 2829
8005 1294
19680 19235
16483 19902
19854 2119
10838 23635
14784 22189
14947 19517
14750 13133
16807 21186
21594 19061
22241 20705
4250 12757
21535 9169
12773 6845
11238 2522
2246 8540
7826 13081
8478 7047
19126 21068
9584 8238
16495 11451
10263 23312
2453 8370
21424 7975
1602 1744
18778 7549
6793 17561
16711 1405
9842 1596
2252 12787
9817 19838
17429 7999
1698 3041
12442 10472
17551 1162
11748 8128
20746 18022
8641 3960
18971 10309
14832 16867
23491 6481
16423 15242
10293 22503
12479 6499
17666 10197
12881 352
7532 2351
19042 7889
5098 5319
4555 11324
18388 950
10278 13502
6289 9809
21160 4375
15815 1842
10946 16379
11249 4694
21526 19584
10697 21083
17759 17900
20370 2857
23237 16844
16102 12901
7907 18266
20622 3844
20340 8021
23695 1860
18083 4637
8186 10519
11183 12636
4528 4849
9117 13755
22743 22478
15031 11629
14920 17183
9514 2027
11552 15883
5934 3023
11678 19622
661 16094
20127 10647
7542 8678
7917 16500
3267 7686
18695 23322
22957 23654
9923 622
18883 21075
9129 22944
11123 12296
4994 11164
6954 5385
18340 2031
17741 4101
3324 19720
1535 8821
8281 20184
4310 7777
3214 10315
2784 4282
8291 9401
14243 22479
23067 16524
12594 23034
4157 13508
9737 13997
2038 21562
22697 9349
12084 1132
21948 5382
5859 13833
4669 12101
14910 17670
20366 914
5894 1392
14309 12328
21174 14703
4271 14989
13250 6244
14978 18476
3516 612
17250 10920
14227 18364
10499 6065
12845 1387
22184 10363
19673 21796
16589 2026
15330 22355
674 16306
19028 9481
2545 7826
12469 7155
19506 2623
14625 20133
23332 7784
21969 23151
625 21127
176 21464
14611 22504
16744 8174
15237 14939
17639 9183
3667 9252
16700 14840
6761 23630
5193 8197
9420 14600
16286 166
17413 6437
5066 7282
487 18114
21767 4620
7396 5620
17921 115
20959 3461
11496 17744
20658 18706
1514 17435
18454 5696
17476 11449
19756 22893
13497 5356
1073 23275
4042 5893
18403 20847
14113 22680
17283 815
4188 2333
11175 4443
5174 15031
18991 10691
17087 16818
833 6401
11436 19099
21473 15587
3151 12272
14235 8641
22668 23320
10339 9638
7720 2377
13239 16171
17411 10093
3856 10315
11304 15650
20050 3693
22182 4725
18806 2649
11735 12452
13979 12273
12287 2519
7668 4480
18404 15962
6670 7638
5909 18321
5281 23313
1177 23467
17996 11725
17347 7041
17261 2710
12565 8669
5441 22896
18711 2616
11695 15259
4578 1233
1518 19274
2985 23373
5823 1810
10446 6697
232 19037
10168 20162
5760 11230
12498 11360
19240 9793
20895 12757
5668 17228
16792 2984
9330 19528
3772 22665
19326 4637
18893 3944
630 17775
2893 23036
7190 4297
4550 12678
23280 3999
2790 11055
18743 8402
16127 12997
14919 5677
5091 21563
14178 20524
1161 22128
6615 16096
10246 18158
16615 8985
10725 20409
15381 1778
12460 23598
13901 14094
4486 20959
8421 3920
9287 19112
14227 15410
6784 11425
23328 11393
439 2441
5174 12793
1238 18173
9389 3617
10545 16136
13438 9292
20870 19762
21650 11403
5766 11396
15430 16063
19215 5587
11616 5642
17692 18949
18618 9457
9604 14665
2119 6244
18003 14861
22795 22140
5048 16316
16387 13105
17795 4176
10768 3176
11459 11166
4203 15525
7357 8950
3601 17024
19056 2979
7965 21840
21597 20597
18777 17289
23500 4478
22590 9506
1123 20564
18239 11262
5749 10461
13357 771
9115 7113
306 22452
12664 7829
20076 15068
6442 22438
21459 22859
20920 12729
18175 10940
9811 9589
9001 2326
1847 7989
20492 4003
16994 20080
1220 17347
10071 2654
17425 16166
18458 20130
10176 2264
1883 16684
1281 19563
6601 3480
20618 6570
12247 4412
11213 20735
14884 8669
23685 3704
8726 10497
19680 3469
4188 23317
3272 12987
20091 20390
15632 2508
23133 7221
11433 1305
13888 16329
14238 319
11642 5190
2698 826
20179 6859
12292 5408
22234 9997
112 1126
1962 17299
12672 10065
3325 17090
5347 12567
11931 23496
2708 16170
18404 11052
6865 3551
15452 4014
2971 20990
18380 5516
15992 920
8154 17652
16947 18596
9369 23354
5334 6483
8020 11536
3547 17810
6274 16946
12153 14532
7652 1732
12401 569
15980 3837
11391 8048
16245 20796
7317 2436
17896 9802
11827 11503
8996 14958
23428 22610
16631 4036
20828 18269
19978 208
8450 2814
1469 20298
11167 8801
10433 22030
18938 19836
3210 9853
9365 15030
18152 12243
16919 1787
2585 12379
19800 21280
2667 10096
6164 20641
4103 4421
9417 22742
715 4522
7835 15182
16355 10666
10890 14089
3388 21264
21800 6985
8397 17028
19274 5191
16604 18056
3772 10712
5928 10340
20391 17274
12674 15235
22075 7548
21234 14282
13896 6233
12209 4370
23303 19314
652 2963
18906 7006
13754 15418
13567 19495
11828 120
12786 7950
5570 11146
21944 4778
915 18633
10986 14576
4177 14321
14960 7451
20426 21320
15823 17586
2090 14573
20459 6483
10972 7336
17222 2652
560 20908
8295 5366
20126 8538
15046 15374
15861 2813
22150 19027
17253 14166
17686 17111
8395 5660
20129 16336
12460 10402
16754 3976
618 1047
15986 515
16998 16582
21536 19321
2364 19897
7122 20737
15058 18189
9913 10172
11491 20558
5747 10879
3601 9287
3569 3358
8878 18843
21124 13974
3748 2683
1966 16424
11865 20146
151 16741
17345 16636
20862 2351
2726 14728
14294 22385
18366 23667
7765 15973
11128 22176
4479 16497
21969 21949
17287 13788
16933 740
9481 22817
12712 4560
17952 16450
6603 23670
18425 14966
21408 9714
7358 8726
9728 14252
9719 2506
22130 7932
22635 23516
1045 20120
10765 4793
14922 7654
2233 16402
3083 6147
99 10081
5127 14707
13103 4688
14911 19770
21380 9810
8528 12863
5156 19414
8698 4783
19395 10567
19872 8882
23074 2784
82 3071
18183 18493
17411 2770
5621 7566
5012 2866
19094 22604
9069 22125
16507 14375
19456 23302
6116 2450
8807 6489
20454 4858
15085 8624
14491 6000
20849 13551
7704 10344
6851 2422
15429 19506
4589 23387
19044 21357
10039 18414
18319 7245
8258 18232
22569 18080
14952 5964
20008 16983
8623 11753
14348 14023
5070 19743
9851 22820
20461 9693
11340 21081
12039 6909
12974 6438
11869 7114
11777 4182
4941 21155
17659 20925
8685 3757
6267 23547
4609 23312
7915 9953
11515 4937
20914 20180
3521 2328
20432 14387
13224 16900
1580 11800
9799 9322
18927 7394
11798 13322
12296 17839
18754 5587
15389 10406
16478 6666
2951 11255
2894 18089
10248 5869
578 15453
959 11545
13930 12699
2982 19637
9872 459
5247 9170
6708 13581
20925 17490
14224 15163
13316 15499
10388 17480
12956 5578
1697 11458
8248 10715
21164 18203
2508 8952
16661 7147
5163 8606
21665 4530
21634 16965
19197 693
1805 15507
15754 18933
11560 20779
10385 7128
4473 745
9128 443
9621 199
10314 9136
18488 10600
20739 19886
4402 17202
22699 16811
6424 15586
5533 20611
9692 8974
13525 18928
16624 5688
321 3500
13342 16575
10590 5541
3644 22535
10013 11165
10406 7466
1131 18272
13070 21835
20057 13581
13398 19329
2533 14540
18134 17716
11173 13134
5557 3273
16679 12977
9629 11235
5018 13348
18499 5476
14495 20009
10223 17991
7952 7889
18723 2764
710 8603
9625 7682
21476 16747
16745 12813
4815 6078
14000 17221
15569 2474
8103 10070
20681 16693
23532 8684
12166 6871
12250 12084
20484 2756
8185 16135
23578 6789
16368 21984
16506 2519
2332 22603
20825 18953
10706 22145
10326 7489
2439 13079
11457 21904
17501 4181
7767 18683
22718 22466
21278 12275
10857 10619
23282 23226
14971 20310
21680 21426
5050 15947
20734 14698
15786 17914
5250 18881
12852 16589
4258 11399
16193 7705
14626 4626
5198 1541
9211 13061
3189 6230
1216 101
4407 19817
15554 10452
6395 9243
19826 10384
13788 1985
22670 21860
3541 4524
2578 17675
19079 9392
13140 12072
6410 23677
11179 7922
2394 13785
13306 1673
5237 2280
21501 13668
21761 19863
17908 21606
12363 16522
3201 13014
22371 15156
4572 15494
12114 1417
17294 4499
2684 21969
11933 16821
22108 12183
20986 6354
23235 19786
21595 17893
10571 19775
17033 2116
1718 18513
2351 2963
20569 11290
17163 19966
5495 4580
5740 15070
23181 812
6150 9127
458 16510
7432 22685
20844 9325
18322 205
9440 7573
749 4233
23312 21103
4632 18198
23365 13143
4943 11831
12894 5340
8253 10528
3843 4289
13750 7677
2497 13350
21137 23496
579 10004
6723 3987
21377 8971
3801 11835
11716 14692
18599 17410
15934 20980
4086 16291
7937 4887
20270 16347
21568 19908
8995 3800
10206 16227
7578 2526
19913 796
18281 1264
23012 15503
18808 16473
20574 21512
22059 5076
9077 12753
7761 21637
2483 19373
14118 12937
6209 10967
22329 23099
19955 15591
22095 23117
8728 16331
7317 10089
23380 1842
15169 21395
4275 18780
7521 21522
12764 1334
22744 2926
13274 11738
9021 6629
20246 14159
3983 582
12072 19627
18366 9632
118 8074
8087 16914
18243 11037
10449 3495
15396 5700
2456 298
3896 369
1996 11765
16658 17807
21265 7655
19482 8945
5607 19892
23700 248
18155 23562
19320 20177
4232 17988
21746 5257
7455 17821
2060 13192
4008 23014
16804 5083
21879 96
19733 10063
17474 8404
23459 13728
5891 21219
20520 8199
21979 15247
11768 8904
8011 4799
5760 9749
1172 18034
508 12481
932 9163
10578 18674
16436 265
18414 19261
20570 18518
12970 4297
12198 19380
11070 12433
3775 17721
18470 6103
19410 10257
148 10799
6498 22795
17529 5921
17102 920
4434 11297
523 458
5262 7522
7871 2886
12653 10769
6282 1112
3181 22183
9892 8099
8970 13667
21938 4384
15808 317
14254 9405
19293 12773
10963 996
18014 13184
21623 13540
14111 1931
9267 1491
3837 11921
21303 10438
11671 13615
2610 6917
18264 16855
6393 4280
6462 4671
2192 22604
7249 20955
15576 7529
2772 17468
13687 20785
22332 23037
12062 2882
2385 4217
1641 9867
22824 20971
20993 23094
20077 7303
2141 23123
7959 8661
22003 5773
1411 18677
17851 23206
13411 3569
6449 8656
14077 8051
11336 13477
14317 11086
2145 9401
19720 9669
10582 20930
20333 404
14923 8720
22451 5466
4430 16205
17570 13226
15468 22406
7732 10125
4800 5390
11916 20093
18846 20569
4258 11036
21009 5071
17729 14126
15144 14395
18163 16293
534 12296
23696 8611
13937 10225
7436 12399
22009 3273
9397 9914
3902 20168
10350 9097
17437 6331
13544 1834
9357 15295
767 20390
10143 15701
9150 17123
1779 7415
5425 1946
54 10974
18935 13241
22221 1523
3946 17824
15979 8160
13108 10670
4337 20855
21676 3663
21995 11212
16438 15610
3279 6177
23040 5574
20334 8229
2426 6749
16948 19741
12808 2517
1963 14498
832 1895
13389 17203
17080 5751
18186 21852
17276 3292
22834 8737
17027 14465
20558 5982
23413 19115
4103 6754
23069 5077
23342 20848
15322 20923
12437 1521
11787 7552
22884 5411
23369 464
7103 14051
19455 2611
17586 6790
8180 3402
2245 21228
33 12503
15653 7880
19764 8637
8293 3340
6906 7109
1209 20598
5006 12853
21940 21294
13811 6585
14996 17162
22333 2011
3881 6762
17269 4292
18541 16586
20194 14354
4773 16082
5244 8347
10964 13813
12295 18876
1192 12581
23565 1517
13603 16587
8193 1433
21959 9337
11396 14328
5357 5464
22 8045
22181 5656
7551 10091
18587 2024
10677 12102
14877 12549
1616 23283
8844 6930
740 4685
23619 202
7201 19377
7906 125
9320 21664
20716 11926
12464 1396
1665 8840
15974 8506
13272 18613
685 12946
1716 1609
6192 5897
17237 15424
14604 2420
9022 11193
11436 18021
615 10627
22894 19442
6878 17473
3263 10240
21862 8391
365 20088
20869 3274
13368 14560
10145 2012
6895 14955
9181 1170
15034 21412
4901 17122
13399 21832
1699 10418
15790 14014
13336 9169
22860 12714
21244 13436
13443 20121
17958 7690
16901 11434
14792 3131
1246 9563
14069 4569
11814 3505
22687 11661
13026 5654
12741 1122
14822 3448
5643 19670
298 2869
19579 17404
6003 21848
19121 5471
12313 21992
3415 17918
7903 22798
2295 6933
3511 4052
16892 9919
19296 19438
10990 9818
324 2514
14069 23442
11758 10575
23631 7196
7543 8209
10891 13395
2676 21880
4650 3536
17317 7478
17406 6381
1127 10083
17917 17382
17648 14138
18087 16595
5169 7282
11624 6377
8323 9072
5622 21993
2993 22857
5670 4142
15755 6791
10846 3552
11108 5564
165 6385
15383 37
5783 4684
14532 2251
9945 6691
942 3901
18464 19971
18150 13881
14861 16260
20512 2510
1921 15219
8474 18656
22195 21048
13176 20441
18516 8944
16609 2537
21927 13453
16281 1495
23448 13009
23495 20101
6219 20347
4886 3396
12344 15830
9981 18485
20270 10749
3228 20625
13135 8708
17284 13090
19502 8396
23060 4565
8173 4585
12224 16252
15716 7795
6482 7097
2898 12579
18441 13941
10284 8476
17073 1626
23146 23554
18810 11983
4526 16393
22214 5470
17806 8572
9801 8867
5578 10458
17533 23316
17816 8822
19713 3804
21544 14105
1121 19547
4156 1894
11782 7485
10885 774
17547 12637
20985 17948
18015 20311
11098 19254
2096 12862
3440 17144
3036 7150
497 10595
15389 7412
16601 8227
16901 12328
12364 18385
21256 17150
3314 5507
8474 20207
9356 12042
22820 3415
17547 7598
13647 20215
15395 20336
18187 6769
11455 12146
22011 1196
1891 9622
14775 20726
5417 13458
21867 9362
5507 23375
18738 23335
22947 21451
3249 3453
4455 18132
12036 1125
4550 2239
11709 3000
14510 5325
22616 975
553 10239
7228 21180
23531 4787
13412 7190
16719 19146
3377 9662
11550 12670
18168 16283
5292 18894
13165 591
14709 5928
20271 2652
7159 903
22388 4386
3891 19120
17252 21443
1605 21343
4274 19147
7899 10580
1923 12748
5208 6497
16944 12238
12877 15358
18455 11373
12008 22975
18957 5090
19877 23427
9283 15746
14097 14064
5661 21974
5166 2620
5818 4611
22011 19619
14943 21733
17534 17171
12096 1382
11610 6690
9489 70
15688 14068
772 20021
8899 928
23022 12413
22066 1332
3666 11159
4009 17513
19345 3845
1939 11368
7510 23440
5848 13299
15111 20545
18082 19323
10462 8119
1378 14456
19518 9466
20023 12732
21660 22389
12228 10455
5421 18624
14004 2427
2792 6049
10009 19569
20455 8037
22991 13033
2955 4188
10609 20522
5973 8569
4531 6603
21657 2230
18844 2976
15861 1384
20049 15511
20265 9039
4635 8078
73 17372
18005 20581
7896 2181
2621 15133
13252 23149
2020 976
15463 294
1617 7997
9372 21869
14226 15412
13437 17495
17024 20059
14500 9661
14236 3257
3222 22940
1965 352
10384 19846
21583 15539
550 6949
13394 14089
22716 11893
10417 11991
10836 13737
23623 8427
13842 16603
16148 17224
7688 8604
13171 4162
8075 11228
15512 2731
7750 14108
16634 1657
3971 11590
15354 5527
17387 1207
2609 14874
9528 10479
3919 6962
21465 19052
5297 16347
22916 18161
7894 14717
424 5437
22883 953
18843 19967
23657 12056
16101 11728
7637 12999
15094 8391
21384 12662
22404 4636
18427 7366
19086 10698
2143 10870
10804 11037
3233 11307
23517 7253
13736 5433
3595 3197
2407 21690
3883 21372
6680 18940
13359 7697
7545 7443
10744 20936
12245 22629
9262 3816
5072 16695
7404 14444
22537 20787
8262 783
1876 8103
18540 3823
13084 8317
17025 9075
19353 23318
19156 11151
2523 4698
9633 22619
5832 21437
112 4263
4387 15096
4344 19492
8329 22379
5831 9487
19319 3465
9711 3129
18135 2669
17334 9838
18682 21974
10137 18435
17192 11388
20523 17176
833 7013
20516 2674
21364 2395
22435 11834
2635 8058
3535 5799
21300 21282
8973 19143
2320 4223
8196 17630
15958 21764
14379 7800
6321 4844
12775 9048
5102 377
18056 212
928 22828
10242 1536
14782 8013
10993 4102
9525 6010
7730 2060
12631 10348
14402 635
4916 20874
15514 2325
6392 12294
17582 15835
10122 22218
3622 9014
16628 20514
13752 5583
7320 21162
23694 17591
16519 7156
869 778
12456 12385
13020 10265
5350 20251
1388 6516
3276 22250
20703 272
1680 1699
20278 12174
6797 11022
9721 19598
5029 11667
22381 10070
7980 6366
5573 797
21691 3993
8241 7682
14015 1162
3960 13305
798 21421
7155 23115
19880 12271
7932 19320
10023 8720
12511 7839
18527 3492
17019 14620
8166 17164
20179 7943
18357 20875
17997 2135
1145 5670
20132 5358
2389 17837
16631 16181
17263 2719
19211 14204
11889 11306
6180 22759
17174 21201
3493 22824
9381 23359
23214 18063
6758 603
20587 21937
18656 9848
5297 22276
1186 8491
2305 12132
19726 7570
10796 5286
12090 21853
10644 8799
13879 4105
14612 7755
16364 21736
10941 17746
12118 303
7083 9325
20342 297
10467 12243
7497 1364
22331 14733
7139 19172
10785 21659
14291 22205
7981 7423
18776 19187
3830 14102
15181 1272
17026 3079
13711 7911
10313 6440
18257 5985
2431 18681
15442 4922
447 5981
19272 7344
23132 2211
15630 22511
15304 12657
19161 696
20211 20246
8374 16394
19895 4479
20329 15789
2028 4312
16481 18335
12535 5960
17070 10263
11914 18289
4536 841
16378 22499
8899 5682
12749 17833
7754 13337
3285 15706
15453 17308
5001 5052
704 5999
13110 1373
13415 13484
8865 6884
17095 9806
15837 11887
13459 6772
11864 2521
6592 5475
1251 9524
4168 18632
18356 1944
3233 542
17983 22444
12651 15436
14594 18894
4736 13418
15933 5670
16133 14929
22018 16956
7467 5962
18422 7885
13961 19618
18854 7182
1462 13946
22488 8839
22494 19815
22492 12451
7645 8225
21017 6738
40 15853
10111 3455
5794 14184
11858 18244
3749 18832
22005 2661
13850 15160
7377 15262
8455 1067
5019 16603
10671 8793
9186 19475
249 11732
3128 22169
13436 21659
23215 22319
20177 5207
15031 23202
18579 3707
8864 17749
23370 9678
23254 10648
9970 1065
8213 16740
17885 14492
567 21747
7941 12701
10253 14740
19896 13693
6624 5013
12415 9703
1554 22477
15052 14350
8207 13380
1665 22607
3919 4818
11227 19708
11329 2242
19918 22551
3453 16320
7 23309
134 11920
1847 19323
4342 3273
9948 19248
10356 15861
20478 11406
13783 3412
8578 16960
21826 22122
9943 164
4402 12808
20253 7425
4371 14679
7955 23485
10779 4279
6649 1824
14024 15481
18874 7258
11575 12644
13680 20438
5866 7212
23673 2960
2724 21384
1860 23215
7056 794
18184 13502
4701 10545
5909 2417
3624 15403
17832 5550
5551 9838
19634 11439
8389 8793
21388 5530
8167 149
9277 13465
20700 11105
8178 3833
22197 23375
17743 989
3724 15340
6701 20986
2795 16791
5406 10000
18418 7567
10826 7354
22963 23665
18477 3501
22075 18686
18592 2313
16259 16582
3263 2195
6856 2225
3577 6914
23540 6024
21166 3874
6315 4648
20899 7285
16770 19308
18441 15633
7821 12585
15424 15452
10246 10090
16731 3269
17021 19669
1737 15008
2324 15058
20477 5173
23393 1358
12328 21611
2567 6157
11402 9734
3094 12247
7316 10919
4379 23592
9610 7815
16655 8336
22349 8237
7999 22534
19481 17993
3845 23128
4377 2086
11881 22177
14372 4932
12563 9925
14764 15291
11777 22414
22269 20744
866 20858
21823 5196
3186 6281
13395 17983
22352 10790
17088 18066
7477 9643
4416 2484
16070 15898
19446 84
4612 2591
585 17758
12569 3795
13537 18606
4701 3312
9360 15772
20190 22512
20110 10936
11073 17884
17318 19292
16075 18806
19567 21752
20846 363
18958 16074
10828 18295
21537 7339
13794 18125
17229 13859
489 1087
8683 1737
7676 8407
12602 10784
17561 4216
10589 17604
7467 17095
20522 8831
17977 2290
3359 5713
4220 14601
19579 5424
17524 16403
9005 9475
978 11770
3723 22659
19126 10407
9161 7455
7054 6979
3325 9632
3966 14002
17057 2205
21463 4797
12538 16985
12459 20315
9291 2532
4582 17204
2309 10146
14744 22160
21240 255
13155 1786
16516 8401
17299 14409
2245 23272
3681 18399
5953 22524
1059 8226
2711 1466
3133 19466
8811 21776
19784 11016
17695 14373
8297 6307
5885 724
13187 9395
5753 3452
23419 13547
14561 16939
4149 1320
15998 7805
16576 6218
2863 0
784 18884
11617 12541
6597 15853
19154 12233
174 21608
9770 12442
930 14181
18886 4050
17068 11229
21014 12311
1593 22274
13091 2279
8836 2921
17637 8623
20350 2002
4514 17949
1323 5847
14520 3167
13883 12154
11898 923
7090 4384
20360 2358
15718 1394
14241 16402
12097 17094
2073 17017
10100 22833
4408 14016
9346 11691
8636 22698
2667 22061
7374 8903
7307 22562
19223 21257
16257 17491
11512 8997
13010 17756
6035 2536
9219 9147
22672 19119
9534 5113
8744 13862
11292 10854
6908 10989
18474 10446
295 4162
1343 22289
16382 17939
8849 21946
7207 4326
8755 20393
10221 6634
5975 9609
23525 7352
14762 22905
14577 22754
17508 15418
14537 9007
12745 16392
19823 12447
17336 21479
7032 8378
10369 17158
17013 19101
10156 15699
13914 11728
21457 16736
4806 6911
17806 11202
4211 10820
20438 14277
14896 20858
20893 15486
3464 1994
23474 17617
6875 18408
20560 12489
12086 525
6876 21308
15984 3184
22341 8868
12381 8770
17239 15248
10936 2979
7644 17548
19719 15421
1420 2372
1402 6786
10682 20377
18025 20443
11016 4930
20147 15283
6646 27
3462 2803
18291 13589
11462 15594
5205 12749
22197 15484
2640 9088
7477 13918
8166 20860
7576 779
10698 3065
13301 11041
21598 5209
2343 139
17422 11277
5339 3851
2058 23642
11095 5515
2692 4566
7867 19639
2677 7323
5569 11886
16408 9836
735 15728
12876 3345
9973 14216
246 20085
6344 17579
19233 13991
16020 11325
5121 7081
20211 10765
22402 18171
18121 20819
17309 2613
11366 7739
23079 12746
6298 22853
12022 13115
4846 15432
19403 13294
8707 15127
5211 5492
3303 3774
23449 16988
1065 5117
14343 22507
14151 16779
15935 13078
11687 19764
1855 12959
21392 9113
23366 1860
5567 6905
18427 21884
7144 9034
19005 17825
11397 4072
20808 12501
8155 12822
6028 17668
2726 21008
18898 23101
14142 693
8603 11335
23 8790
22177 11690
3800 23173
12095 1406
10154 15952
12421 1691
650 11892
16454 13773
10440 9175
14508 2954
4897 11304
19511 2765
5837 19040
6531 21728
9856 17683
21799 2354
718 2303
14274 6203
2555 5442
4475 21805
19181 9411
9660 13791
16282 15863
21610 8583
6457 4067
1678 16188
13788 23392
1455 22717
4601 17628
13017 6293
15264 18150
12240 13099
2530 3505
14079 5673
22567 2550
18095 13661
18428 21569
23623 20497
1610 11731
19628 14904
20662 5616
13013 5249
766 20879
18405 2861
16267 7469
13258 23126
2725 5405
15420 18050
7572 13889
14349 5630
14503 18881
21092 8622
7533 2123
5491 20647
3 3285
22295 2562
19861 13880
22448 21281
11132 7705
13597 3973
2927 13092
16721 10328
10274 20697
16334 14879
11923 22353
1225 17190
1584 7222
5068 14564
15470 4021
6222 20658
2074 5791
16750 18077
10997 6196
4033 15297
3989 15439
10362 3789
2312 23428
11170 17727
8158 10620
12641 12466
14826 11776
8093 11257
7730 6321
2050 2847
9916 21901
6035 5371
21507 22785
11893 20648
19538 5100
4869 10100
13506 10019
8056 10128
21083 9311
11490 19784
23295 17076
5048 11523
1834 9678
13991 3653
6269 18195
9539 4695
5545 7552
19376 8883
15547 4078
16772 5297
14679 9370
3167 8020
20674 6518
23096 16379
19992 14100
2261 16578
11233 12427
18763 927
15200 3379
11392 15562
9798 22572
12169 391
8139 19722
11433 6400
1428 4485
19285 2849
21657 19135
5440 19633
12669 22348
8331 23270
13732 16999
7269 20176
4763 23357
7144 12528
5376 3937
15621 21973
10006 15067
16990 20362
5816 20260
6753 626
16677 13272
12920 8106
21875 14875
10815 14770
22889 2740
17739 22193
22844 9064
11013 20514
14464 7869
10718 16107
18946 19960
4057 7722
15132 2386
5850 3930
2034 11750
9167 5229
3739 15654
1021 10110
8080 7962
7984 15442
16642 9216
18529 20867
19791 3774
6595 797
137 13842
21366 5055
2197 4625
6842 17342
5543 1719
13630 17855
22445 9686
11757 19445
7879 371
1377 1376
21416 2069
1434 12775
23616 23180
4425 11847
6776 18581
5251 10329
21444 8537
20449 11105
9373 6553
12807 461
12309 18128
1528 12599
11268 8184
16573 4523
15220 273
17418 23630
15773 18343
17926 11310
16354 6841
5717 1260
12205 18288
7669 1465
6854 12711
14554 2809
3381 14152
16943 9747
6030 14608
12163 23389
3286 2828
3323 11065
2051 18388
6609 23402
17428 14295
4495 4
8302 10976
14959 16996
12143 22399
4591 3710
7654 4441
13945 22067
22541 8703
6775 8517
3889 15990
11981 18919
3658 3718
11910 6027
13280 9540
1135 6255
23356 9634
22083 3793
13727 19473
5817 803
13824 10562
7992 13651
7513 22518
21745 10552
9970 11488
8341 12231
15344 11365
14982 11646
21893 4151
22395 19495
11490 20924
11054 18274
2206 2954
19269 13571
16078 2312
9191 11300
5363 5796
5098 21313
10180 9816
21660 16032
17093 8083
2127 10159
7454 3517
15139 9562
21356 14343
2526 10924
6577 15825
4381 19306
6532 5861
8305 8402
12264 1519
11535 5049
22480 5911
21393 6918
5634 6383
16374 7990
8671 20832
14057 14104
9807 10347
8027 20022
15013 1719
3553 9228
13870 10964
1216 15477
4382 13713
9439 2410
8449 13575
17307 4711
9496 6196
17986 13701
20419 8386
14127 504
17080 1013
10489 16270
5596 5352
22669 1247
7148 16007
14867 9533
16918 14894
16120 16580
9846 9792
11442 13085
6714 12564
2797 13258
20084 6733
12613 22130
1874 10910
5330 5785
23188 20003
11746 6140
22865 2283
14394 17243
19426 5672
17457 22844
5870 23128
5159 12680
17834 15691
2574 10975
5389 8232
5306 14389
14765 17024
12907 19436
13658 8465
16515 15198
14136 4728
14063 10174
12016 115
4082 11928
3971 728
16239 16524
19953 11362
2915 18357
1650 6733
4845 18534
19032 22692
13511 22696
15338 10503
14530 9517
11020 19593
3249 8573
12089 21339
15801 21287
15682 5680
19352 17287
18963 22814
17042 11940
18676 12059
558 19150
19505 19586
13862 15653
17126 22908
2808 10731
4961 10571
23162 1324
11886 12963
21290 136
16916 10032
7325 4109
6253 8185
2169 11693
8517 17885
15734 20087
18883 12961
18622 16139
9049 14371
16245 13435
2998 735
6821 7875
3132 20733
6369 21450
9461 507
21970 16125
10820 17272
5481 2745
14887 23547
16852 17880
6881 13840
19894 14602
8846 17137
8109 5917
21024 8655
21288 3723
4883 12820
21464 441
19664 3060
19407 213
23027 3454
4238 20796
7510 12353
16003 163
778 22615
16376 11859
14907 11584
882 13883
2251 12515
14999 1648
5414 9207
11525 13425
4558 7317
14627 13636
13311 18008
12468 84
1462 12338
11619 7162
20811 15819
15074 13197
11407 11153
11910 1054
9911 3325
2892 3558
2550 11975
613 16101
1671 7101
15850 12644
16241 13448
14688 9226
4009 10983
6058 5705
492 11725
12152 7893
1668 11136
1433 5170
17057 9752
8945 986
15116 9954
18641 20813
11467 881
23258 17984
3881 6367
12444 2999
3941 22422
7375 10024
8003 22030
23102 4658
8531 14897
7171 9249
12900 23281
15089 1888
22582 10280
20278 22870
3308 4054
19460 17808
8456 15102
1369 14058
7378 5057
1740 23076
2899 5271
21793 8328
7940 15612
11498 8048
18014 11716
5038 3639
14271 484
20670 20692
20833 16868
10281 3826
7229 18909
16549 14514
4239 589
18614 19353
8967 2034
22802 5001
8408 9668
13125 23054
19689 12924
20016 3758
11863 11681
2188 6728
22126 10213
11884 9528
18973 13177
3354 4668
6990 13249
22190 987
2538 18259
8810 14660
20084 4463
8078 18599
20702 9957
18374 16883
5258 2156
20683 6948
6647 22627
9347 6237
14431 18234
17549 10239
11945 9802
11892 11527
818 3674
14061 9898
10761 17252
2880 11496
7301 18455
17159 18190
4062 6141
13808 22178
22468 11390
7712 14073
4728 3387
7336 11252
12561 5216
10985 18721
16213 15523
10346 22877
23126 21993
6761 16666
9566 7669
9378 2434
4344 2195
8745 5228
11002 20398
18774 1078
1270 18050
13172 16210
1806 22862
705 3750
7559 14247
15475 13017
19691 9125
18612 19906
12484 18960
8099 13489
6606 4270
12671 18023
16694 12765
19119 18937
13878 20908
3164 20136
6064 10037
5632 8432
21571 12552
13906 22255
18356 21282
3262 15648
18306 2461
21616 7650
1104 12497
15829 10270
1807 23063
3493 16062
2442 14124
1345 15745
15634 15084
8292 18832
5224 14120
17388 18598
17117 20340
10514 15424
11333 11647
277 5890
4342 16533
18074 12240
1298 7555
16859 9087
1520 402
14769 3487
5250 21004
1381 6465
5840 18577
17869 18681
4616 14811
7254 7919
17414 12722
9935 9978
2598 9961
15501 21399
15019 2754
5460 6086
11832 8431
3535 14813
1161 9159
18786 17349
858 18764
6022 10511
7509 14574
23382 7851
7074 7584
8085 20872
23153 5788
13014 281
12145 16178
6427 12106
20398 23183
9422 749
19591 11549
13505 23014
554 20182
20619 8138
15444 9288
5127 10885
104 22983
10321 6030
1410 17255
18632 10758
23018 4865
18228 4282
18229 10262
22045 1957
20017 14360
13024 6634
11390 13636
13527 22253
15499 21017
15993 21341
5239 13081
21353 4813
20535 22311
654 20096
8376 7796
3765 23137
13633 18539
5775 6242
4293 13961
14971 8611
17587 15922
12290 6671
12009 10786
22556 14867
22307 21058
2429 17270
13295 21614
19858 7232
23547 2482
18690 9330
10630 4941
3927 22984
10382 13782
7418 9652
14320 20529
19133 7838
17360 23578
2268 11154
18718 8035
6050 15948
19327 13112
14531 6249
16198 3732
10004 6194
7061 19463
7183 14675
22764 16983
12081 1879
20101 10834
3575 19745
16403 1395
22372 22322
3880 2258
12345 18635
16666 4896
3416 767
20788 14432
15707 19187
1514 16011
17119 10914
22550 9916
8891 9501
12039 15196
565 15887
21894 701
23534 19703
6835 21406
15443 7234
4994 8543
463 18549
18649 15097
20891 8515
3561 19660
14336 15205
16113 11205
4286 4859
23471 17751
19421 22376
5734 10082
18225 18509
5552 20762
9563 12119
1442 8975
13188 18567
13417 10559
17895 2937
10756 20688
7283 8523
14916 7360
18964 11079
6149 8312
7473 9100
11955 11628
20532 18815
4003 17811
16775 4474
18621 18244
22166 15890
4422 14143
4476 11042
1364 8462
11337 3013
23312 7802
17277 7137
4800 9616
21580 18156
22423 15227
12842 2177
16118 23351
14535 18341
9070 11755
21385 8025
1827 7792
20745 11335
4758 11009
17725 13586
4933 5200
10170 23179
15009 21898
14681 6652
11391 14094
11767 11121
23342 6962
18538 4386
7609 15365
4349 10816
13488 11307
21872 17242
10269 3605
2229 3540
703 16576
21493 4417
6996 12435
4359 13234
14741 23336
5503 20802
17953 16910
4815 17055
11934 3366
11335 8354
6640 8045
13678 20483
6699 13630
4607 9206
3704 3413
6249 5994
14239 7681
10513 22174
15299 17430
4159 7459
14765 18228
12758 20350
20330 4373
23277 2717
15708 12980
7842 12315
2052 5941
5508 3835
21098 19008
18018 12260
18522 1034
22791 18659
4765 6598
4296 19863
2111 22516
12973 1823
12478 16695
2165 23495
5961 20361
14157 3909
4635 3673
10113 5318
7193 4170
13497 20123
21688 12840
2013 22592
6490 715
5706 3032
22819 18990
9211 20810
12823 4647
19802 22006
4767 1823
21485 9488
22845 17917
18670 13325
12308 1720
571 466
7840 2956
23024 3701
11531 1569
20795 14000
12610 19494
21633 10601
7813 15156
21817 22845
18947 17012
15485 19163
12737 15624
442 23503
10358 6595
17874 13240
22403 11949
834 12904
7344 546
14888 6361
20036 22233
11824 4918
260 23669
6614 13331
8014 13432
6527 2072
4809 4752
4362 11694
15631 20238
1523 20979
5862 5271
181 5149
6033 18663
13795 16268
11382 11869
9151 12358
10409 4074
2203 1729
3606 1103
13346 5766
19532 21674
23172 23303
6642 20512
15822 9972
19823 6923
6131 15016
15827 16526
21848 5822
12864 22461
13458 17498
14373 9029
15092 13106
7178 5916
10757 4989
4158 21569
21544 12475
12488 4936
1343 12336
6925 4422
13686 10180
13248 10156
18316 17230
828 2049
6959 4526
9415 15938
2393 6485
2939 6163
12776 20568
18753 8950
21775 7657
7271 2918
23436 19056
16858 6045
14420 16270
14368 1606
14536 6336
8390 14712
2880 3371
1380 21608
20090 23157
3107 21983
16707 16388
19919 1397
19188 5510
7453 10128
14954 20620
9104 4428
2269 8575
18513 20852
5091 17584
21938 16598
22501 1058
13513 9055
5217 14460
17269 238
9049 16161
21262 13524
169 4511
7597 12537
9180 1909
13053 21200
22395 6548
6029 20595
16727 9627
21382 985
20420 20281
770 3800
15777 8237
18170 7702
19489 3136
7771 20410
13570 3379
20881 2963
17373 22896
21193 14907
3819 23334
23015 1291
9616 8114
17492 196
5402 17508
18461 5486
6500 7438
11001 18871
18670 15861
14429 12823
9042 1587
16991 325
2432 20133
21734 9163
17332 9935
10199 22401
6692 4644
3638 21833
1720 6376
12326 16857
19261 9887
13803 19476
1085 3836
1431 6912
15340 22419
13853 15402
14421 20927
15135 12616
14582 2935
10297 12312
15885 5449
9564 7439
9245 15180
8412 4056
13507 12371
14217 13219
2079 5440
1279 15573
23046 8488
16153 1056
12575 22565
11316 8243
8928 17322
14001 19112
2996 8803
14659 5144
10777 13917
7487 10459
20800 13130
10308 14261
3409 17091
7191 21770
11198 12825
20803 20936
14174 8633
22311 11545
21759 11298
13802 2842
1060 6224
2781 15063
8529 7957
6102 16712
21342 6335
22268 3207
11138 23390
665 23358
9891 13723
11879 18105
7766 3037
17003 9012
13074 4746
145 8258
17200 2460
12888 11069
10296 6059
21153 6083
16352 13456
9521 22913
3091 16211
20240 2684
12700 8027
20674 11862
20503 17241
5804 18143
23617 6163
510 19842
19671 11493
6702 18026
5491 8134
4779 19662
13606 23325
23653 21035
6678 1476
5292 8820
23206 16460
4643 10347
19336 2843
3459 23456
10438 20345
3809 13519
4949 20693
9836 9109
18404 17817
1981 6408
904 19089
4272 5985
22123 1816
21973 11911
8128 15577
8542 12265
590 17843
824 2961
13168 17747
9472 2465
11996 11089
8191 4927
10687 15706
13540 5857
0 5571
7814 15655
22215 7853
14533 19747
9120 22046
9581 4954
12651 2846
2354 1583
11044 4041
3067 14757
2479 7256
6109 21587
17420 14118
18598 15536
17447 16365
6852 14759
10343 11973
20725 23394
22978 9699
20511 16774
22833 12739
20210 3697
17858 96
8826 21803
22052 16073
7800 3552
3210 15106
3854 6429
20436 6009
2172 17266
17500 5704
1770 2609
5529 3726
18020 8686
3804 21991
18096 8447
19239 2177
21194 8710
1570 2473
13013 20164
311 23173
7164 10237
19444 21338
17616 5997
11106 2699
10604 1446
5085 6247
11694 20859
4577 775
9359 21636
8958 62
16965 10245
20859 705
7594 5155
18009 19440
3457 23518
8125 12984
5502 19079
8595 7209
12641 23158
11772 21670
23104 8141
2987 18584
17744 22724
20889 13235
4944 197
5372 20784
10977 11392
10992 10215
11599 8542
13704 19061
18880 7322
15662 12915
14684 14619
19441 2959
4586 8639
22182 11307
22659 6271
5118 9258
6004 12806
13606 10081
20282 15061
8634 3788
1372 15091
23589 14586
2958 14555
18130 14834
3658 1370
1612 21774
11402 4927
2986 8423
3263 8925
117 20050
14145 7390
12083 12063
9700 13843
6832 15528
8641 4499
9614 22943
11632 13719
22718 2073
18922 19066
6340 15906
8695 16623
13531 15735
11741 1171
13150 12673
11530 11119
7457 11192
17146 22596
14035 22715
4821 21885
7855 19731
10753 14829
6529 696
5989 14372
19175 13954
7342 10055
23559 14677
4990 2364
22985 8310
10444 7143
10207 20680
8584 2277
12111 424
14473 9889
13547 18645
18010 2835
7476 16116
17713 12116
18076 23324
14647 1409
4559 2872
14720 3246
19788 20431
17154 2335
20309 10676
19027 6291
7016 9156
10017 5049
7280 16693
12740 728
13184 14240
16758 6584
7516 18835
13911 4989
20700 9276
11554 21670
8322 4563
16810 223
6913 23642
2838 14479
19214 9003
19854 18844
8322 9999
23391 775
15015 5157
9497 19826
5688 3743
13772 21379
5326 2562
7077 1012
16832 1501
22750 21941
14771 3601
22428 3059
5184 19365
23080 16045
5798 13539
12262 11199
13397 5996
19279 11471
20567 19673
5015 20440
17195 6904
13286 4236
10334 18931
18409 2241
12879 5094
8298 9423
5762 17054
8510 11473
9174 5796
11695 15481
9297 2952
2721 15598
10541 10180
22089 19874
18490 22238
13734 23450
22864 2643
15641 12854
9642 8999
15996 15441
5020 5080
4265 9948
15934 17892
4900 7491
12374 4556
16344 11833
3423 6369
4081 9799
15736 1078
104 22669
19896 10387
11975 11099
17668 1018
17769 10333
14189 19811
2429 4278
15834 8407
6717 1271
17145 19987
5270 9363
13762 12622
5522 15618
18732 1300
15239 2705
16784 7112
13021 23015
4325 17396
21004 16615
7589 14530
9937 5844
14253 9114
7049 14199
21517 13069
20369 1140
417 9391
9868 9734
18381 12703
5940 17527
16803 2818
12017 271
16603 2944
6354 6632
4251 23594
18317 18504
23365 8622
19754 12123
5916 20258
580 22304
10462 12731
3920 16563
22010 5320
2157 7810
13446 15660
5311 10823
6133 7993
19958 13646
4168 11533
19574 4256
16724 2207
16725 8511
19778 21238
10034 1714
543 531
1505 12229
3418 16682
5076 8735
9146 20968
16033 71
11086 3082
4860 19660
1 3600
7237 7508
10512 18146
6642 3623
2922 12813
6982 16683
788 18680
10029 11014
12941 4210
12142 15190
7946 6798
2130 17247
9617 22417
20361 19341
18164 15811
23322 6847
11448 23308
7146 19352
14082 9512
16530 16138
1513 16767
21192 2977
19801 12650
7541 6218
17308 18594
7252 1564
4679 22903
8595 21016
5687 6303
3229 12048
8554 2412
18118 12305
22284 2080
18191 6869
23120 16988
18549 5590
2411 3069
23428 12144
14059 6082
22336 7207
23146 16937
21973 18213
5049 17682
6022 4184
8795 21798
23403 18292
6357 6472
10540 12843
6838 18731
5435 7620
21211 16670
10611 19972
8630 11149
18248 18635
16533 718
7689 16537
21566 8715
2827 18881
15556 3538
5354 18058
19757 10138
459 1674
15318 22567
6850 6685
16130 13155
9481 12971
16098 6270
2511 18662
15995 22725
15425 22658
10947 3735
17449 16389
22938 3205
12231 11905
15041 15908
15463 17272
155 5384
18076 15972
4564 17172
13313 22704
2477 16889
14438 20604
23230 16471
407 21781
10226 10803
5244 10104
18380 9707
11959 20069
8611 7117
1401 4224
19117 17835
10026 5122
22060 19014
10677 18757
12639 13624
21474 949
3774 20926
21790 8714
3042 23011
102 18188
2358 12837
7884 9991
5125 12501
9131 7097
1197 14719
18880 5627
4875 23015
15887 18976
1780 22919
11778 17930
19033 15419
6755 15313
10646 21064
744 13564
8319 11141
13656 20569
18417 1193
17845 7745
18332 94
13536 9176
10734 23012
1610 4024
1453 4183
12288 17044
13274 19520
11691 7881
12876 14615
8400 10167
16264 22628
14689 22331
22493 8764
7978 11443
17273 1251
8842 12379
16247 13672
17631 21727
11668 14075
5584 9010
21579 12865
14976 1994
4786 13012
4561 10972
1202 13710
11700 1977
20498 5944
11996 209
10203 2428
22415 5362
4462 15834
1782 9703
10635 4796
2808 746
10173 14470
11340 21407
10846 7510
15572 18384
7794 4175
22620 9577
12706 22586
894 18930
6014 6331
9690 13839
7679 17144
3691 23225
20063 11859
19580 4992
18956 22231
20032 17912
3309 4358
13151 17814
18860 19163
18071 22739
8049 17212
21417 4084
23469 17080
23440 13982
16187 19898
22326 22252
8415 23329
11150 247
10956 4880
8193 21534
785 16628
7255 7180
9874 9507
20112 23005
15657 14713
7713 14711
9310 15127
6486 2757
21444 14682
13023 16029
7676 11516
22320 23677
11785 20842
18575 16755
7502 17696
10533 19499
782 20526
3824 21814
3414 19787
14067 11339
932 1666
15078 20464
23423 18170
363 23214
4177 21227
647 9008
2368 2359
19912 23672
20626 13660
6173 1564
9907 3079
13737 1288
15886 2872
2970 13338
16643 4807
4774 22668
21107 7568
9203 7257
18676 13068
9354 15390
16141 5526
10705 18370
7908 7112
4080 10879
9480 5091
20102 8900
4195 14882
10518 127
12741 19778
11224 17349
7803 6356
16691 20730
14011 3249
15114 3448
17040 1237
9851 411
4328 7465
14773 6756
23288 19467
3612 8150
16165 2755
9020 23368
4716 8563
10053 15459
5033 17115
21205 10629
13999 21608
1495 18229
12892 21883
11364 5593
12186 23249
21253 12573
16780 14508
14137 11376
9953 21141
13138 6647
11349 11056
17335 20979
5159 13341
13893 12707
5260 10069
1079 4150
12028 11137
22534 13663
21498 3996
12410 14165
4877 17173
20655 22032
9461 15147
13258 20371
14809 18785
23284 7322
22817 1760
2710 16242
18164 21689
1383 15373
3921 22011
1303 2099
14428 9459
1150 11688
22029 13611
5448 13430
6664 23655
13130 20564
22005 18585
8444 23639
2480 5394
6611 4073
2628 19188
21390 6279
7302 17038
15173 8164
4448 21204
10440 9456
7096 18418
11434 11384
14226 19628
21918 22185
10746 21645
19809 3728
11690 3536
4820 13164
4833 19905
13848 23402
13888 7830
6266 5104
12372 12284
17998 10699
20997 12249
22243 19765
4125 22578
8083 6131
5415 6337
4183 9178
13379 16153
8636 18630
22811 17292
2980 15437
1329 13374
18530 586
23018 14695
17207 18841
18045 7231
1823 23035
402 2413
665 12128
3967 20307
5375 3312
18102 6804
13825 13080
6867 8625
22006 2982
607 9327
13079 17107
15356 19284
6807 184
2925 3696
6895 9517
7254 1790
17163 17023
15423 3921
19939 6431
8594 955
6433 16084
2043 4778
7008 20071
16299 17542
16340 16791
11190 18209
11420 16089
19012 10232
12612 9621
4983 7696
18033 21957
1964 3465
4327 23660
645 22315
21078 4240
6328 2311
6264 20017
3428 18416
6179 21188
13924 8682
19951 21294
11845 6820
16687 9759
10836 18983
12950 23659
1707 134
20274 22462
3794 14712
2792 6819
6032 12501
7449 17153
8682 12350
10047 18838
5061 2126
6542 7215
18359 15124
17184 21118
18314 3795
1380 20929
3173 19301
22088 314
8742 15226
14982 18815
4763 4096
20661 288
5572 9112
9611 16127
18030 7354
21778 6208
10500 20611
257 444
7773 5503
815 16165
3110 10761
12516 2102
6119 6283
5579 22676
11078 7960
8113 22084
577 13965
16133 23313
7306 7926
18747 5222
12224 16326
11506 16457
18106 23112
21614 13809
16778 15621
8027 2856
2704 10613
23255 1455
14215 16854
4313 12849
12019 5249
13306 13950
13041 1591
6821 9822
8245 20043
4279 16842
8958 14044
4281 712
9791 21120
21514 15087
3180 10771
6227 7142
10588 22175
7530 23099
12766 22210
5904 20270
17891 9580
15453 21578
3262 21379
5013 9608
9641 12457
14788 4091
22030 23046
14651 14692
10120 10041
2182 20668
5493 22039
10737 1820
10749 5536
10910 9464
813 16522
22116 7681
12560 11853
6519 18967
1724 20632
2983 2056
11016 12325
14926 21266
5833 8615
18146 8009
16944 7928
12055 2542
8423 1398
17401 10055
7039 17382
4508 20234
6773 19886
5789 18280
20799 12463
13562 4290
16562 1911
16837 12083
17116 14131
2279 8822
191 1168
12496 13223
10466 22668
17164 23148
8388 11464
13052 2711
5842 22844
5884 15759
16158 20269
13879 18341
5299 11429
8892 17061
22122 2084
2037 11992
20777 11312
12454 16429
23305 6629
18463 18036
14321 689
19248 12075
8631 2140
23601 6454
8138 22034
22058 17437
15065 3925
9447 646
6302 7849
11615 8459
9054 2687
11761 1641
6987 14118
18659 14458
5785 11781
17025 16810
9480 18319
12898 2074
2395 13805
3307 10848
9333 19512
22989 14107
14691 22163
1859 21905
20232 6319
13958 18969
807 19312
1998 22356
12311 12162
17291 19598
228 17421
2591 1071
9312 7376
12232 13129
20127 11306
15022 1880
18709 7533
19845 7665
9368 21552
15468 10934
5235 20496
21856 20358
9071 21550
7328 13104
22547 22120
593 12843
13374 12182
17893 14669
3422 34
9512 9537
12490 3492
6901 23038
8383 18339
1229 10092
22220 13899
12424 9233
6443 14276
7482 15493
2858 5578
10591 9464
20413 918
21253 2418
159 21938
6921 18880
18280 20272
12926 11185
15198 6915
427 6351
21152 19483
13593 6065
371 11227
1215 2368
11974 11209
17333 10450
12189 19075
13886 21780
17109 421
20391 4046
21939 10676
7286 18094
18127 8697
15552 19681
166 3178
1208 16872
6937 15486
20459 17969
8450 21282
6168 6597
5892 5088
20223 1543
5843 7578
21736 13626
6491 5549
15250 17624
6257 3603
21358 1596
10851 13078
15117 11459
841 9555
992 1953
20627 1745
9092 17084
21115 5936
18662 42
3481 4043
15098 23107
6934 5002
16546 7722
16230 22457
14158 2298
1515 4548
14462 4350
9683 5811
3174 20886
15886 23382
16711 7618
17572 4803
2852 22941
22637 15220
16887 22746
13092 219
2946 16906
19590 2259
16783 6172
15405 14130
17228 15622
19081 3
16767 15095
3962 3201
8458 9371
14141 9987
10271 14785
10586 1496
17463 3069
22225 22542
23218 6362
565 11106
23126 21947
3626 992
2850 12312
16448 9530
22032 10958
2055 4796
12467 19344
15126 14486
13325 8678
8606 22331
21245 23155
11764 10849
19879 517
2129 10392
21174 18053
6007 9291
2889 15639
18499 1353
5549 7941
11582 12918
1582 15640
18972 765
6783 3719
17520 12200
10434 17368
20833 4650
14760 11803
4544 9984
13301 4692
4463 10384
21783 19952
23489 3718
20650 584
227 8883
22368 7870
7223 22849
16526 12061
22496 850
9606 18675
1155 23239
7693 4922
22253 1485
4532 11943
679 19470
3266 17362
1599 10802
19151 16644
10175 15684
4162 896
7640 22456
9366 20565
2381 18987
167 20928
12659 15474
12433 8638
11035 23642
10945 17249
4608 15694
22233 116
3888 3628
21140 15096
401 17262
4646 13445
22928 11532
12292 5447
9434 15901
10772 20249
8211 20953
6261 9167
10460 17360
1767 10134
8569 8803
17721 12635
13007 3879
17531 11096
9823 6106
8416 21257
14081 13420
4670 16124
8419 21276
5086 3818
9170 4830
13603 9623
3852 13922
18713 11000
4988 8630
1251 5941
937 21517
3708 15203
18603 16874
16490 4088
18395 14207
11589 11401
8437 19602
20488 8155
17240 6397
17737 290
7344 23625
21297 9930
8033 20368
18509 817
23219 12158
18351 4637
22688 17996
6801 10156
14290 3465
23292 4484
14605 19034
22373 9331
22105 10196
22911 778
5529 11934
11112 20526
1157 11806
3203 568
22376 3856
20327 1976
1018 23152
12876 15627
8589 17029
9259 3959
13896 10799
12620 22284
1058 21793
15171 22374
15371 18121
14830 3205
10888 9610
17587 12557
2504 19623
12873 1296
16006 20009
14275 21207
17150 16616
21917 21992
3675 23494
14621 14595
12493 19155
4543 14610
10027 8420
17542 3040
9379 15087
1896 13835
15822 8012
9505 20646
20338 18184
10812 22926
18520 17547
20276 7576
23139 14153
13508 10050
16703 4734
22850 16159
17464 4971
21340 19710
16658 11541
17247 13597
12360 10589
22591 19628
12498 13381
23070 14636
21809 12041
8861 23634
17344 23579
7345 15971
9738 15202
7690 20844
3612 22440
4001 14997
3919 14323
1622 23280
933 12908
19790 3242
5597 9295
16301 18875
7152 7244
949 3338
7785 12335
20467 23533
15010 16167
21649 8062
15291 22105
15817 3629
8506 3394
7278 16589
10249 17055
13445 21089
8219 7383
7004 6400
23258 3383
17226 7656
7818 14111
133 13807
7632 12212
16172 23197
10527 7140
984 10827
10533 16315
3943 14932
19648 12054
10483 12987
10276 16989
1329 15806
9556 19537
10991 21633
5810 20435
533 23098
3122 4018
17605 20683
12036 1399
11500 14676
22774 8937
5171 2770
18338 5660
13021 13994
20686 1367
6205 12921
12159 12151
18322 13258
724 14089
2691 4527
21470 20677
13972 8666
2842 22842
13985 19820
19789 12018
8107 6737
14909 12447
20481 8317
11885 7723
11723 18720
16815 9576
9785 433
10245 14973
19661 22111
6316 15110
545 14549
19678 3323
18216 18343
11313 18877
7614 17305
3635 8748
5278 8861
10090 11319
5063 21199
16980 2864
17779 11330
12390 22695
8663 18192
17615 19962
20028 14062
7471 9223
3918 10266
2094 5142
10831 6252
19858 12566
1102 8167
7799 3713
2136 14061
6063 6920
22552 11884
4586 22521
15487 4122
22873 15707
4402 19588
6492 21196
8964 3056
14356 5449
17942 5974
11316 9055
17864 3147
16189 19675
5368 3497
123 5591
11793 12375
3217 9113
21601 14648
3229 2615
2437 20127
18573 18064
1064 15864
4333 893
3173 4273
3371 12354
17485 7627
3113 17290
5619 6557
425 18728
12975 6435
20505 22817
14251 2852
20203 18331
9369 6398
6510 11361
19780 179
7718 6499
14122 18960
22920 7246
11538 22306
5795 14741
19626 10457
16876 3778
22334 7514
3911 14091
3101 8381
8275 18255
1695 5624
5994 3623
2195 20781
17576 21263
20285 17656
11089 22346
7306 8295
15098 20601
4828 17354
22591 20468
9666 15548
5911 8091
22594 23301
8856 2524
13103 19580
8405 11758
7660 23321
21198 16967
4482 7413
2919 22880
9936 14147
16169 15972
18638 631
16630 16164
5626 19368
3004 12255
17355 21813
9155 4764
2052 15452
19200 7989
20806 18923
20687 6495
2936 17085
10682 1944
13876 16811
4848 21709
7406 13392
8752 10756
14242 11290
3326 9557
1285 17645
14912 18964
13315 3727
18763 14094
9550 7290
12467 17869
17482 11221
756 5900
13018 20842
21570 15385
2121 18014
15652 4685
4525 7202
10578 6790
16158 4984
9967 19645
4915 4382
8821 18065
19462 12362
1351 6295
21812 17308
8079 8709
15575 21966
16673 22105
12132 8647
22295 15268
2621 21266
18426 8852
2922 23017
16058 4150
17008 9541
11904 3275
940 2990
13312 23126
1040 20771
457 18707
19233 15658
13473 5936
8376 20917
10414 18722
5001 15672
18328 5332
6729 20974
14263 23667
11602 4592
23596 5194
1243 19650
6350 16069
11446 11950
515 22302
18865 8078
13048 2083
1601 6885
5054 6018
16712 14278
5008 11114
13623 18173
17596 12730
16819 17797
16667 13108
8311 16760
20693 19195
9725 13663
7665 5088
19880 17971
11297 13027
3386 11808
6387 2806
10717 8747
5002 18899
5053 4390
21530 11999
20772 20891
22359 16953
11160 13416
4178 7301
19364 8309
12818 16542
11483 23163
5004 7737
23534 6939
20542 5337
19721 20390
19048 9808
8277 9986
22104 6860
9663 3848
23331 21599
6814 13138
9709 14186
12910 5514
10846 901
4322 9435
19835 23448
3551 19690
5470 18945
13766 18329
20113 18477
17331 21810
1416 4420
12110 7224
14928 9920
14842 21001
22557 23421
14698 307
14313 10093
23376 23378
6185 3528
4596 14801
8754 20789
13716 17018
3401 6094
10499 16958
20772 10734
10895 21994
13414 14525
7357 11272
15254 22962
3689 814
2725 23212
23091 19259
12216 5633
23151 10317
387 17595
11509 14309
15188 21283
2933 2788
13698 14484
1053 8247
8890 22925
18508 21310
275 22578
11906 7857
11334 11486
7891 12577
10757 6609
6217 22562
12225 7425
12285 11753
8644 17477
13252 21178
21770 11010
19967 8556
15698 9364
20115 9750
3789 5202
18034 16058
22209 15231
8719 16765
20414 17798
23005 7496
18772 8467
8342 17769
23380 7796
7909 10743
750 20606
14651 4857
13695 6552
22144 22978
1073 20780
16867 9758
13159 20040
14499 20497
11915 16873
20171 14349
20132 18819
12070 6928
4245 19057
16571 20723
19398 12951
9729 4689
22593 1745
23572 19790
2624 12334
22937 157
5134 4763
10333 21754
17839 4961
9884 9148
18176 23368
5001 980
22738 7963
8977 14610
1856 12096
7327 19765
1023 1363
11577 7616
5615 6007
7678 6555
6551 839
2231 5862
1732 131
9568 7777
22990 18548
16222 10636
17471 22814
5972 5307
1240 4227
15404 21014
21336 9542
13540 5079
14317 11854
15235 15735
17145 17699
4433 4033
5317 17164
21729 5625
9376 2553
483 12401
568 16979
20715 22950
23302 10904
23490 21475
20153 9568
5120 13247
7689 22569
16726 7988
18851 12658
21020 11522
5718 10504
17586 22830
14346 16619
3813 8962
6382 14434
10710 17214
13094 9433
9204 20793
3230 21877
10615 13364
20511 9385
14247 22394
17485 8862
2522 9146
22384 23081
13813 21904
18057 21484
22682 20346
22629 19683
7389 18812
20238 1206
2851 14214
17236 9717
19648 13929
6792 15326
11225 7609
1555 6789
19446 22530
9008 1247
11977 3515
13383 1606
15604 23314
5436 20305
14499 20523
16021 18895
8358 3888
4179 16684
7038 8350
10192 1234
13528 20054
12986 1494
8657 16495
18331 17072
9133 71
12115 14552
7326 6045
11162 20904
18299 22154
10365 16217
5127 12224
8685 19192
19664 604
17653 23210
13619 1447
20734 13788
17554 17405
22922 16013
1305 19886
20259 15784
21621 13366
22344 13655
22577 17034
22342 11650
20105 3194
23031 9021
10521 12661
5291 8458
8468 16942
14283 3325
67 13400
21879 183
16513 16251
13966 5866
3640 11825
17327 18660
22782 7386
7935 10397
13722 14222
20140 10371
3611 15292
1116 18937
4566 7604
5956 12486
4691 16676
17438 8441
11705 558
5536 1891
4314 2954
5836 2163
16595 5136
475 11603
13781 18732
19288 3697
11093 17016
21556 10212
7102 8201
9167 16180
11506 16459
19636 22234
22833 3127
12091 13425
1137 7274
22469 20289
13934 10489
14869 22121
8732 23676
13994 14508
22836 4127
12504 5592
18450 12482
11519 8043
18054 997
14254 13885
9240 8886
12060 22930
12617 19654
9686 3226
19736 9523
1173 5795
20753 521
19083 3751
12601 21732
12968 10259
22347 16362
5212 11894
21642 19256
16260 8028
17981 7812
21427 44
3009 6881
15948 22835
21370 2757
3392 8079
7359 11980
20660 3414
3664 7136
9885 1333
10072 15949
8874 14399
9681 11291
9946 10526
15540 19825
15818 9343
10068 15728
3072 15188
15981 22699
10403 7194
14918 14056
18201 17270
19545 19734
6613 23206
5849 17942
9423 10904
21235 21615
476 17030
19299 11836
8957 4303
9945 11136
4017 7794
4277 22817
17182 20401
21851 21122
1293 5481
6834 9379
8276 3092
22803 3848
3827 2184
2223 19245
8471 19999
22984 14123
5645 5146
5116 3500
17979 6644
4299 7295
11408 4813
2043 20035
20709 14249
21636 12457
14344 12659
5789 22465
1481 1964
18737 3186
20836 12887
1670 2766
3480 8050
4724 8944
7375 7710
15490 2228
2993 9413
5289 6153
15477 22074
1639 8909
16191 7527
7475 21396
2612 19071
4204 9564
632 4925
21797 13187
15060 2492
15603 4564
8771 6674
7799 6339
5292 17932
6739 6188
12077 1228
14463 20043
4196 1628
3514 12221
23062 184
19571 6566
3141 16095
13223 2917
1651 6327
1977 5003
12396 22819
2190 18007
17152 14311
19687 10815
2474 288
3858 9690
1245 17418
23577 3884
12167 14280
7924 10918
11148 683
14179 8581
4496 22115
7999 16597
12071 22568
22974 9829
1962 10703
15251 3689
1100 12316
1507 9355
16949 4964
15057 5905
9269 15827
19581 6661
10845 19479
14009 4437
8650 10456
19269 5630
5503 19110
8453 7551
16556 20285
9616 21431
19432 3429
23651 16871
17351 16431
13295 14588
17716 13478
8 18822
23065 1864
4052 2248
5662 12903
19041 15460
10404 11985
12034 2950
8598 6175
21858 779
11982 1992
4095 18790
9944 23410
23525 20500
10196 8502
10393 5266
14649 11854
13148 8712
14552 12343
19569 13298
13278 19804
6432 576
9833 16098
16358 19286
21900 3778
13490 10583
14884 22771
8229 23412
13111 2283
12505 17037
17652 16624
9621 6903
18009 6302
17921 13256
21105 3868
6811 16655
13033 3085
6324 10096
12248 19748
5765 16089
22933 3510
13349 21372
14613 9875
22025 10498
11206 1964
11627 11846
20809 17612
20224 16752
15673 862
8621 1020
17059 10766
14073 18397
9438 3015
3157 22128
19637 17925
13824 6267
1593 9191
22491 16824
9336 2594
3610 15064
19305 13195
15842 16375
811 3603
21029 19875
3240 6037
1266 2699
22357 12084
7402 11794
3593 18735
15078 14516
139 3639
18215 5017
13472 15531
12921 6390
14799 6928
17823 13043
17199 7487
15743 17243
18979 19684
6973 11132
13029 13141
18269 14103
19145 1632
9788 11460
9762 23709
17667 23546
19800 16898
1587 15814
17255 21987
13372 12696
19630 22681
12693 22873
4385 12186
7436 23276
12147 6212
1920 2824
1415 13311
11440 10170
22449 23510
23659 4114
15101 11651
7203 14164
1321 2811
4809 5309
4724 10193
16283 4919
19384 16319
9983 1178
1314 22709
3747 15309
22190 16987
16901 23178
21693 14749
1176 418
13149 16010
7409 2143
3137 18095
17000 1626
12040 13842
21725 17017
10072 20612
13463 20928
18117 13882
15217 10596
10811 23275
7861 11964
8613 10209
3808 17214
13511 18386
12130 9595
17054 9611
2703 5113
3029 669
6125 21885
14727 16311
10726 3906
4849 11922
8520 5767
20212 19290
22771 17046
5942 2973
8576 17255
15039 6486
8792 10558
3420 12839
16853 119
8084 23298
17673 5860
8194 8452
15833 11757
23277 10737
23268 14731
22891 1264
5603 7162
4679 4665
17598 1584
17967 1110
17178 12280
18493 22688
17734 17375
8721 8177
5828 4693
17954 20792
17557 21722
9145 10610
6575 16095
6587 17320
22944 20111
19825 18545
9732 19519
19128 12208
18448 514
10203 18275
12097 2155
10014 10794
11703 18664
13758 1517
17888 14043
9875 10077
13830 17549
22564 20551
738 8390
20185 14452
23626 16387
2014 20991
13809 17664
3596 18426
8416 19693
17851 21721
4168 20876
12132 13128
17519 20055
9469 5029
14678 10221
17138 53
10817 16630
18729 16335
9862 16513
21305 7242
17038 1925
4231 17493
12340 20278
4956 11367
12559 7863
17398 2175
3925 5671
16024 16492
23489 23126
16112 16397
11988 22638
23246 15130
21045 7503
1534 8196
23028 11025
1812 14969
9942 5277
12926 10005
6454 9058
5506 19887
10378 22432
3275 22191
11066 18502
12629 20581
9046 3668
14128 17695
19940 6906
20639 8570
9269 740
321 5068
17195 16373
14294 15494
5829 3293
13594 790
15300 23340
15314 12928
1832 15783
18271 3643
1595 7557
13844 7434
3253 10415
17737 18262
15079 4294
22017 3596
3714 19720
3074 8268
2075 5666
9703 17448
17197 10418
23681 16243
7415 14346
23336 16361
17733 100
20374 10850
1880 19866
15700 18787
6541 13160
15922 1998
14089 9510
8881 2574
11714 19913
18193 16442
4804 3656
2499 3262
20698 21560
21298 10371
11734 11438
13440 22926
2719 17247
3916 9183
11838 15857
14481 13021
21320 16995
16818 12686
7002 47
21813 235
10401 16805
4019 13513
23488 3702
6091 23168
18498 3313
918 7139
2775 5557
7743 1708
3113 7330
7315 7303
1300 9097
4413 8259
4959 19110
13300 21437
21993 7594
7634 12998
8538 4750
12945 7863
12274 13036
15105 13158
5500 13840
18193 4068
16141 12553
16835 19077
19982 17845
9544 15054
7395 12323
16092 22666
1724 4617
12824 10476
2619 17509
6878 3133
20933 13124
13655 17685
21240 3582
5301 7745
23452 1476
22807 2532
8777 9975
11217 13289
2867 23450
23539 7934
2505 7837
7761 22115
2181 8282
766 20423
12645 19289
9615 3380
13218 12347
19327 2244
898 19305
5282 1314
17196 89
8442 3030
16665 7153
3125 13269
17788 17117
21934 23652
21125 9398
15818 11712
14452 12120
22091 12404
16260 5689
8825 4976
13654 495
22007 7550
5561 14329
14564 7490
6504 20749
5738 23431
2884 406
15986 7608
10006 2130
5653 15454
3785 6322
16823 10349
2794 5070
4092 7319
101 15254
23287 13433
3623 19738
21205 12299
12458 20800
7554 21278
196 14514
6399 6971
2409 2945
23113 20600
8620 16157
14701 22144
16344 20111
6616 18062
18445 8604
22206 20545
10179 1295
16515 2626
13933 1680
1440 20365
16884 22857
20872 19945
22951 19770
16700 7656
8042 1526
12233 8343
21130 14462
4962 1649
10054 4255
5171 20481
1033 7461
22336 11412
5955 17667
14708 3560
19852 13445
17487 197
23061 21717
1333 9897
2947 10295
19217 18621
2417 1868
10259 13504
15206 6554
17805 18939
4857 1034
3436 10694
13133 178
16003 14536
20117 6235
5234 7404
14868 1836
1550 7508
11823 6055
21164 11655
8457 15398
4010 10780
12215 12983
4404 6985
17381 13146
8417 22649
15885 6188
14149 10404
6706 13777
10347 18472
15900 3512
20624 4313
12786 21558
14070 22925
156 8045
18487 637
22893 16809
23675 8694
10356 16375
16755 8337
1296 12789
13814 9218
4503 22284
16827 21644
1697 7357
15123 16348
3738 21112
19818 10378
10234 8425
9382 23205
21449 10432
20554 21001
19146 4916
22888 15111
13155 9735
8980 11506
14497 5686
18219 8133
13431 1531
7145 11027
16579 15083
20588 3078
13469 13485
6634 23352
4865 6787
16004 20780
1220 20501
13847 13299
9644 18433
292 14768
17464 2649
5400 1309
3434 22083
9516 8147
4574 13491
8081 17603
18565 17722
17652 8521
14870 20695
13008 242
18300 5438
11842 19840
17506 19424
11686 12165
2044 4816
15310 7571
19100 16077
23462 22401
1699 3837
17003 5625
4214 21238
9782 4786
1253 5750
10254 22498
11908 18639
9831 18166
698 5481
16699 4731
8012 20693
20099 3464
8964 12419
10256 1026
5026 3721
4099 5249
19362 14407
1255 4851
13190 12506
21986 6539
6240 21834
11334 14577
13180 23685
13984 18032
68 8662
8547 21088
5017 1199
17501 21637
16939 5361
10467 18954
11938 4575
21578 13186
9124 16383
11469 11540
15368 17858
10731 8549
5548 5175
68 21905
5025 1086
13834 9475
19219 22684
15982 22070
5513 4839
4370 15149
22515 6243
8248 23357
1320 9322
10699 6559
20739 10589
18486 1630
9631 13820
6934 23615
21060 10909
4932 20854
4606 22625
16036 16025
16281 945
7801 18687
23420 17633
1611 5426
15021 12333
477 16694
1408 21738
21983 4195
21172 5961
20479 9196
60 6479
6761 10786
13200 2424
14855 10282
7047 12551
7782 15433
133 16751
8032 22453
8093 19056
1867 22260
14778 19574
16617 14365
20045 2597
15888 16841
5010 6382
18100 8907
21750 21171
20391 1853
16457 11080
23423 3047
11286 16139
4992 22119
12129 14581
7023 2227
18462 14737
22936 10791
8544 20836
22006 15153
259 3048
7784 16300
8967 16139
2229 239
10625 6145
12821 10277
5036 8427
1371 9527
6590 13579
16369 13081
13834 15649
11745 19262
17917 7028
17862 3053
5377 8700
12741 18399
186 10276
3739 3037
22829 15642
14619 1773
7660 20592
21992 13806
21644 16090
2219 16370
13147 17054
20603 22839
982 12705
16948 16447
20477 18407
20695 13691
9891 2802
468 20322
22162 1678
2877 22268
11076 5041
2893 5209
11183 1293
16560 23487
7756 21763
10602 15795
22544 19246
13096 3872
10621 10865
11114 13477
5746 4386
21709 126
3517 22004
17856 17603
12991 14804
4471 21546
8955 726
6262 3741
12736 9021
13235 20158
6639 12428
20428 20328
15697 2448
7397 11726
23595 12223
19394 10105
11080 22899
17862 17225
12854 20338
12257 1665
2097 8899
16631 12899
15727 1145
21015 9865
7582 17592
15485 6058
5679 11072
13971 22590
21278 16209
23259 17964
4909 20063
10706 22221
21148 19611
16275 15759
6448 13762
7498 22316
536 15207
17426 14236
19185 5970
18123 18560
4040 2125
20768 17123
17820 8821
1373 16171
13269 2863
3710 13822
6435 20034
21586 7180
16278 4070
15536 23614
9241 18899
3940 5452
4409 17258
12323 5650
9767 15760
2048 6944
11274 17538
18389 5719
22298 9684
22076 18221
5738 13742
3365 17887
21588 5204
22102 11476
2398 13877
4088 4850
5323 5881
17904 4583
6018 21944
15634 4179
4853 17334
17845 1838
19073 2719
13605 14114
4853 5544
3421 23135
4078 1251
19983 19023
17772 1202
2834 11633
23338 11243
12730 5440
10533 6983
656 1733
6257 11720
9764 17753
15900 8356
18034 1082
15606 18919
20653 14813
5977 19161
1051 19300
18320 9419
1216 5452
11746 16081
10811 19102
9004 15237
3601 22020
19412 5396
16048 9558
2999 1302
6039 5357
3721 5227
2009 19073
2137 10773
23486 10621
14424 12161
23508 3759
15685 3821
12292 14228
23305 1374
4113 14793
13827 14756
18935 7294
14289 21354
20397 14390
4298 5170
23537 2126
5645 17951
22942 10733
97 18880
8110 22186
11161 15046
10787 17083
2906 20776
7017 1509
20503 2436
2989 13066
8941 14083
13892 23274
4780 21467
18120 14990
1244 15225
5697 23509
6807 20393
4537 12916
10649 20722
10469 10379
17615 14351
7925 23166
11140 1158
9282 11043
751 9119
8649 3198
17545 10511
1363 6042
10410 2134
16502 18323
5674 15729
15480 9654
2536 2716
1387 11096
12339 21641
16881 15582
19827 5478
21119 13479
13973 12198
3715 1668
13919 5927
17275 22264
20308 15007
2779 17374
10063 15278
16634 2407
13857 8310
3289 22442
10345 10890
18998 22671
19298 20435
14657 16465
14948 14579
23703 10715
3945 17394
13625 12399
523 4880
9826 1267
5490 17713
7193 21035
3609 7593
6041 1947
21451 22007
12509 5696
20444 20007
264 21095
5442 4146
16761 17498
6570 23689
6223 22158
6 12732
16333 11002
20202 5768
17200 6859
14370 18712
19989 732
5463 5403
11060 12175
12993 4466
9431 13666
19494 4348
5790 72
121 20512
22837 9388
9442 7000
22250 18366
4477 18463
3556 7169
10468 6096
14725 18465
6474 1857
16991 9819
14274 6866
11806 19935
12073 16054
12071 8328
17704 11423
21667 19486
6773 17155
21993 2837
16197 5933
10967 6744
15950 11192
1729 10974
10825 22831
2983 3100
20000 9502
423 17089
2484 7212
2511 549
16129 8328
11595 7930
13494 20436
22485 19984
9800 4143
14405 1753
10582 20191
367 21028
3518 11236
18752 21934
23480 11212
16039 15026
19462 12641
11063 6721
1627 1450
20182 16035
9539 22244
12861 1470
11326 14442
14183 2629
21670 3068
18563 17326
21947 1479
21341 8627
21520 2669
9808 6231
11790 17310
3039 13821
15287 1493
20 19240
1026 20182
23248 17643
14256 17840
19584 8908
15968 16319
20248 2423
22801 7333
7856 19810
23180 16452
18439 9834
15773 16022
3899 579
15705 19484
7949 9353
19805 19858
18419 17949
13246 13954
10049 10201
21900 5746
20896 16801
7556 9911
12761 18252
10089 5536
2995 12480
5349 22694
1157 22054
11087 15371
13229 14893
9991 4280
5867 1910
13610 2528
18079 17586
4715 21916
8038 3454
15404 18614
3655 16856
5331 3236
20042 1863
13410 8418
6565 21942
5557 2841
9536 13280
11658 16066
9452 17838
19307 896
96 10677
4266 13166
1964 17287
14503 11435
6146 190
6827 20273
15743 5045
16710 2271
16062 11840
7105 15095
15126 19127
13544 21863
913 18710
22962 15438
7691 10688
8781 11878
344 4393
18774 7284
6849 13692
10176 16090
15907 21473
15806 5904
4783 12937
15277 22702
10097 19866
15298 11331
19278 19714
15401 4822
21020 16027
19782 3431
11886 446
13837 12474
764 8817
5698 1453
6776 11930
2317 18278
209 13527
3634 23200
10298 20638
22565 12979
8019 3133
21645 20644
2042 16222
12347 18562
11823 22537
6558 383
6833 7674
2393 8617
10119 19137
6108 334
23477 20092
14138 18390
19024 16159
6009 16855
8401 13558
1220 4487
16621 6150
3606 2492
12980 16982
16386 13625
22598 20006
14340 14429
18011 2595
10159 19178
4345 4738
13492 5290
2822 2065
10064 426
13402 11565
3972 10188
2209 10791
23621 13890
5351 1661
1946 3895
5368 10041
13670 2701
22336 5865
8129 8866
5067 10304
17675 4291
13574 11240
6345 23605
6239 18755
8442 2724
16148 1513
13959 7475
3767 8414
16469 1850
22822 10192
7350 5847
2863 12196
11141 2638
7513 14717
14403 9030
15367 22709
10682 6313
17158 3290
19457 21189
9512 8408
17489 18256
23078 19069
2689 8801
18989 22389
13052 20064
134 5929
1469 20167
22443 13591
19287 10246
21746 17297
3144 7352
1399 19656
11601 2018
11329 8345
1891 6039
6001 982
17895 20750
18299 12902
16703 3418
16801 21286
1812 3567
11656 4735
13514 14379
9119 23034
8175 21860
16867 1880
1305 5086
13503 8940
50 7036
12771 1486
3175 22960
2151 21387
22139 8796
968 5331
15347 6992
23417 16372
18730 23520
531 21663
15296 23114
13471 5553
14440 7572
5380 22102
598 12100
5042 1346
20697 7181
11891 19752
893 12930
13156 19055
9535 6560
16321 23483
16964 18989
16100 13125
6331 22439
2250 10190
2440 17448
5816 8608
22156 15850
11004 16553
23157 12279
3811 14959
12835 17276
6973 14988
6417 17020
17608 7078
4161 14325
22142 13578
1655 22002
8210 15546
9628 1066
8545 9927
11218 17315
8914 20427
5190 15574
11882 15006
10626 19163
6935 23492
18050 15251
1937 19759
10714 1246
14690 19000
5756 14667
6768 22414
3113 7799
18436 21147
1175 12674
20544 22726
7788 15782
8006 6162
6561 15999
16383 15188
19201 13073
1317 23009
10631 13154
16925 9848
10059 1605
21438 21607
15573 3995
19651 5599
4424 12102
19784 15772
7715 4139
13146 2133
3037 10703
20683 1593
11970 19923
3831 19741
19170 13637
7157 19593
19395 12536
5506 9671
15294 9543
6225 12769
5028 10660
15227 22102
7104 2673
17112 13771
1638 19520
15486 19932
19 14082
11472 17178
3193 11626
1355 16243
2211 11409
19913 14415
18478 9581
41 10250
13074 21213
17919 7911
11155 12325
4745 11155
8015 6338
13461 13834
5761 20404
22543 23513
16229 23588
1433 22178
21526 14095
21465 13137
3086 9337
3448 13161
10316 22627
11151 12337
22665 5457
1714 6475
23129 30
16641 13851
12814 19890
7840 23283
4360 23305
12499 18075
20900 1307
12777 4340
4982 1581
18623 2021
20838 6926
11376 8871
9853 4243
2688 2656
18000 9103
20196 1450
3516 268
1481 11418
19762 4098
3199 19284
8857 1143
17511 20124
9443 18199
6610 2951
7357 10721
19700 7209
11735 6470
9644 16108
7934 2253
6390 22078
22991 7259
21206 14852
19013 18962
5704 3428
16941 10566
20560 23283
414 2283
11316 13037
8246 23585
18745 5835
7285 18649
20744 20442
20085 3666
1456 13905
18696 21169
12420 6308
6520 19181
21700 10617
1575 15264
5481 1017
22488 2146
8226 18570
9936 8165
9236 8378
22516 20610
1723 18203
4123 22882
11415 15933
7442 10787
22744 8885
11237 13347
15037 3616
19907 11861
23400 20596
5776 3665
21736 21492
23294 9247
6824 22019
7312 6278
3778 21054
21865 17091
8687 20533
21155 21404
4855 6125
986 2573
14291 23412
13421 1602
18270 11987
8835 10288
21388 5685
8581 4670
10703 14839
10730 6367
22873 22546
21887 3985
8383 8131
14005 18906
5101 10507
22960 677
11198 2486
3672 1416
20678 15218
16822 8028
927 21871
21097 16366
2975 3657
4148 20698
8433 7529
15166 10521
23645 6752
7880 18389
9193 19760
17352 16205
6785 19787
16500 19814
7465 8299
21788 883
4120 11068
1013 3989
10193 1926
22116 20178
3140 10623
13793 22732
874 2454
654 8981
16732 18651
809 3386
18151 6900
7796 5905
19605 10704
3258 14211
8601 14533
14435 4316
20005 944
1624 10067
20528 11913
10214 16347
3585 274
17875 9590
14545 8026
16021 16085
20056 15246
4955 21036
4239 12290
19875 11338
18546 22819
5510 7557
11213 23052
1543 14879
12462 660
803 10143
11852 11456
20714 5999
375 7730
18244 7428
11272 14906
5365 11795
12667 15877
11182 23059
23631 20302
11267 10289
22708 1207
23351 12140
11396 14491
13990 9544
9869 11204
15613 2488
17547 5481
19976 17535
8482 5201
12300 22614
22679 8016
16060 7265
15626 17022
8254 1317
9416 22885
23122 21509
13130 4817
8141 16253
21572 8956
12201 2809
15882 5204
19557 17103
4327 22269
17804 11332
9211 2901
7355 10634
6668 8646
15852 17518
6896 2337
5547 1990
12299 12905
17704 11952
19366 16332
19224 1120
6143 5471
9622 14052
21378 15521
23489 3457
9909 13553
1652 18940
10007 21808
18176 9260
1578 14867
11876 11402
3099 1119
5247 1564
18941 14776
7098 15344
14719 1642
10676 23189
5045 16291
17447 11330
5388 910
2579 15017
15898 18279
23299 1987
7786 21262
8672 16211
12397 11203
198 13590
23573 8296
19043 18607
10149 15782
22901 21032
12727 21748
12540 13332
9108 16668
22988 13927
18012 15189
14298 2002
23663 1018
2109 20096
5592 16886
5457 3016
7759 11252
11186 4153
4068 2077
21547 2898
2061 6134
8806 987
2738 16897
21554 8877
15767 13567
22541 16771
8396 11083
8450 5498
6563 12473
3670 11646
17273 19042
13813 14065
5861 11907
19029 9471
13729 3288
11267 5473
7950 7011
4555 13676
14741 17597
4405 113
15265 18090
6429 5096
8665 19563
19922 17369
7547 738
22520 5103
22238 11219
5630 9373
13193 17306
5447 10911
2277 7214
15783 8466
13663 10730
9806 13054
16730 10818
18228 10195
7317 14741
17877 7117
21238 2967
16576 21919
4602 10812
3726 6854
18810 10985
1319 11466
7864 7329
8330 4104
1575 9299
19454 19303
6848 9266
13031 447
3384 3696
570 22193
17187 8873
3134 4237
13151 6958
14338 3436
4106 1006
3724 15486
18731 11408
7441 3156
2355 2036
9306 22667
23219 4972
8105 5784
261 15757
5575 4989
14543 22422
12092 21604
8052 19121
3159 206
5113 2442
21381 23651
6830 3546
838 10833
22186 14300
3978 12492
13233 2478
21312 6484
17997 21519
8796 15339
5307 19254
11548 9786
10235 21547
3031 18838
15346 7349
116 9754
22406 9287
14810 14884
2900 5187
16684 21232
22146 5939
14200 12556
15914 2599
9023 2884
5244 2876
286 2046
12890 19977
20900 4903
13877 20917
19761 18182
2490 20860
4004 8071
2801 5243
9303 13777
515 22304
14757 17584
10748 13263
15985 18666
3713 15409
22683 20013
11007 9575
10937 8111
20964 286
20898 13593
6777 7128
2337 9311
22670 123
19755 2508
4277 6785
12130 17624
17383 23097
11741 3885
6019 6700
10800 8898
22939 5118
11823 21844
5118 12397
1389 19597
6389 16384
4020 16296
11326 8955
3941 23405
22907 12464
17548 23591
13753 18483
17025 9486
1913 10321
16783 5014
15628 4444
10325 4538
18372 2095
13469 11881
13943 8118
22636 16989
23636 8146
7901 18296
11346 6742
15868 8884
9820 13129
21439 7348
12642 21161
6032 9334
21822 9006
10549 14605
8987 19114
21992 21452
14010 18209
10288 21246
14352 23645
5181 4372
6639 23047
7039 3335
15366 6970
13544 13424
8113 17182
14892 15692
17853 21898
12136 10606
17271 19137
11662 23523
11857 20627
23113 17509
11022 3573
11109 14217
17707 20144
3363 6834
12407 20580
18048 20791
1257 5079
21810 1510
18415 4030
21412 4635
16115 21487
19314 5129
22046 8608
7770 1643
17839 22790
16487 19354
17539 5074
12614 7630
15160 7446
4847 1122
22404 3029
22571 6499
10094 18349
654 22436
21093 21651
13595 3324
1756 9990
18768 22940
12248 20436
16470 11293
13895 2958
7569 17244
22853 2839
20589 23450
436 7311
16900 20989
15512 7933
8423 6909
20449 11170
11622 14760
13597 698
11546 16380
2773 15372
5440 5015
16615 4382
7192 3188
65 4006
15892 4542
17887 6528
10168 10614
7580 15492
15769 18019
19568 2342
5196 18060
454 19249
8739 21099
1480 18031
885 3591
591 16073
21525 17887
14759 21470
3958 3247
19067 10821
11150 17863
22415 17454
11011 10263
17680 7800
9320 20075
22022 18707
17364 8596
11438 13381
1169 3228
12283 15332
20189 12392
20746 14397
13515 6250
18249 19177
1463 11154
18131 2953
918 6826
5785 11944
3531 3969
19846 183
20102 16047
18556 13519
10506 3466
10515 7430
5894 3992
3251 794
17769 22689
2199 15961
21163 5752
20388 10954
22744 15595
10642 18091
2469 18030
3161 14696
15717 5003
13957 11265
19813 22648
15712 20677
16786 21988
3417 17578
22918 9296
13966 11839
10396 16479
557 433
12987 12735
12688 5428
3630 4137
14970 7633
22667 7826
6560 16629
19891 3757
14031 13649
13467 15575
10880 7573
2309 3147
13639 293
12168 4609
23684 16541
2056 3441
13682 5572
5773 2851
2583 21403
1747 4029
3068 8938
13800 17736
7719 6169
13860 7197
4686 12035
19385 7070
12391 1301
15174 12353
17271 11269
9995 6083
11963 23681
19977 12543
19351 19192
9561 23591
16143 9561
7158 22999
17402 3597
6660 19724
1155 10830
11365 11220
8445 12365
23211 17846
13250 18452
10016 1566
20058 20812
23346 11006
16026 21880
7430 10139
9644 9142
6496 18360
17478 18177
3157 15388
73 21443
13556 1339
14993 9186
15967 20893
22898 13667
13629 18338
2463 651
12837 22303
7121 7064
13493 1681
8728 10578
22450 15284
21472 11028
4276 4605
12558 8285
21935 15894
10876 15725
9058 3676
18473 14777
8004 8988
11411 8308
18863 19560
14761 15555
2936 7483
2693 4306
21548 538
4593 3353
11625 1112
10645 12025
17660 15915
13917 10650
17510 5655
15930 2220
5666 5496
1596 8664
18839 15211
12249 23436
484 11064
13034 11784
7061 403
9157 2167
14196 11680
2232 1148
6458 1000
9308 7159
6433 3140
11944 12637
9165 1164
8860 19023
5498 16380
5254 2926
13102 21820
2215 22438
21012 20597
18700 16017
16200 11874
19432 4210
17221 23023
22369 20872
15798 9515
8892 12290
12253 2255
8307 18810
4284 17977
17574 20005
11958 15608
9915 14735
21399 372
2088 7093
21762 3908
12779 4143
22677 18679
9270 2101
19158 11894
8457 7090
8280 23101
13064 21432
522 19564
11124 8544
4254 2904
5830 15985
11122 2238
6700 11255
4810 3942
43 16756
22043 5162
6961 17495
5834 8256
14617 22315
785 15796
7601 5553
23590 1489
4591 17655
2920 5753
10223 15360
13846 14172
21312 21149
6799 5687
22916 3320
17132 21185
5771 17942
13405 3788
2132 22240
14444 1221
12108 15664
8905 15398
14386 12878
21907 14845
23597 39
10179 6936
6420 18036
7545 19607
19834 10766
18241 5939
9701 4002
12989 20271
23119 1728
7936 6645
4831 307
13759 19433
5523 8200
4351 8338
13426 15358
19220 7150
23025 8366
18640 6952
21917 7044
21605 11261
4663 18837
6006 1795
9873 7481
2454 6570
13817 5149
10154 9436
20501 18507
1498 23535
13570 16932
7504 19167
9174 11537
21119 5067
88 19264
865 8233
6236 12952
8407 19603
19607 15892
23455 21379
4555 17267
15680 10973
16132 4594
12351 6249
3371 20897
18202 19283
21468 9350
962 1332
5511 5590
11015 19909
14506 12075
22942 4558
8774 15103
857 2392
9248 19659
22200 8879
5876 19962
15788 8087
14846 1509
12927 21521
17522 7198
13383 20004
9097 10788
11401 2198
22639 2164
11103 10180
15948 1199
5483 21545
8435 29
2301 6394
23211 15715
9826 6010
6613 14201
18020 12905
7381 16715
10317 5640
15510 14060
1768 7170
15389 2682
8704 19708
16023 10488
3400 13231
5353 15568
4815 6857
5616 19124
22710 4109
2895 10820
2180 11733
10452 23625
6330 7627
11751 15211
2524 6152
16961 7337
6005 15678
14241 16797
23039 12944
10523 1778
15978 456
226 19150
23367 12621
10568 2786
10394 19738
14588 19341
5627 6835
3821 86
17239 17899
234 22196
23152 18269
2388 6972
14747 17292
11414 21689
3584 8535
18182 17341
2639 21977
19644 22930
21335 16794
11149 7933
11511 15321
21001 1616
3786 14013
8594 3232
3870 4939
4027 885
20537 8086
18213 2657
2823 21866
14638 4521
8212 13138
117 6219
1182 5557
23421 18293
285 12109
1069 6296
1287 13952
16817 4469
8341 5892
11496 18887
10396 7354
3208 18982
23641 21576
10084 17891
16432 6246
7215 15742
15236 8699
16525 8253
20607 10524
4064 21436
23375 10221
8124 21113
18268 6391
659 23517
15589 6534
3177 6431
22936 10837
919 8123
14478 5087
2944 3613
20208 1144
6729 22681
19767 392
5394 19890
18547 20237
17177 13957
22693 8456
19144 17646
16086 4387
14951 13352
7470 14219
9574 12971
3102 20417
10453 12095
23306 19988
14923 13470
13086 3073
11483 11909
19493 3849
4138 9718
22805 22730
20657 4112
21400 14443
14065 7399
21151 10105
21443 1115
23354 8125
11587 14661
7995 4202
14262 12326
19479 22709
12342 20664
18010 6327
6276 4225
1537 18379
17556 7446
3963 8505
12903 17785
19884 13547
7463 8763
16786 18275
18184 18120
19024 13689
14818 15005
12460 6112
8331 2
21116 18908
23553 9708
13681 19719
16583 14150
6328 5974
5396 382
7514 30
2291 23103
20128 14322
19429 235
15720 14524
2130 9142
9084 19377
7524 15456
4835 21337
10014 22655
17331 18242
8933 77
2045 12806
10377 12388
19752 3621
12376 10489
8368 5403
16433 15752
23588 3745
8509 1766
15204 17491
11447 15257
23370 9427
13645 11166
14829 6050
5739 6313
17272 20918
9799 7365
2282 5183
5450 374
2539 21470
8079 18920
18835 6733
22016 14517
14763 7864
1897 23188
18859 1666
2117 16276
7806 10791
19271 22100
7203 5504
3954 20134
7291 1527
9656 1760
10085 186
13382 4974
19890 21824
21764 12436
4776 3737
6788 14072
18544 6268
21910 3745
14245 9912
16080 8603
2782 23548
1535 14862
14024 20809
21254 11517
18548 22154
11062 6726
18903 18370
18108 730
1270 5219
2797 8875
12009 14448
8127 13023
471 22574
12095 13796
23703 18397
15260 11705
11518 6613
2494 6659
18771 9017
11963 8053
17505 2772
6330 1183
3597 12105
1183 13848
6751 2139
12188 6306
16562 10001
23634 270
20630 20084
10819 2361
15953 9931
5418 7655
8436 15980
16845 6429
17553 20743
8911 9626
23059 2200
15872 13377
19835 22518
5144 13083
21956 6299
2050 8561
23394 19848
9876 4948
6912 12860
16006 18557
7462 16415
13141 5630
17260 1841
12815 22590
16980 7558
21692 18909
6204 6677
20348 1577
288 6441
11524 9997
19632 12517
17968 1190
10872 5569
19575 5275
15325 12856
7750 15964
7445 22302
18507 7782
18805 17528
10815 16571
21972 22776
7165 17867
3285 8982
8649 14599
4268 7626
15903 9504
6446 10733
10053 3277
6908 19232
3115 7555
15138 3179
4984 10725
21276 12207
15950 3893
3389 15691
12572 14906
275 22737
23336 2463
14912 12846
21703 16247
15172 11780
11963 18942
3362 19850
14186 2172
16250 23387
11316 5666
21193 14322
8084 9284
19351 13072
21531 10304
2740 20138
509 17703
4504 16234
10046 21190
4641 17791
22742 18483
10729 2530
10763 16183
17689 14478
12397 10708
10061 9268
18765 13320
9428 1205
6282 16131
12350 11360
15997 12932
14205 12243
15760 7742
8716 13327
22178 3320
16910 13457
7969 7242
10834 22772
16929 18478
1222 393
8955 10852
12528 22047
15126 6748
14553 5564
21371 13422
5282 10121
5410 16133
21077 8525
22688 22083
12465 9141
155 948
22640 16916
23151 5839
18890 17920
1274 14297
5207 20435
18417 12960
4871 21435
2161 16894
20092 12970
11452 451
8526 2707
19333 2706
17901 23656
20821 18661
12875 20798
2976 17075
20343 20
3021 11725
17481 13154
9060 12406
11195 3686
6994 8667
2587 673
13775 9282
22199 8095
19972 7680
6399 14968
4894 11707
10697 3842
18524 13737
20238 15270
10984 23084
17932 2078
11283 824
1135 2242
12560 7108
16489 6928
4327 8884
10842 75
15929 20683
10004 19571
15200 10205
13801 1492
14460 591
2604 1404
5044 15544
20612 15639
23279 8884
13655 10868
9406 21484
20783 4979
18372 17124
4170 16757
17464 3522
10212 18699
5937 4621
2232 20957
16161 19134
23440 6326
4768 10323
7434 10097
1098 18482
21798 20403
12981 13578
10237 11413
17112 5144
13628 17525
12694 18408
17945 20368
4311 12583
14593 20352
4590 16390
5119 2849
61 6672
17585 16486
4761 4588
17070 10915
12475 10022
9517 12098
1567 16214
5492 17852
21652 15944
5046 17454
4810 3147
5221 22073
165 13105
11479 21712
17956 18512
6300 14841
4911 22146
12805 10155
19612 16839
6509 10427
20859 15140
7022 21200
3769 6903
387 13705
22453 21304
15785 21602
17472 2466
22746 1444
8264 14518
15793 11154
6185 20607
3748 1777
18687 5114
8554 7374
10486 19915
13925 21189
17591 6395
22138 6837
9562 5797
12054 20654
17672 16586
19181 249
23262 18035
18797 8150
16839 2387
4629 14026
14973 21989
11278 8723
19202 11846
3476 7198
6596 7685
3272 19976
3022 22568
21209 11669
12484 23554
10400 4364
23072 19638
23037 23451
16276 18936
14477 22047
16353 4742
4249 510
23507 22896
1311 15062
21319 7572
2168 23409
369 7553
7647 16695
9216 10692
15386 22523
1234 10692
8535 19783
13097 14512
11363 3194
16032 13492
14361 20815
9032 11792
12246 16126
7419 21288
16268 19860
19745 22591
7250 12305
9236 14079
23619 9004
9579 19309
12317 17449
13689 2674
9575 3240
5156 21225
10017 754
8939 12141
14765 23253
20707 14316
4239 17371
18480 23369
17461 21650
2363 11204
19336 21118
5623 10552
692 15628
10396 20363
12979 23197
16227 18704
11759 7793
23593 10579
6149 8176
17507 2967
3602 12970
4989 18456
23285 6279
7888 9293
1040 6976
20977 7026
23638 5503
8627 17781
17588 10740
21000 12159
11208 18387
7429 17205
10251 9734
20499 2167
3649 14479
23696 7181
8485 17175
17725 11702
13222 2190
8522 14397
10647 21708
3159 20040
5787 603
1617 15949
10233 4791
23388 21903
13495 19386
5689 4287
3960 20291
5708 4681
20463 15360
17756 864
6943 10843
6974 11374
14368 22165
7533 3652
9742 8996
7312 15044
15189 18864
6619 185
1604 17083
6533 5949
5448 6477
19286 9525
23065 17540
7998 4980
15361 13340
19126 20076
10802 7400
15705 18830
2592 21082
20035 2022
5576 5536
20530 20979
15813 3532
14468 5357
16803 17528
11524 11791
12532 20554
14596 10064
3540 5020
16210 10838
13365 10616
22745 8419
2742 11438
17123 7870
8910 13498
17208 6205
23223 16218
6707 11342
9387 1185
2565 14733
12943 15775
6003 19544
8163 22343
12800 15489
14197 4399
12543 14203
16313 6194
19058 5222
19101 20522
4728 7758
15276 1290
9170 12494
8294 10429
22020 17396
15966 13592
3154 20229
7612 20621
4069 11144
2213 20892
3831 18744
12973 2946
2614 23144
11574 3995
14953 265
4788 14657
10378 11928
19867 6684
15251 5925
19136 4066
19291 4620
6722 14770
7208 18792
1389 17904
20306 1731
8425 19438
6409 3616
913 9857
15063 14791
13030 2149
20948 22156
18356 3851
2316 1069
844 20500
19839 4756
5967 22168
16432 14921
8631 13315
5407 10311
18837 2325
6445 12603
18103 15075
863 5111
22490 4098
8372 13467
19109 23510
12329 10520
716 19824
3631 16361
10867 6980
20462 4700
22051 17921
5387 3833
6956 16513
18634 18814
22897 16357
20297 17316
10370 10228
7150 8495
3232 9579
11859 6785
16509 17749
8417 9555
18820 2755
21605 5324
7758 7282
1371 10385
10969 6591
17058 14533
16254 14129
345 13102
22211 11344
5579 1809
21239 6066
16008 17767
11754 9284
19696 15274
1994 4966
12531 15600
16539 16921
22270 20468
21631 20845
21193 20134
21031 14697
13342 16884
12689 9106
2855 19785
21183 18204
10802 1365
11057 11153
7828 17976
3776 11405
12886 5581
4200 5523
12733 10781
6122 4745
12972 12851
3284 7792
3959 16936
20976 2429
13729 11555
15109 12980
15130 14101
7552 186
17801 11699
8721 20485
18787 23022
23116 7492
22091 7356
22745 370
16444 20634
4965 2567
11382 14030
9463 3177
11162 10040
17913 15378
7396 9979
15996 9305
22836 3455
14339 18524
23395 12790
9005 17264
22358 13897
1918 4713
15607 1722
12117 5726
1249 22246
16351 21963
12023 7638
15183 6571
18331 19175
4563 8876
11935 13724
19612 21171
13496 5193
21852 20759
8758 16227
17515 6129
22641 13613
3046 6123
1263 6573
4779 15779
1997 5904
7711 4052
18356 15352
9793 21213
4488 1587
23457 7379
22471 309
5115 7563
22291 1855
14421 21097
4653 12239
17722 14556
18725 9354
22753 16027
8036 11676
22637 13616
9133 7620
12114 994
8124 15570
7205 3642
9315 22850
14789 14680
2930 7055
15671 714
6034 16821
1650 14385
12254 14011
6423 6379
9638 14624
14244 8613
13666 23281
18911 3652
18680 1966
20000 9621
23472 5560
16591 14209
3248 8934
12752 7494
21109 5012
3919 17592
5027 19241
9819 8806
10582 17134
5732 3166
6463 6950
13619 21938
14275 23429
7529 16248
5425 8667
18585 21859
12948 19962
17615 3949
16834 19402
16181 16156
15681 3035
3218 14527
16992 14206
16909 18639
1306 5718
14837 709
3538 2369
15616 10085
15596 6363
2942 8540
7820 21662
21133 7035
15801 2020
12176 20046
15569 3755
20883 12775
15443 15951
14826 15724
4758 5994
11378 13366
586 15931
13021 17681
9863 20411
23332 3764
20372 23571
20508 17494
4963 10834
3489 7555
6459 12606
2176 7142
16534 7625
5336 15959
1183 2596
3621 7521
13122 5217
20883 20470
19860 7787
23468 10366
4644 18511
21757 11394
7046 20644
9397 15804
15650 20935
9396 16043
7682 7916
21802 14233
18218 23146
7245 9586
13987 1793
20363 19891
8495 7434
409 23294
13563 19723
1826 5721
21102 6080
5868 10604
4680 18703
22705 2152
8610 9856
21898 9805
16686 4602
7657 5784
8450 7364
14602 8441
75 13883
9522 21405
292 19363
20086 13569
23549 13259
14664 13515
20290 13273
3037 7673
3984 12744
10740 3175
11246 13935
18393 14304
7667 9826
6117 6468
21306 6201
11913 1337
3076 8569
9971 5563
18371 2395
20406 1876
22813 8953
11900 9077
7795 8352
11885 18428
16995 9067
6005 11232
19982 20975
13483 22787
18590 20849
16829 2904
4905 4082
2891 6988
18361 14488
23684 8012
5850 18916
19232 17411
22760 21521
5263 14174
522 14366
4484 22847
2732 18205
22720 10525
15003 14857
2207 9524
17893 18231
16817 328
8630 9787
940 22534
7361 2414
14141 6948
9294 16531
10670 15770
18305 877
6620 4863
13523 18757
4692 15880
7505 21684
12295 16454
12637 6039
4831 14754
4285 6313
13188 9041
7734 10452
13231 15214
20668 9096
16978 14617
15558 1608
8498 8320
21638 9133
10630 8311
2814 15206
20494 4441
7383 18756
12283 15932
1835 3533
5970 20942
10995 10210
14798 6492
9056 10577
18177 8608
7388 4098
8524 13105
6393 859
8820 2448
1108 6526
21838 14171
11375 21463
21923 16952
13289 10019
9678 11094
16236 3836
13645 1052
12168 20592
7026 23615
12668 13166
19611 20515
11049 10048
11908 14182
20464 3807
4166 19245
5300 17990
18174 12827
20421 14111
16073 19599
10840 23127
960 1848
13293 17160
5036 14764
20852 15500
22263 302
17601 23651
12370 16113
18874 9284
20500 18724
16496 13363
3063 19750
10236 14130
8782 16343
5748 2097
6976 18450
22704 15808
5987 7441
20252 35
1210 1161
17418 21334
10614 11417
19658 6390
16499 8551
3728 11078
13051 19646
5266 12507
2759 11117
21019 9646
6444 20261
17499 14362
3348 6826
22220 8455
12978 9923
20452 9181
18757 7360
205 10441
21678 23674
9384 8822
13985 8095
2400 1754
18539 9490
13512 9024
19536 12430
6507 4186
1679 16061
14562 4649
13644 12468
21321 763
12133 1167
15889 16199
23442 1488
449 14246
20231 3438
4895 4021
14950 5206
23177 13011
4296 7162
23663 23571
17325 21342
22815 17885
5607 8521
18618 14568
6968 16208
12566 1566
8382 11891
3974 21187
233 3472
8680 3905
13037 8896
2114 21635
21226 19649
6312 13643
19032 364
21756 22400
15262 7942
22358 13419
7967 8417
23476 14243
9707 5339
12684 1319
18410 11239
15979 18018
7755 21548
19176 4526
3518 15433
16727 7784
15720 19377
9650 392
5560 16446
20325 14766
2523 8987
19562 12636
13637 21913
5921 7273
22554 16106
345 5223
12813 10532
7574 22746
5778 21427
16234 8460
21247 14920
6075 7717
5720 12119
640 3944
17192 19359
488 18029
6310 20602
16415 1680
6569 2702
14361 16386
15213 11165
22950 17514
9845 22072
22386 576
13191 18226
10525 3526
14331 21344
9852 17072
22617 11628
17120 21894
16013 9071
8749 18647
22147 1300
15541 18394
15768 6292
21813 15336
8490 16205
2158 12568
23605 21059
16391 19423
19179 11547
15569 14457
10195 15739
20928 2172
1730 17757
11134 16119
23644 2701
5343 2994
13199 10155
17242 1309
7566 9705
7827 23144
23237 3536
8995 5915
4209 16796
10681 4078
7372 21412
11490 9057
4516 21184
2804 8948
1757 17181
19420 7829
5572 15367
5582 21032
7209 5159
21658 4243
11251 2716
18959 12177
16552 2428
7616 6017
9763 15677
15518 3867
15929 4778
14445 2953
8888 832
1787 3600
9292 11437
18537 14907
16729 19423
15356 6008
13897 16144
16205 21076
8538 9872
21664 13699
22885 7919
23002 14415
10613 18578
8506 18360
15434 19772
9693 17353
797 5371
19425 15232
10726 12121
4282 4107
10800 7924
11264 6029
14269 19935
1494 18313
5347 17373
20172 18390
11155 22599
13312 12413
23289 12670
4841 13816
20590 16224
20365 3588
23416 18001
19452 15626
14258 10341
22634 19566
12446 11265
23411 4110
18929 2886
22893 13858
22856 10439
14228 22712
14448 23429
11483 11260
5436 21197
20075 20870
16609 17845
13669 6117
20085 13956
19108 11956
19250 11543
14032 7680
7373 22499
17665 8211
2774 17626
6836 3543
11231 13135
1323 21637
2841 14093
13435 12885
1726 4194
23130 1728
11923 6749
15183 13029
16428 22806
2483 18253
2739 6147
16677 22600
8101 16663
22714 5071
6587 694
15086 16477
7111 11797
13571 8514
12276 3525
6051 5098
19488 21324
18600 20572
15721 20674
696 3321
11880 4519
16939 22244
15233 11142
3661 21197
14448 10331
20173 9003
8049 18273
143 18185
21889 836
16051 18247
4231 2696
313 15517
4134 12542
2727 3864
22049 10265
299 13561
19342 23277
10144 12867
12668 15922
22052 8154
19050 6378
6569 2471
5812 17678
9697 20527
17848 22263
3086 1854
7018 8618
15454 5821
17375 22806
8192 13358
11707 11935
2791 4739
20394 13193
13893 7131
5871 11373
5703 9907
16279 8582
4041 21920
6486 2142
12182 17849
10194 15322
11001 10727
15992 7091
12947 949
5906 1512
19753 20315
20634 6708
2899 3050
21426 12420
21179 10823
13530 8751
17084 2729
22648 22690
16554 2808
1773 11735
10658 739
19915 4542
20757 11428
4818 14480
19213 14977
2697 7706
10739 22180
3221 5622
15868 595
20316 16458
1912 12245
3329 6074
19664 7908
14672 13724
17936 23010
6818 3251
793 821
5175 19492
5220 22871
8311 10936
1763 13021
2053 23457
20393 8169
23439 1742
19658 10673
632 15844
14137 19556
4435 16976
5227 12953
4690 11853
1506 1183
4439 4347
5605 4255
22469 1799
14112 1321
18514 13281
4000 23455
1761 7409
5203 10942
375 486
5974 20516
20698 4076
147 19559
20498 247
16672 11530
3148 8919
18806 23667
5340 1410
11967 21927
9821 19112
3931 23030
7885 16391
8170 17353
7715 22429
12904 5233
10992 14902
1213 369
20561 22698
23125 11059
20987 18027
5251 18285
16639 12053
22501 23576
13333 22704
12610 2318
6025 239
3582 21724
20964 17844
14425 20224
11929 16357
12556 22527
14927 18256
21142 21056
18684 2690
4354 16102
12570 2121
2798 941
3572 23655
16905 17473
3644 14528
23041 9253
12004 2679
21496 2017
18671 17219
2280 4690
8098 7252
22585 10885
16864 3792
19534 10927
16016 15300
10010 22137
22264 1268
8795 6018
15082 3530
3490 12484
14566 18073
16529 22962
11737 13385
14784 16554
1159 50
12677 7385
17365 4087
23637 16156
20659 12511
7405 4278
18103 14323
20636 10380
17884 17909
10443 18734
7397 23454
19813 13245
15797 11184
16888 23702
18260 5084
12039 12303
17001 8700
6359 21838
14208 4565
10354 16319
15092 12321
13046 15780
3290 2082
18647 8743
2618 17488
3063 552
15114 11119
10520 5695
4389 10280
3231 11412
20954 7200
16237 19554
2849 6870
10777 2667
680 2639
17500 20185
3491 22832
16123 13390
13758 5925
7632 19738
13675 85
6241 6307
12538 15415
20374 20536
1180 5451
13790 14159
13013 15519
12067 22355
6927 17921
21122 20090
715 3886
19020 9140
533 13539
22779 6248
9510 14551
22135 2558
7954 3782
17466 16617
4907 10639
20078 7368
19787 18959
23554 21079
6455 16009
10683 13114
301 10471
1980 1344
6578 1944
2867 15755
15697 2362
10152 17075
8516 912
17736 10055
12213 7382
7149 20885
9432 10717
11293 4410
14665 19487
134 5306
5496 12935
14464 13678
2989 13727
19856 10142
15178 6935
9842 19105
17423 14965
12256 1292
2370 18151
20268 21787
20918 6867
10862 6838
14469 15098
20824 11115
9230 18631
14437 20980
2820 16251
5568 11659
2558 16662
7265 23441
11113 19111
17641 22818
4108 4410
21429 13616
23698 18528
14736 12377
1735 10806
18247 17100
14774 11187
19436 20219
3423 4070
20105 22101
6134 20143
5216 9413
5685 12717
17186 18898
20715 19665
22016 4242
14542 8605
11541 10272
4609 6082
21305 9901
6880 19758
4657 14831
4013 15714
16882 16290
8566 170
22519 18215
2466 3515
10194 21619
14047 4928
5345 4257
2350 13915
18425 5994
5446 13206
19262 18134
950 21391
13346 12078
1801 10274
4464 9908
16638 1480
22714 13700
5296 15756
5712 11281
10460 3587
8292 7069
23552 16515
21349 6234
21663 10227
18175 22838
14436 17593
16339 4323
6929 14354
772 8219
21597 1385
2729 7209
1635 17352
918 8276
1662 23509
17814 23568
12063 19421
6539 3708
21771 16911
6523 13180
17089 20335
12217 18248
19101 9118
11539 6915
4372 17172
10029 18624
8847 17928
20195 18290
20220 108
10033 12714
17161 23248
10189 9833
6345 23524
6900 1149
20364 13636
11205 3329
22261 5684
16605 2337
20928 4296
9751 16292
14555 6207
1020 8269
7149 3496
11461 5096
19483 15647
12841 2405
5350 8867
10898 1381
16252 16212
17268 176
15467 8628
14297 3235
538 5603
16797 6940
22915 13552
10025 19947
13104 18622
11525 5096
13306 22614
3471 22859
16299 1973
18095 20944
6727 8736
20204 1516
16748 15934
3483 22124
10913 17530
8228 22042
443 16169
3863 13606
7532 11216
6125 6407
21289 14410
15059 22596
17730 12205
1548 11162
23099 17468
23213 19292
10276 3431
18206 19498
13788 21977
8722 7707
10687 13000
7340 13804
9809 7595
6101 2299
10400 15016
11966 1488
8493 14998
6399 15182
8463 12797
6877 22100
15193 22763
7075 18629
4609 22639
12754 23517
18525 15264
22472 16924
946 15381
13042 20937
7731 16061
8723 20864
564 6377
8926 13688
16309 1989
2953 144
13463 7957
11445 12737
6863 13683
18810 7668
23016 11060
13614 18140
20770 15957
16608 15402
9139 5184
19585 7863
1394 3319
1242 11695
14918 13292
3855 12852
10901 16881
11011 22052
11575 2825
10622 18379
18831 19663
3149 10909
421 17830
14673 4425
2787 13087
11721 20484
20997 5610
3105 21460
20148 6220
12642 21003
18407 1538
21964 16338
21987 5774
1326 17977
1094 8702
14127 1487
17020 652
23032 16941
23306 21524
194 9374
293 15520
6546 6083
19466 2421
19060 20790
6392 1548
22768 8011
15318 4749
13609 14835
19246 17685
5875 15209
7476 6553
17497 18507
21071 4569
23019 906
9144 21653
3152 11843
5868 21741
22423 5280
1242 12515
16145 12474
6082 14094
17903 6832
7726 21178
13529 22092
1166 11159
16083 6354
6674 19906
22763 210
1310 2398
15106 17854
882 22647
22057 12658
8881 15646
1867 4944
9842 6207
1058 6127
17407 4482
5786 3296
4829 23643
6720 15700
22265 19913
16539 17259
21046 14107
20715 15172
17614 1237
10574 21115
4085 9356
2013 9006
3594 23085
6818 18097
5185 3452
12845 12695
12697 4244
19570 10543
22570 19268
21943 11676
12193 1551
12796 9042
6129 14471
15072 18401
22067 19737
11477 22722
16149 14476
13191 18104
19739 10530
9147 22395
16807 19617
19328 19707
969 13006
2680 11851
759 20750
22881 6843
17261 14156
5321 14164
867 18862
19019 10173
9399 8428
13302 21250
7629 758
4504 13235
17780 3499
18829 18948
4878 15278
18315 16703
8030 11350
14539 10623
16568 471
18409 22813
8795 15300
11030 13715
7837 11161
9084 18979
21215 15167
2395 9283
13210 18902
20384 18294
4191 3511
17339 4061
6680 11133
7875 22980
20335 12228
21149 5905
14290 19279
12773 9453
4626 3392
13403 1275
6654 16793
2234 4856
17660 5413
8553 13531
12132 6771
18498 13524
23613 12105
2534 16666
19007 13935
8617 10159
11700 7028
7412 7298
11084 3317
18221 21454
20082 13977
7655 16749
15571 22742
15954 18382
11158 7711
4108 20227
2807 21248
16290 3106
6295 11866
4699 23291
19559 14966
23399 22382
7916 17166
9769 11574
21490 4813
14074 21309
7114 23413
23609 4999
9695 4767
10652 7461
1656 20728
8514 14289
8672 10228
2958 23076
15348 11220
19062 22219
5000 11451
22489 727
4345 1122
20360 2581
22952 13270
21087 11704
21572 13521
10553 18263
7060 23186
20397 11336
15040 4303
22344 3321
20571 2752
23024 11773
23399 22371
13150 16499
16511 6148
11743 16886
14173 23483
3967 13769
16393 2686
14481 14002
11984 10814
5163 3405
19007 17565
22044 9629
11998 3308
22929 3877
7261 4651
9859 2903
17283 22406
14850 22796
2672 12628
13612 6748
23265 20217
15955 16409
12522 22740
8600 9949
4003 10333
18376 14587
18932 14745
21180 10877
11387 13852
19157 10675
3168 11533
20236 21627
18825 16463
4401 19075
4801 7592
19562 21760
15977 20210
14563 7622
1040 8932
19745 23074
7445 13174
265 12994
16147 12181
5179 3977
8171 6514
15121 15737
15173 11532
22292 11572
20965 1247
4679 17439
6932 545
23138 11079
21316 280
11494 22986
19462 4676
523 6048
9402 17774
9905 17036
19911 1401
7636 9942
5898 7060
9871 12992
1719 20053
14759 4212
10177 2090
13492 9091
9790 3981
9410 17125
6788 5914
6031 2186
1416 960
3343 20443
13298 15426
20866 20832
18027 7592
2324 3444
10493 9022
17434 2481
10435 12952
7731 9084
17727 1704
12685 13767
2192 7261
13736 1143
17640 11182
21987 4021
19216 15080
21024 21546
12761 5598
14014 10846
19868 17399
4208 3697
19439 3366
10261 10437
1140 16324
16573 15991
10108 9860
13953 23286
22790 16035
22472 4147
3485 21207
2831 2193
13428 17197
23670 15151
21827 8489
3193 3507
21203 11975
20111 7381
16310 19807
12501 4928
23094 14876
1049 3309
3965 21414
554 19803
5992 8888
9775 20258
11965 12259
15739 1128
14356 7594
845 18229
13665 1040
4828 11861
21497 11324
2768 20577
20819 10780
3929 2762
1716 4256
19550 5982
7401 17844
17720 3288
14165 7380
3360 9890
8314 3245
9212 19139
23477 1935
23563 12809
6916 19159
2487 5941
12329 6060
11900 7385
19756 1711
14836 3978
20408 23095
11669 6864
7040 21667
22299 13075
17810 7536
11645 23062
9869 18301
7475 9563
13999 8427
10268 21410
10928 23394
10927 10123
13182 4438
10570 4385
3630 11897
21911 7123
8405 4344
9177 6505
21062 2042
10633 14886
9768 6607
8160 13673
8719 2489
17437 20651
32 18758
1852 13082
14392 21249
9729 403
11535 7343
161 8901
19394 5836
10106 15955
1252 3266
7218 21710
4137 7953
12608 4669
5040 13714
9092 20831
21573 7539
18044 5700
9192 15602
1424 17097
20118 16117
8349 1224
1113 2384
22363 11935
5846 10320
12291 38
22528 1789
18331 6378
16441 19696
17349 2977
11742 18669
23359 7544
16862 14061
8355 5874
20755 5360
15673 4854
17325 18254
20156 16602
14103 11180
11686 10769
3143 10735
1129 16583
7472 17631
0 12660
2305 21100
850 18283
1429 15638
19799 20937
11489 21483
14169 22123
1366 1345
14572 2066
11985 8252
21762 22506
17625 2962
16527 10060
22247 367
13861 1729
20794 7086
20031 13866
8986 7820
10491 10942
90 5730
17780 8169
5370 6495
3918 22942
11070 11315
10497 1330
1920 10692
21661 9860
21643 10101
9555 2791
6063 3487
23070 21806
11818 18018
9773 14083
798 7824
11325 4730
6485 9082
16261 22977
23555 6527
211 13034
21250 12124
7002 19827
4893 19622
20033 17957
10049 18766
17394 12081
8513 17855
13268 9272
17526 20097
5525 15296
1703 18247
3066 13650
5432 10993
20778 13084
21352 1600
13633 16240
11861 21254
13708 9044
13308 3280
1748 4043
6138 11227
12342 6874
19499 14831
5417 20515
966 928
8942 6652
17568 11596
12024 13113
15162 2931
18674 5664
20373 20441
10423 3111
17859 9063
16656 23333
21344 8249
11081 10115
3900 23427
23228 13988
21689 1186
22107 5103
3446 10046
6668 23661
20539 7562
14730 11992
305 3201
20264 7662
8348 14549
13115 2542
8644 4055
12880 18660
8392 11880
6411 2707
4414 5731
23158 8952
16261 13218
6269 4549
9899 3546
7364 11988
5845 7408
8390 9001
2633 9464
7720 2276
13007 4434
9479 5116
15076 5729
19179 12828
12021 5253
23366 152
2965 4468
10016 12384
7798 2000
10359 23377
4286 5930
22077 15081
1402 14857
14936 3820
17579 19525
14047 13487
9350 16791
13221 14161
11018 12762
6435 5346
23290 10607
6764 21311
8930 19232
9842 18527
10689 20577
8031 4425
14049 9377
794 18713
11721 6350
2300 10117
4701 19466
8744 4755
18329 10789
10026 11468
13663 2511
19465 9705
4759 12274
2490 21034
22662 15013
5417 2079
2971 20509
21746 5329
3738 12154
1348 9285
19191 11896
20152 3456
20536 6323
6617 3123
2969 21726
16019 15943
16323 12001
11565 3570
22550 18698
16506 942
15515 19290
384 10873
578 15658
10390 16575
19576 15055
3090 4956
5335 21624
22462 19733
16029 12109
19562 16673
20081 16253
13195 9658
4795 23106
15593 1130
2215 16820
17118 13283
22733 14454
19313 6170
242 200
15184 19129
18045 22589
18116 878
22760 2162
892 491
12355 19901
9837 10182
21548 10795
3567 14084
18828 16051
17938 14103
8684 284
14989 8450
377 21931
1261 17960
18321 22843
18112 12301
16671 15440
9597 16099
8671 916
17898 219
610 703
11985 14979
22621 7067
9817 14099
20931 19933
6865 8151
7504 6325
20140 11989
12821 18750
14202 21069
6126 18676
5145 163
13999 2534
20585 8915
22055 8775
9606 18197
11359 2419
13093 8275
10247 19084
11008 10076
4018 17686
18522 2282
12712 20585
3078 22013
22435 22236
8890 19631
20797 20672
9444 13763
20868 4010
9455 11089
6262 13029
9728 22118
17246 7159
14446 1725
16068 3934
12902 2751
5312 3658
1015 3288
3243 556
8167 336
5092 21790
2347 9145
21037 6895
15004 15272
22315 4581
5502 11738
16224 11308
15523 21030
709 14978
17959 2905
23505 5103
1918 20862
1282 2978
14354 9956
1794 9756
14790 22539
11512 8652
9373 19544
9768 19742
16284 16754
17989 12429
18399 12325
19516 16614
4325 626
3571 12738
11348 15792
14033 6937
18052 2581
19764 19686
8471 18283
612 1217
16772 21804
1197 20074
18053 7188
21801 9511
21787 13832
17499 1821
8201 4796
6356 13385
19058 19125
15143 19097
22379 7368
5602 8062
18665 9149
15527 10307
20319 18001
22909 14243
15426 12841
23196 18047
4119 18200
4497 12946
1107 6802
17755 6735
21276 8981
1603 3304
22784 6785
21382 1756
8941 3509
20983 5494
17140 9367
1675 14980
6965 2501
8527 23694
22932 8371
7468 12336
10847 7114
6781 8969
10603 20025
11529 4607
10889 15239
19577 17446
21276 9877
22226 16887
14098 13471
17492 15377
1950 10939
19888 1196
18473 21603
20578 625
11629 9126
4296 10811
17555 20997
2547 1441
1710 23316
2211 4819
10739 19416
3706 22823
15405 22664
13572 4669
11118 22861
11211 12430
14464 4598
14748 16877
20270 433
11064 1991
16536 12469
6639 23597
18366 9859
5935 19417
3858 17470
22412 14946
3602 9970
3675 1871
2237 4320
17982 22267
7118 18930
14841 5996
1506 1977
13262 21447
19111 20536
13025 4048
18177 10821
7839 17385
19629 14195
23155 14961
15613 18775
6222 6529
18754 13686
9966 7540
2073 5881
21135 7798
810 1738
21911 2062
12369 1466
10202 13870
4398 1368
10052 2005
19167 11603
23444 4881
15348 9776
22674 22474
14102 864
1895 20655
12632 20325
3581 21246
10483 323
23413 8599
4704 14903
13976 7829
3765 8853
3096 10267
14357 10098
16002 9442
11077 7712
5232 5631
18196 2609
9257 3989
14967 4995
4209 6386
4224 9795
5394 19155
17787 11393
22050 2661
3810 8722
171 16008
18625 18781
3053 1524
15923 23065
7329 3496
7296 14510
20321 12237
21094 15596
1430 19390
8471 8751
20926 18893
16532 19077
21423 17967
4568 19068
8940 16045
10141 12498
13381 13268
21603 14708
13439 8666
9600 10291
12940 11358
16860 5888
13670 135
8483 22300
905 18517
6289 3217
8068 5637
16891 4938
3890 2612
2353 22276
5695 18543
9074 18540
6196 7588
6608 11223
9855 7770
11714 5453
19441 2569
7611 15659
14562 13382
9940 20245
19734 20787
9417 11422
15845 339
11250 15928
23474 9148
6495 2957
878 11642
10020 21498
16899 22666
2419 20759
16428 8144
4719 18793
3247 3087
9080 13448
7227 2148
4321 16044
1542 20097
23541 19061
7994 6624
10157 9491
15209 3249
21950 22607
13167 18727
21173 11597
8593 4712
5952 19832
2006 23311
6833 23572
1502 4153
10326 6725
13750 9911
95 18780
16049 1816
7345 18415
5123 4256
8256 3
17617 14581
1478 18085
20956 10507
5486 1216
13230 5052
23218 2785
3922 20131
11748 17999
11191 7418
4691 8654
19428 18835
16182 21567
680 17712
7283 20368
13443 12222
11404 13036
6705 11533
2545 10809
21879 20639
7197 15267
16456 10050
10544 1327
18682 19204
532 5362
19580 22340
19106 1418
15238 11088
10210 346
3054 20034
19881 17363
2431 23344
5407 19548
15037 14691
17501 9305
15088 5415
4079 15983
15341 636
1648 3238
4254 19822
13441 5113
2624 13230
14278 7122
15903 6655
9913 22297
4920 5948
22322 14509
12406 20093
12455 9886
504 14260
6323 14019
289 21101
1708 13931
20297 21030
11789 12529
8603 19897
1261 2728
1941 14382
21096 8104
12301 21593
8130 22486
13749 16069
10417 20098
23000 15834
8430 3902
5231 22796
19610 1962
4280 4585
5056 8529
14470 22248
19269 12260
15922 23309
10197 14156
803 16940
14699 7544
21659 12583
22695 23049
15072 5010
2899 523
23392 12076
19288 8180
4777 16704
9635 19677
8529 22377
12306 10096
5806 4749
16665 22022
2354 21849
14860 23033
20146 4615
20163 13376
19018 7644
8047 4355
20241 9681
12178 3568
23051 21339
20091 21080
22278 6910
1505 4170
14430 15426
15958 4577
1427 3296
7340 18500
16298 13462
18284 140
2416 19381
376 5493
2910 7753
16588 13971
1840 20717
12184 1582
7859 16676
3545 14222
18266 7891
13997 1077
9457 23201
23442 23667
22113 5182
11693 15099
11314 21744
1614 9707
21462 14059
18008 2669
1949 6158
1194 1805
14323 528
8927 9289
16893 22510
15570 21409
5871 20577
15080 14341
5783 3805
17526 11852
11795 3346
6621 10676
6283 20774
561 2595
23653 22426
20306 18767
16674 3458
2177 1316
18648 23244
7918 14599
16926 18808
21417 5561
12963 18242
1683 5945
19069 10385
8664 18366
18028 17820
989 14745
7950 20439
4167 4665
2408 2181
10150 17590
22086 638
19159 3333
4347 8979
978 22891
16657 4285
1645 16320
4704 10194
6267 11486
4678 2098
5455 23491
3815 15064
521 19677
11919 22265
21102 22473
5037 18504
23234 20411
3403 20692
6277 13169
7408 10181
23569 744
11611 15522
15023 13530
6460 23438
983 5011
8639 2563
15722 490
6301 16222
4686 3490
210 21067
4182 9051
19255 17593
14798 15254
22934 14995
21749 16775
12781 11670
13080 12761
14865 21989
21132 20139
17517 10835
5571 2332
12368 22441
4576 10550
7408 13342
15457 7464
20401 19335
6351 17446
8090 4454
16139 3674
10344 7956
4834 18153
18093 17511
13598 22811
19146 14941
20697 5357
22320 19915
5737 13906
3490 8393
3341 13926
14397 14428
21456 17032
12250 4278
21100 13516
10369 14095
14117 13099
10250 8963
19130 2652
1153 11268
15285 19631
9878 7239
21845 17170
14210 15062
13806 21722
9093 11639
6669 9608
15473 10372
2923 18867
5510 6242
3104 8061
23278 11318
20112 17991
22226 8503
12819 7246
22770 22141
18852 17419
22867 4187
15199 2123
1424 3152
11492 15059
12048 13642
10279 11726
9934 18576
12846 8823
1693 8550
3024 7597
17625 22999
5059 4809
4896 16328
2410 4849
20984 7220
20402 3814
1291 23253
9446 6942
9130 13356
21482 20132
5983 1033
21477 7010
20850 7042
1356 17067
6986 3012
22315 20329
2261 13349
6057 3595
14109 18873
13763 15164
17391 897
17632 5030
22533 1918
11676 17165
9068 11462
6978 437
14645 12441
3222 18536
6009 3202
4771 12257
19247 16947
13461 15537
7434 10630
2483 1163
20254 6154
18905 15064
20465 9245
22367 17362
20469 5182
17125 4220
926 11966
22079 8225
4081 18225
18857 19521
1293 8126
19893 1456
7198 309
20593 3134
23421 13652
9485 6079
1739 2062
9945 784
20294 1528
11556 7106
19391 6970
10428 7858
15439 1227
7444 2472
14244 12121
282 13739
17790 20567
12199 19509
17800 1797
17810 19382
13132 4473
7225 9956
8952 12379
3480 15898
8086 2867
11630 345
1636 1524
14029 19441
22958 6085
7087 17739
6719 747
2898 4345
16492 9300
18533 12363
3274 18734
7162 8350
8269 20365
1436 9679
20457 22070
17084 12342
5477 1121
12434 23266
15987 17789
17191 10723
5988 5493
11322 17511
16709 10406
4918 6144
4309 15892
22620 649
18023 13053
11934 19339
19793 693
2350 22552
8231 23444
22812 5315
4798 4507
3650 1584
11327 16664
15585 10968
5462 2500
168 10822
23263 14879
23111 15157
3564 3617
2398 21506
17132 21050
11205 14862
3071 11110
1254 19104
22002 5331
17126 14344
5195 2038
4311 21565
3218 21168
8115 23035
19529 22598
3007 14698
10656 20012
8941 5973
16533 18308
18928 8987
2872 8360
6543 394
2718 7743
16165 7098
11101 462
1223 4907
13971 19068
19118 9783
12593 1212
22969 3822
4131 17904
13819 2207
5032 1912
16413 6382
2999 1006
19415 22218
595 21530
2396 19073
4758 17802
20734 501
12027 4481
23292 1613
3637 3856
10866 17320
7316 7134
18631 20822
12610 5420
10551 3361
15498 3540
9325 8653
11257 4130
12283 16984
338 1622
12958 18319
19234 17217
12570 20434
22018 10151
21317 6544
3574 10285
23364 12035
7910 3746
3846 14949
6275 14138
18107 9400
3502 3484
19584 1731
21298 13587
22640 1615
18999 8077
9313 13042
21805 7840
15750 21253
17211 17409
8558 19672
734 18421
14 15595
9454 13443
19178 1191
17651 3525
21524 14851
13185 2248
6347 5369
17311 21593
20134 17459
7322 10382
18789 242
19391 11652
832 2914
4167 12583
18363 13792
3299 13993
2722 16304
4277 16828
23141 3434
2364 16381
17130 14484
20350 6151
18237 22701
17306 20575
14418 1953
2648 8253
10325 3460
3378 18257
20663 22390
10868 15413
18845 3352
16584 5337
19980 13145
10467 9385
15297 8947
3045 22036
12968 7666
5828 19805
6215 15747
18130 439
2189 8114
20752 6994
10524 3153
17871 9264
1572 11629
9974 869
22549 10356
658 10529
9540 15774
20409 19485
6715 4394
9256 20946
21568 18353
4001 21997
2300 23254
2052 14771
7076 8472
18492 5023
5172 11258
22495 7288
19795 1630
5078 5833
677 58
12603 1
555 21656
8306 14166
10748 11618
22934 18850
12971 14761
4552 11538
13255 17597
20627 13494
5940 7574
15464 23386
7012 16691
17623 23493
5500 7790
7546 2927
13330 5584
16359 8524
13371 10592
7299 9551
2712 12043
4935 22117
4698 2234
11507 12733
14355 4623
18838 13362
19325 6118
21473 13724
19797 1423
9667 14377
10485 23611
13153 6970
17101 19460
343 14085
18574 7982
12228 15764
9298 15633
6111 19567
8293 13831
23292 10413
4595 10057
19741 10368
2443 11999
7318 5759
19031 7096
9437 23217
5874 3048
16407 7267
14736 1956
20528 7820
21548 4456
4876 6987
7237 3844
6862 1475
19409 973
2992 1442
23358 11143
20097 12860
7173 16144
19923 11467
2598 22693
17702 560
20787 20835
14905 1231
8985 8200
16894 20546
19629 8530
355 7128
23561 22747
7938 11067
10247 20156
6144 14311
2579 19996
9695 16219
17832 9846
5058 3050
14497 6103
10249 20757
4329 7664
5230 15844
2123 14446
10147 9384
15022 15543
18555 11680
3494 13121
7987 360
11567 5025
11194 878
3782 15969
10747 318
6750 1031
2458 12560
23070 2907
2463 13288
7437 18157
12224 14825
2967 15706
15351 12846
8981 17097
15748 4384
6605 9353
10181 2780
12451 18098
19199 3720
18852 1902
17828 7036
8178 22514
20962 14811
10929 15479
5566 14753
2052 18237
20087 6021
8063 8481
13827 14273
8780 7298
23640 9076
12429 3425
8200 18498
12037 19474
18164 15169
20871 5429
1986 20912
5930 14664
6473 9971
16193 3084
2716 21953
22343 8158
13028 14422
19677 15609
21933 6193
5899 18553
15821 5451
23029 18219
23003 12932
9840 4071
6012 13784
6053 14586
3260 2735
1054 14210
5733 5877
22568 9045
17193 4087
20866 5792
2465 4251
12198 9750
22776 1629
493 16472
16493 11193
7539 1361
10871 10761
21918 3121
22651 18766
9244 5930
1523 20486
132 8585
22467 17961
1887 4673
3803 9546
40 19226
23690 8783
2370 5154
16953 17826
14806 13404
6213 5903
1748 20741
10002 496
19081 7947
8580 10894
11121 18491
16989 20876
10191 22330
5149 10094
13093 2677
5784 11336
13424 12636
14727 20824
22389 22452
9349 9324
10993 15
9616 7172
19098 17456
22719 8439
3099 5583
2921 12938
6828 1533
13030 12239
5082 7871
19105 22803
11681 3966
22985 21227
20051 19180
19170 6951
13536 23294
13740 1651
5577 19503
23692 12136
7014 2989
16535 1460
1377 4375
9806 19685
15969 14463
14555 15769
4747 18595
10966 22409
12631 9938
17278 18074
4092 4045
22378 16448
8606 17330
19961 13670
4125 11431
22631 9490
6587 19970
22135 12760
5302 9909
23378 7186
330 163
13242 15734
10844 6396
17964 19359
6314 19014
20819 13360
16461 12203
17106 6521
19929 11951
19524 1435
9866 8977
15142 4591
7513 7126
13452 21096
8891 11888
17314 9435
13058 20165
5095 1692
16293 17116
18121 22409
7334 3475
20046 8022
18741 18486
13517 15553
1667 2158
18809 6498
45 19578
6017 2934
12301 23011
14495 2254
6731 19735
15011 5457
3403 13879
5484 4143
11597 13855
1497 14571
1278 10537
16891 6165
13093 22288
12447 21252
1276 5546
18926 20110
17860 1193
6131 4529
7551 3625
8573 5183
33 4367
3340 5448
6945 21617
631 19309
6494 18072
1769 2703
3578 11729
10595 5728
13612 13776
14671 17071
14704 19019
8047 15740
7043 4431
7579 23160
1878 15222
7042 22437
11863 13059
21564 2133
13910 7816
10707 16622
13957 4639
5600 16394
22467 13211
19985 2064
15965 6204
9712 19015
11052 18887
6387 17146
4229 7525
6572 21378
18497 2357
23035 12943
2401 7547
14583 17992
12374 4808
18242 5353
8988 9822
4692 8841
9862 12533
16137 11546
18777 17661
6043 20663
8764 13493
21615 8021
16235 12120
21410 9009
1926 8153
11785 14156
16357 15354
18755 4007
87 4207
10282 23253
1963 17293
13486 121
16854 16895
16008 22629
16956 15924
12147 5024
12245 378
18495 1773
15870 4512
11196 21324
20929 12431
977 21516
19841 11657
2927 9340
20666 5849
4432 12949
23416 512
18631 13938
20566 20839
11273 9391
7074 23504
20945 19747
8361 14395
8435 9172
1734 85
7797 23152
21516 347
21268 10679
6295 21816
2174 394
20710 11070
17825 22607
19153 7670
15352 16828
21350 15281
16620 10563
395 18751
19546 19198
12159 21417
18811 11841
22416 13125
18895 5941
5468 2659
15178 16034
9441 13393
13960 7628
11415 8907
6430 14334
8284 132
10273 2372
6442 9238
22859 9246
2255 4957
8010 11557
4828 15992
19151 10117
5027 22173
22040 3481
8565 17926
7832 5700
18178 8213
8234 21558
6744 17194
4686 3018
384 1624
22467 10925
15904 16702
9179 7447
16353 23599
550 6747
15385 4058
270 18221
9036 19642
6232 7865
119 4081
7960 1839
5427 13234
14696 7338
1407 23307
6054 6093
12078 13755
16967 19039
11416 12640
5556 11103
21143 20192
11811 15088
10922 16554
16522 1142
10754 12222
8266 14485
22265 23321
17157 16541
11515 15810
17082 3337
13476 22621
21896 12767
15035 15802
12961 2807
427 18359
23580 8446
15752 13198
14571 14519
520 19875
7033 4424
16606 4212
19396 9844
3089 14570
16690 12251
3781 8706
2834 1830
20264 423
2458 876
14622 4453
21176 18132
855 20613
6619 14872
20583 22164
8537 15327
5995 13866
20007 6980
3069 2737
5416 3364
16813 5004
21003 18667
4892 20752
13169 18775
22869 15651
15685 22200
14564 18522
4941 22032
4775 15325
8397 21853
16749 2750
14074 15550
10410 14975
8270 5869
4247 8011
9384 21941
14357 18650
9168 12185
21799 3803
20225 15863
15888 13537
499 639
12390 10232
9422 13638
16168 17311
6235 9872
17139 8082
14875 11183
5531 1438
6588 22512
13951 20513
2935 19374
9361 10521
19128 1960
14674 13935
12896 12449
3051 18991
16046 3023
17130 16067
17867 13601
10944 4322
2527 16640
10297 13213
15669 22923
18430 3275
22184 10292
17442 20657
18560 16804
4998 2452
7272 11045
14237 14559
7735 2775
23087 11018
225 885
10704 14289
19774 4997
16466 22505
21221 5374
2881 2117
5143 13634
23688 5860
7783 2221
7720 16100
2599 14722
22325 17385
2155 2115
18001 6423
5055 5360
7706 14347
5670 17329
12700 2130
4293 14282
15135 16109
8257 20540
4592 15529
1788 23419
14154 500
6743 20743
23088 18371
14942 19510
14958 2231
21440 16280
19567 9408
5692 18188
18149 8015
16425 16005
9047 10827
11528 15373
22921 13533
4888 16594
22849 19836
3124 9256
11807 15351
12121 5508
15936 19178
6347 15375
23067 12299
4190 6400
18330 7725
16637 5823
12218 508
18421 10907
10797 9744
15090 22479
9171 2685
14268 18849
2952 12620
22902 11334
6461 11817
10978 16708
21447 23157
14828 20336
2328 6273
3673 6166
13947 3198
19594 11104
12084 3717
4215 17079
6416 16383
1458 6453
10930 8678
3956 22746
9077 8788
9976 296
22080 15379
8837 15304
18490 217
11837 17575
14715 1659
568 21819
13374 14647
2788 17947
12531 10223
3015 18251
19539 9072
14978 18896
8123 9104
22290 1770
359 6529
23370 1783
19791 8075
19197 21557
21583 15038
2467 15558
11181 16643
9694 17039
21137 14196
7486 19566
3950 964
8692 6601
2730 12818
17797 5750
15579 13006
5792 6963
1835 5558
11849 11228
6048 955
9566 20068
10645 16577
789 3682
12789 4048
6748 2899
3189 9809
11406 13230
19125 4943
6473 10176
1350 18865
19207 5130
12666 2647
9152 4684
2209 4136
20262 18446
14125 15040
12539 426
7293 20422
13676 863
18105 2735
20430 21094
20804 8451
8808 17420
21821 7701
22611 7830
11010 20233
12688 16256
8564 22648
21233 3339
8695 17848
17933 15504
7382 2260
16663 20274
3319 13130
8165 15663
11387 278
8379 10319
1042 9448
23404 6528
7974 14653
3296 6657
1754 22239
23250 3014
9698 8501
14762 20907
13724 4031
10038 14578
4554 3799
20550 5614
2135 3676
20618 20033
11120 22735
17138 15088
2199 8048
17163 21646
20701 12837
11568 644
1028 11923
20653 10195
10957 20821
4157 14366
245 11261
7874 10075
22358 17008
17995 12113
11360 10571
8646 6847
16445 12105
15083 4945
10098 18472
2700 18578
4418 16680
6343 839
467 15090
17331 8882
89 12076
3994 22460
6353 9422
18188 12186
22743 494
22669 8386
8223 8367
17869 21589
13088 6275
1573 14378
15428 2154
16476 958
14753 23660
20775 9527
19065 10912
20184 5449
21787 22642
16714 12700
1748 3088
2938 17222
21418 21047
10368 21004
19316 2379
14984 5229
22609 9496
12724 13101
4826 2319
10999 19916
16685 19389
22313 4852
81 12328
6692 18762
22602 1815
4853 12173
554 1887
2328 11470
4810 19163
7313 18696
3892 5261
20371 16553
8135 18309
6064 8495
14462 10389
12133 7479
13933 4976
1374 21711
16268 23288
15113 4969
19519 19949
5732 2692
9558 10072
21090 4729
380 4832
16 22776
1093 16558
16411 11623
19936 6849
16128 15551
20107 18724
8427 12285
23110 18235
6040 12252
253 12922
12759 19338
23319 23400
473 15104
21612 22248
23535 7491
20533 7910
1435 12558
14931 13416
795 21979
22054 4842
12655 15975
13533 9569
16968 9352
21680 10484
16345 18828
347 19619
3410 18013
8247 4541
11097 20475
10506 11257
15777 21318
3925 9371
5735 23019
6974 2064
674 7532
12620 16032
63 20972
2257 15868
5580 9096
3098 5954
22678 1836
4199 19383
743 1396
22383 18933
2303 12884
20290 8162
13211 2715
6527 11050
9319 3417
6555 17213
17466 686
6360 22717
11715 16106
23321 4409
20002 11557
8056 17312
17456 5891
15874 4970
9499 7110
4338 5755
15035 22790
9732 5148
13050 17796
15266 22747
2169 8556
14120 12837
22332 9201
15597 18628
14241 14274
21890 10496
9517 11796
8983 8187
19099 20767
12912 3474
10539 21781
10383 10978
15028 16204
9778 17832
11158 10839
1930 21275
466 7974
7119 15181
8917 2829
5605 8192
1743 9663
18017 20033
11774 9090
14939 7255
15506 1535
19578 19554
11810 3876
8838 12156
4634 4909
9424 16292
17016 1808
3747 22751
2633 21696
13588 6578
358 12218
8675 8576
13894 13447
16864 15618
89 15681
6073 3851
8759 7378
13905 3785
12530 8454
1611 6371
15146 21491
10110 20820
13475 336
13251 18688
19294 20122
10426 14364
11631 10326
22199 23144
20643 5336
3896 4276
17096 18169
4467 4768
713 10349
15361 18432
14827 16415
20039 2100
12952 16003
21131 11416
11435 10519
12833 19306
14668 1781
13256 6618
13942 4362
820 20329
2385 18194
13993 12585
18570 23054
16285 4790
18453 15478
15438 12568
4179 9225
9123 4438
5139 23154
17190 21365
22578 3080
18499 15452
187 21684
3404 2153
8487 2527
2822 15931
652 3093
5601 10691
18029 13271
20078 8185
1829 23256
15710 21734
17621 12212
12719 13248
17344 14828
21703 14795
20448 1982
5558 197
12022 4942
21463 16375
4604 13514
11424 14902
12834 1284
16267 21923
438 5054
21351 23238
6052 14956
14211 434
22223 23140
15760 13819
14555 2209
12798 11979
15651 10930
11226 14339
2187 3030
13259 15193
10211 9261
1794 20813
12824 6919
16997 8002
12434 21846
16947 7345
4921 9934
16379 22293
5525 15825
2548 22881
8739 901
23255 3666
5194 21111
710 2229
9223 17582
1786 5843
14878 11758
12967 14521
7532 17848
21713 6932
6451 18137
8931 14793
19791 1525
13303 11560
11902 17970
21361 2054
5161 9195
19595 19973
9368 18678
14515 10293
16416 10474
6156 14789
7769 9706
9290 12520
6088 16990
12694 11542
11176 22285
14935 23693
2527 12316
17035 22231
11550 7550
20034 5494
642 20837
4055 8776
1285 23609
5649 12287
11669 7420
19357 13360
21351 20973
3960 7849
15509 9154
3383 3929
21338 7923
5703 13771
16723 66
13865 14280
13354 17805
6957 21006
21420 13080
11719 7055
12461 10332
17311 11729
1454 20256
15265 19330
11766 6622
7593 3796
6687 17304
3656 4122
10010 6128
7998 7072
1721 1201
5661 7492
20373 19934
12811 438
5088 22729
15837 3005
3724 13995
5776 10119
11397 15761
15839 12986
6724 13844
21008 3520
8753 447
6045 9271
19395 11710
11432 17239
20143 8141
6869 4039
6397 2275
10217 20609
10263 6143
18921 15847
6183 15178
14637 498
9909 4936
20556 11099
13708 22581
4267 5295
18217 3466
1375 20419
8176 4060
216 4392
20335 8706
5879 11164
18104 21631
13939 4513
3815 20802
6370 14064
5434 13321
2756 5835
6534 4461
7626 18386
6902 20884
2186 3923
9015 23540
13795 2220
2209 16553
10107 19640
16268 14402
9195 11634
7290 16108
1494 22169
14054 11492
3535 20109
807 9789
10935 1298
19349 8467
14765 10276
10366 13732
6224 22512
19354 4111
2824 6497
5107 12555
6604 12942
3505 20286
22958 22184
6430 15357
6736 21498
21591 10566
17767 16206
10886 757
9219 5047
12013 15825
18736 15821
22326 1957
15381 1883
10535 15136
688 12306
14263 4324
8590 20633
11543 1392
23553 5170
1601 7736
7051 15843
14050 23052
20653 22968
21553 22872
9555 5787
9689 11270
22279 10010
6284 1810
21687 13869
3478 23001
20045 15514
19053 10725
16055 13155
10603 174
12738 18792
19870 4462
8709 19180
13209 5987
1667 1195
19186 22380
5859 9163
2745 14247
22366 18253
2168 12403
1395 2743
18344 23015
3454 3950
17550 1208
23193 1361
18425 772
20856 22549
22267 19060
9992 18327
21187 5998
18847 18850
9460 16674
9322 19926
16735 2467
17257 18809
22297 19047
23417 7158
18519 13019
12681 8340
12802 10398
15623 12393
6671 9330
8671 3914
1843 603
4110 7037
5941 14841
14210 4619
12181 4480
16968 11421
13323 3816
22066 13776
20095 14997
5832 7951
18382 18135
10822 6342
12352 13236
22197 23528
17663 21614
22420 20541
21551 2738
14475 20285
10003 8713
23525 10823
13073 10346
972 19928
7578 9483
19361 637
325 7753
8300 17372
22500 21559
14485 16935
8668 8086
13076 18759
18931 2610
4292 12174
15333 2559
352 5202
900 10872
4350 21893
11953 19349
8407 20390
12911 17428
15136 2124
5662 20551
6198 8715
4957 1663
10987 18016
14697 2493
3562 17193
2554 11598
14936 14226
5943 5137
22038 4731
18414 19579
13295 14289
12331 5796
468 23435
9262 15895
15745 7695
22708 20135
23043 9704
999 6394
19264 5371
21317 7714
16590 19724
19538 2940
20832 8348
1025 2272
23373 16645
9004 21434
11620 566
19635 8567
22908 9404
5128 17441
19087 18525
16693 7666
15224 54
8574 18341
9308 18839
3918 5454
11754 16928
1976 13950
16228 3545
21507 13157
7352 14845
21701 14640
10369 20484
10894 10185
22938 15721
2515 11134
6407 11677
19726 620
15718 12519
1612 15792
11331 5637
3410 20917
17190 5180
9760 7882
17862 2797
20014 19091
19897 19269
18998 17654
13455 1340
23694 9196
19765 18682
370 1771
1106 12476
4985 20313
9901 18672
8195 3104
5348 16612
19717 18196
12357 18905
6262 9451
14076 4470
7263 19111
3474 13070
22816 9440
357 7488
4590 4838
9912 5297
3487 20734
17291 13290
17903 13964
10993 10166
12892 12945
19838 18365
15120 21982
20480 6052
6099 4898
18680 5894
11223 19451
8303 21623
12924 12401
886 23560
21975 17205
3512 21171
18384 22984
20009 1948
10470 13055
14591 5154
19039 8528
14337 9043
22492 23582
8689 14420
5963 3857
13191 4621
8599 8828
10750 22476
21544 2746
3182 1031
6909 547
18228 23210
19078 909
915 16862
5773 1095
8188 12221
14052 23354
8501 2812
11360 4778
18684 22239
1860 9646
6493 6767
7208 8694
788 4750
14233 19055
15506 416
101 14217
2378 9563
11665 5691
4022 10750
8625 21892
3180 10942
8572 17108
9273 124
12687 798
17577 7423
10810 2941
7460 14286
17031 13352
3297 7236
20017 19341
184 13025
19645 23194
6081 5422
4013 2147
6335 10404
9059 10421
10549 14655
7608 22011
2275 17065
11190 15345
2880 1249
21806 14905
4370 22703
23050 10453
15286 4502
23322 20305
9930 23422
5439 18955
18742 16557
19280 23664
15971 9499
2740 12013
2349 8122
4614 5542
20094 4084
6475 15369
5706 4960
10733 6169
267 21944
14028 8691
2900 5774
15679 14536
22081 9713
17434 5307
2813 81
16954 16294
16914 8104
1288 6643
147 17960
10971 6296
9918 14660
861 15992
19801 10338
23091 19424
4901 11463
21374 12858
8549 6742
8154 3195
8346 20631
2390 7347
1989 16479
14252 457
11097 2101
5260 4064
22450 8576
17564 22271
17445 7026
8376 14014
3195 19772
22233 1974
13786 10969
10565 18824
19667 19623
16661 18782
1384 18324
10721 6817
18769 12225
10044 9093
1285 22498
4819 22953
16599 23612
13898 19553
8109 784
8671 9341
20012 13371
21071 14078
17048 20387
18872 16297
20921 12807
1028 1102
14032 15173
2514 7632
13887 3504
18589 683
15212 19509
12606 14501
10222 16349
12865 9086
3629 19613
21961 5942
18391 13685
21624 19657
21074 21868
20055 8454
3804 22792
3122 13116
20657 17891
9720 8207
1662 2416
13284 11920
13900 2358
21025 1546
8840 12621
18082 18042
2129 17688
7480 15671
23149 22805
15750 11677
9427 8236
8807 23701
8274 18557
7971 20277
16242 20652
3863 2155
19547 23210
21650 16063
21962 16574
9900 19519
12593 118
9682 14961
4977 20323
17141 14244
4465 18434
360 4032
19343 3328
5768 1589
20128 342
20245 10220
20604 7255
12589 10724
16525 15751
1133 6221
19208 203
916 17128
1209 9715
15128 16831
19624 4065
7316 4993
12186 23372
8900 13308
13925 20092
5683 3216
4320 22522
11635 10605
6031 10556
20272 21286
18531 5646
19305 12756
22959 4534
1348 1682
8244 240
13208 10895
7347 1862
4212 19340
18947 13068
8851 9083
10678 146
12170 4205
23366 11795
1630 8425
16288 2002
15651 17623
3647 1330
20490 15914
4930 20101
6785 9373
17870 22393
5563 8990
9494 18966
8225 11411
13260 21772
10651 19112
15020 776
18501 12139
22383 4784
11684 10525
14631 6900
19171 8624
19185 2506
19377 10303
13378 22666
23709 13492
12513 21349
3369 8296
16962 11160
19739 15745
12364 22177
23589 6654
12871 23256
6280 4751
13181 8540
19409 1700
7989 23625
15427 18437
13980 10573
17380 23443
19297 6259
18139 21886
23350 17788
1494 2912
14160 20966
3237 10863
10469 9194
10699 18480
21809 1080
23562 22230
20221 16306
15354 18306
22890 11095
13713 14933
10225 916
20750 21903
12865 5430
8998 16836
3688 19323
4987 20313
11032 13551
7247 20481
2240 8472
7156 13416
15551 18297
589 20814
21325 21390
21422 5248
788 19339
11943 6807
9574 18569
19214 3117
9278 18456
15855 12923
14300 8640
17032 1285
19897 14996
5034 15920
5615 7607
19186 1569
18367 11483
14284 21860
14154 16997
17821 14565
4206 10971
15601 3268
22413 13131
17521 1250
19377 16995
17728 12944
19138 17945
804 16330
6646 21661
21691 19372
23182 5815
11527 18355
19174 9952
8225 18480
11547 15885
22101 20496
3058 14106
10510 2224
1321 23431
20218 16266
6782 17767
12213 17765
3957 12375
13592 633
7939 16259
8160 11256
5460 11917
20042 1395
9489 2379
16700 8922
21410 15666
17119 8626
4662 8535
10438 5172
4885 8445
13054 9622
21411 16878
20448 14517
18145 16206
20155 19399
3144 14962
5923 19006
9843 5407
21320 12331
2247 15346
14570 19628
10318 21063
16350 1356
7945 12210
14886 13640
20477 20697
22320 9239
11582 7028
10597 375
14175 4599
4743 10287
9417 267
10022 11809
22957 2685
7238 19255
1870 5369
13108 1482
7003 7705
23551 9865
17746 20943
16423 7116
10984 21523
6046 11812
127 10336
17946 10904
12341 6780
15648 21284
10409 14330
11210 20568
9328 17145
2054 17843
21222 10459
15345 2869
5863 16632
6952 1387
4887 12171
11804 19944
2812 5509
3158 10988
14168 22209
856 11606
7554 16995
21362 21436
13496 7500
6087 9698
16518 12820
13901 15291
18034 8433
6036 15521
15343 6437
14599 22080
5851 17884
2931 9227
12544 12737
8092 15233
11154 14967
8628 14956
23414 16553
13605 19410
3993 6102
979 158
20738 23711
5090 22418
8397 5447
8287 13379
5355 1249
9814 16704
1595 10408
16697 14169
13337 14251
21903 16049
17779 12368
2917 10088
18243 15330
22161 14924
4955 4553
19082 18265
574 7928
10169 8497
5489 6679
304 1085
20109 2032
11255 1228
3269 17146
2271 18817
10899 1892
19826 18821
8961 15646
14891 10034
1599 14418
17999 3756
22361 4150
3241 2569
6936 22511
18006 7954
8341 8210
3105 21351
12767 13257
11716 9287
257 22502
18420 34
4283 21780
17568 18050
11103 3070
18322 4121
12742 11429
22194 20069
17814 14444
10843 5830
5725 1923
15774 21779
4529 5813
11769 13394
435 18098
21902 9217
6638 23358
644 20839
12057 20235
7364 7946
5464 16989
17691 6771
19614 988
11537 14081
5731 4290
7426 5676
2977 14435
19323 344
6412 22126
8552 22595
9544 19697
4334 761
17656 23556
23690 15243
7065 9479
3018 6948
631 401
1574 3219
2236 9274
21958 10515
17567 9732
6414 8714
9655 6554
13706 23223
3323 18545
11233 1921
9973 4718
18679 14669
4580 10314
6141 7968
5969 8645
8010 5637
14317 8355
16051 11546
4738 20736
9733 6512
23071 123
18800 588
22301 14767
21466 9939
6359 17394
10129 23153
1401 7096
16753 14471
12025 4363
14478 23478
1420 2027
5162 921
5458 1625
12210 1628
10727 13404
7226 23044
20291 9821
3498 3223
4235 9870
7226 17802
9390 7494
7009 13372
18902 11791
16787 18909
18971 1670
18339 2890
6472 5940
15754 12864
17693 18539
9265 16274
20978 3654
10109 4917
12230 10163
16986 21055
19876 16093
2560 3510
7741 16527
10880 19311
6662 415
12751 2858
3097 17548
9450 8521
16232 18908
9367 3764
19399 7780
16894 17062
21391 2087
10320 12814
21232 17077
2505 13438
7856 16361
10587 10502
9902 20807
23508 1156
571 6800
23695 16792
10932 20699
21682 10478
3664 11246
17294 16040
12126 1001
238 23131
4740 2284
3200 432
6170 13277
2008 1862
4879 1484
18133 5462
6589 16543
1556 11429
861 11972
15530 23065
22375 14267
3074 10041
215 4674
1794 2779
20704 18083
16982 23658
15256 4543
1480 18763
710 10620
733 12649
18077 5583
13091 20182
20405 10634
10723 9772
12098 19275
10131 9342
2819 14261
16892 23265
356 20075
23453 6697
1022 2687
23020 12718
12263 8291
12848 9228
22578 5151
8643 2418
19271 1607
22399 381
5863 8834
2791 9516
2035 3563
8146 10142
2351 8509
23385 16498
17268 15033
20226 2305
22906 7731
12137 12062
5097 8784
13857 10693
14751 12144
60 16322
13437 4388
11867 21175
15191 17599
19759 22458
10981 7149
22968 563
15676 16759
23300 15917
1469 17988
15780 13098
21365 15888
17198 5056
13488 12477
851 11437
10122 4934
4711 8701
15542 3427
17649 23359
582 8731
5446 9689
3753 5677
21901 18396
10619 21717
494 13776
13520 18945
9081 15545
5674 17132
21667 11683
162 6562
4187 13319
21968 12213
8455 20500
12845 220
9766 2103
9624 20719
13801 21337
855 17473
22334 3883
18545 9026
12874 21683
18552 16521
2174 15004
111 15806
3328 22836
22931 22795
12833 12253
23004 5609
21155 8427
16448 16739
4082 1291
11128 17568
4926 8555
21442 6328
10836 14769
4075 23245
19090 15089
22064 6104
23224 14054
13368 11652
7386 9259
1152 12563
16466 12863
567 5166
22353 1078
12179 11354
19109 437
14234 11279
17723 14552
23508 18083
1253 2634
6263 12214
13062 4036
20245 20774
7737 18643
16481 7876
11750 11887
3975 7018
7416 13879
9780 7039
19197 1750
641 697
8239 16878
22446 9582
95 559
16988 725
13043 21948
9917 11463
16890 879
7950 14932
13095 8482
8542 7518
23062 4834
13425 9830
4147 1450
14912 17403
407 7572
5278 23312
13110 23026
7683 5878
9210 20007
9367 11580
14295 7936
2780 21045
19762 5824
6321 1032
5154 10979
4573 1927
3932 19147
19775 8477
15841 13996
5239 4016
23499 10702
1645 14715
20146 12261
8011 11361
7368 12275
12220 20079
3156 17358
8681 20385
14814 21524
15259 13170
22442 3949
23269 6476
18547 23118
18274 19655
779 21428
21065 4243
17319 16465
2228 21223
899 860
19338 19549
16099 15230
15157 22253
17566 9464
16200 16583
13769 667
12698 15997
13542 12851
2833 21901
13864 7371
4897 4186
15199 8508
6468 3516
15948 22249
19812 17939
10908 18827
13383 15291
4817 21827
9545 5811
6494 6128
4270 10305
4458 19870
19643 16418
9409 8727
19085 13474
5644 8797
399 13132
22563 171
21233 9305
21549 11739
9736 19469
21453 17750
23271 22108
7934 5715
19781 8083
22271 23235
21899 19935
13818 19242
20450 18460
87 6272
10309 9099
14181 1249
14170 3338
11990 15469
3500 22829
5784 3559
18285 18442
13343 9309
20990 10593
12288 3061
1078 2668
18269 6225
6860 8351
20933 13372
13359 4672
2486 1513
5267 11914
23375 15933
15256 4356
20791 14414
8242 2502
5476 3851
6681 14842
8216 12497
19488 1077
4260 21981
18398 20969
21989 19700
9025 23205
16966 4903
19008 20995
13238 22538
20395 17961
11529 2945
11526 9688
15158 5952
11640 8461
2575 5108
22003 23349
849 5646
9673 4153
1614 5034
20170 925
5298 15501
10201 15435
18626 23708
17203 5702
11724 446
3541 15840
21391 7619
20754 2990
17070 12851
5023 14039
7754 13650
125 5613
11070 16514
9701 13147
19002 2447
4491 4611
3123 6418
16077 2967
3817 4041
17794 5308
12886 5120
19587 16987
14808 1885
15387 12321
13213 5938
19130 17634
20655 19394
4607 11941
1701 20337
11899 500
20724 14100
13545 14901
22425 2909
14271 19800
19308 11712
4218 1286
8164 11704
8464 22555
14807 7372
10440 22437
6275 12602
21181 13863
16192 6240
7269 9781
6559 8566
21929 6532
20489 4735
9115 12937
12021 2861
10687 6764
9098 8525
8924 16348
4558 15324
14381 1573
6804 19240
4289 121
23128 3444
11613 1446
279 11066
15323 18501
14681 16056
14069 21478
16627 10061
8693 12871
3901 5701
13058 1459
21804 6128
2634 13282
5423 3810
12109 23594
12052 22456
4159 19094
15454 10653
8305 455
9748 5674
21008 5146
4194 4234
20941 13524
18085 5209
10839 18807
7902 5456
19829 4817
12258 11699
4613 15338
21279 13721
11110 11853
13148 13066
421 13861
23406 19441
23564 18541
499 12323
1205 1760
2767 7024
8108 1592
18281 2166
8473 6801
2664 1439
19830 13279
21366 5778
5500 5791
23185 15199
10362 23135
20992 8215
4737 14925
21068 9858
5813 15316
20507 5177
7813 132
16152 22800
4488 2199
7964 14008
4787 18506
13411 1335
2167 18442
7422 8415
17852 21576
2516 17732
13221 11253
14898 4236
23108 18483
4723 10237
12856 15330
9132 13751
20459 12401
23636 16601
10801 14558
4885 17415
8798 5252
4034 6746
19164 18056
22411 7717
5859 15298
16195 5243
9368 21217
16971 4038
13088 23585
15312 6305
23494 16562
2451 8053
13198 7788
11766 6849
10256 22011
18988 19525
17416 11394
14895 2721
10166 14001
17512 5860
15114 14885
7815 9226
1593 5055
750 15087
22183 1500
20913 16199
1338 23695
13056 13077
13192 4490
272 6380
10716 22157
15449 12422
13566 3438
6806 1024
18956 19070
4308 20877
13552 6217
10974 23572
287 1241
5581 6310
17153 21296
4703 16242
19817 4709
18857 11924
15320 12411
22608 18572
21221 650
20751 3390
12182 13194
4192 16736
5099 1452
2448 15194
1525 11006
1245 4072
14465 21319
18432 2443
21370 19938
11286 1120
5514 17300
22521 10492
22485 17580
21979 7456
8317 2143
9968 21107
9831 9895
17577 17706
10597 2209
19839 4673
2821 12387
22323 14171
10760 8319
1282 13738
13408 7501
10026 7752
22676 322
5606 18043
7069 3406
7711 21333
10323 23286
15745 17881
17568 8903
18294 11454
17087 16997
4472 3306
19448 3087
15004 10762
12338 617
8740 22951
22324 5880
17136 4668
9067 9561
939 22504
22712 5603
23464 16644
19721 21319
21359 14802
12108 16902
20188 20859
17435 2918
22085 22305
18942 15704
20020 8676
17288 3030
4597 19427
5053 9744
1158 8642
10736 16146
8599 5655
6572 7577
21687 17911
6840 17680
5517 12078
11761 360
17687 21455
20453 7807
16035 14240
4706 4044
18503 3548
3503 6646
17735 20062
16231 3870
21286 19358
22846 5843
16740 21255
19657 3604
13993 10723
23520 19315
3818 10302
7662 20342
20289 6113
22009 20858
19667 11049
10722 3845
18918 9767
9685 643
11521 11608
14232 14707
13923 9656
15255 928
3904 2730
2338 17099
3137 2191
2894 18744
7127 8894
9273 22203
1747 11228
12514 406
19265 16863
1553 13967
17049 21766
14236 17179
6324 22583
12538 19727
9920 3736
11195 8914
5932 19070
3737 2374
19128 183
9975 21490
13733 6302
19166 13272
20736 18425
19593 23115
4914 13727
932 20883
7174 23031
14843 10893
18273 19661
14407 4785
21301 12545
10301 20083
23063 16150
14003 19598
9477 4766
20922 14640
21648 684
20130 17418
17444 5085
15803 7970
7622 8223
14424 1078
21236 6623
12883 19089
18451 8235
15737 6614
10320 9588
23415 20656
14983 10449
16946 19024
16213 19316
8756 3647
23706 7818
3295 445
17534 3972
1282 5140
16484 5553
20282 4244
51 2022
23689 12131
9506 14544
13237 8511
2783 14025
20247 2942
6998 19131
5787 22775
20543 20588
22328 5726
4476 12886
9174 19625
8140 11094
21730 17227
17622 16745
386 14474
13134 15303
2570 10363
11923 7096
22094 1269
13158 19609
14228 1274
9107 19715
4525 4358
11067 19712
1508 9338
21848 9125
17677 792
8881 9191
23354 75
510 1012
16474 7346
18271 2041
196 17971
21877 19469
15387 15642
17572 20776
17609 9617
1453 13369
22188 14155
23627 13371
6440 5850
20093 11979
22310 19971
21292 10285
16911 5615
2597 23068
15802 9909
3957 6854
16014 15803
13216 10153
15534 5475
19292 1070
4835 15086
15519 11172
5681 22349
19248 6463
19429 273
1271 3278
17000 18791
10387 14043
5956 18996
20425 7718
21946 10092
21022 18532
17506 3683
17908 5542
3585 19543
652 11739
10331 12180
15335 6044
9441 17924
19088 18523
14074 11763
20295 393
3944 23685
17053 1300
19227 8670
6373 11575
7990 3152
3594 19210
15639 2529
14921 174
15578 19402
8432 17932
341 18136
4199 14022
10416 22727
23182 9076
11061 8726
10722 7760
13067 21067
19336 11038
4080 8682
18951 7351
12094 17940
15513 20149
6795 10275
14943 15214
9835 22428
18639 4091
12418 9050
19879 3038
18302 19525
15762 11385
11590 12981
22729 10968
18930 4083
17154 15282
5152 11786
13011 11403
6178 23383
136 19864
12034 10263
11638 6458
2089 16727
3748 6409
7442 6655
23310 21487
11911 1102
10972 6159
14233 16663
12508 19184
18048 16525
21786 887
19842 13564
777 16364
18866 11702
16926 17214
11282 9525
2941 22576
1850 12490
8678 523
16626 16401
23497 11320
8461 1412
5284 15935
12652 11771
18952 17841
462 13552
3003 3447
494 20493
6272 23241
12351 9502
21916 22963
19161 3684
16388 15548
9412 11744
11244 18603
10619 5568
10375 9478
10882 1640
7528 15611
21803 8829
20424 9592
6334 10807
22231 20957
14279 8298
12102 17273
3420 18060
21585 15446
15656 4129
16611 13511
2760 18374
5250 9806
15777 3700
7483 19797
4974 20963
10606 14468
4835 2576
365 13925
13502 13285
3012 19605
15942 19869
5205 16347
22152 1089
4574 7326
1045 4926
21804 13701
19854 21596
10677 21514
11073 16198
11557 11609
9160 7575
5654 16002
13765 10663
4579 13398
17191 21097
15242 11027
23676 22153
11078 23124
10825 3956
19037 14419
7073 17507
3594 14211
8193 3788
22570 5763
12816 4391
1664 3002
13341 21511
7610 10619
21081 7983
16996 2691
19160 1659
16449 1661
1662 8926
5033 18673
4509 18795
2748 20593
9883 11511
10264 16325
2805 21385
3056 13039
12177 20305
4709 11865
9716 7437
9095 2651
21967 7598
23296 8963
22035 22287
1986 18354
9953 16760
7417 2496
13599 7104
4175 22541
14229 14511
19942 9984
22089 14590
14979 6763
8755 6190
2556 9448
4145 14913
23538 23406
9127 2887
14982 5264
2564 12896
20909 20828
61 15562
18653 1037
10907 6100
3372 2695
16215 9355
5005 21150
2443 279
11102 19394
5110 10875
20224 12388
14057 12399
13920 19867
17128 17369
7959 7328
20330 3771
8737 12604
13253 1458
12549 20055
10642 5161
13035 7751
9910 22932
15817 16024
15591 2733
16810 10684
20189 6467
17497 6972
15818 19685
23325 12018
5581 20764
12823 17460
6515 1311
1930 9570
17536 4895
23397 769
7623 18816
19610 4264
18869 60
21368 15554
17350 22326
20523 9623
22398 19544
18156 7952
13437 11379
19614 20515
9358 15043
22614 13590
7929 3667
18185 9726
815 767
10851 6229
12137 6412
3905 19191
21978 17922
6172 19903
611 4676
4400 22805
19376 22701
7411 12327
20312 3956
20597 9981
9954 18488
12901 15561
10658 3690
21272 6375
16544 14305
19340 1817
10654 3206
19348 7564
17731 12177
19246 20457
10319 7542
228 2734
18118 14366
997 9864
2003 5866
18658 14324
17071 17403
4464 5770
20017 12523
1968 5367
5100 2183
3532 22532
3153 12604
4626 14616
2587 4739
1147 2586
9398 5924
686 8333
9216 7424
7577 8288
18629 14894
8428 4376
20764 3226
19116 19266
8602 18634
6034 292
17684 15374
19558 2549
17901 10820
21434 2194
18444 2216
75 19637
20559 5544
17221 16555
15460 10672
5764 13134
9542 11578
8659 16346
9964 5474
11604 23592
7904 13981
10767 19932
20729 14808
8055 2432
19162 7268
2642 8829
15850 19502
10264 20993
21035 9087
23156 5432
20573 18839
6380 18973
4875 17503
6069 15592
2714 3061
11409 21588
4846 19222
1199 11157
23453 6090
19059 3915
6988 8338
16300 15833
12609 9262
7455 1384
6002 2510
16327 12372
4107 14007
9187 9378
6124 14136
13011 4926
19553 1939
263 408
17674 16845
2037 21876
19512 962
4281 8001
11704 12977
9471 15298
8738 5848
22242 4511
2267 12160
19274 13152
1688 14659
864 15586
20562 21610
3375 9490
21110 16516
14649 23711
6848 22559
20892 23364
14918 22237
9591 17611
2025 9124
20379 15056
4775 21106
14861 16664
756 16953
21713 18986
18493 17690
2851 14991
22609 5676
3416 16923
5564 10887
21218 20098
9240 11499
13084 1959
8326 11581
19546 11221
5636 5906
584 18624
1311 10937
17022 2643
14006 480
6507 16927
3357 16324
21210 7479
17798 19283
8387 15763
20518 7639
2619 482
18162 16994
22520 20567
3857 11529
9084 11206
3924 17278
7166 556
1584 18299
6779 20496
16006 10990
1714 8989
8010 23532
22806 16628
2551 11662
557 4861
12445 12609
22212 770
16741 11279
22733 14398
18270 21937
20203 1490
19852 17409
8632 20136
19121 18597
21290 4943
8838 12440
6439 11969
11913 3451
3833 8235
6513 22192
21975 15445
6965 19373
13895 12883
7180 16321
4847 14096
7956 20277
7763 5807
3232 15929
19298 11592
3211 4632
19959 15084
23190 269
22481 20906
12161 21937
4587 4090
8381 17788
12724 21139
19763 14821
2807 7676
6227 4403
19033 3427
5827 15620
4184 12187
3147 2809
1016 6044
454 15040
21880 4042
12483 2878
17982 3862
16050 5065
3559 15031
7872 1565
15202 4545
6883 310
22611 12406
315 9275
19254 23265
4945 17137
12446 853
3647 16661
22723 12444
15531 18975
20520 9823
16783 20871
558 5497
6397 4415
15560 15042
6777 3056
18068 14673
16425 5745
23525 19284
13427 15002
1463 11957
20302 10822
210 5900
15562 9448
9064 3228
3135 15279
5662 11675
7123 20426
7620 3330
147 14790
6364 21064
14664 135
11095 23595
1070 12704
3625 22136
12721 11371
15583 18581
4409 555
11268 10054
14856 3470
7678 19331
10466 5404
14350 4820
22956 18206
12317 8753
4389 4967
5772 13850
6775 18595
18498 2807
16951 14291
5793 8774
14095 10356
8145 318
12366 21141
2812 3589
21100 13725
2142 10337
3627 800
2380 13181
11790 3923
12303 17338
16251 1084
20048 22876
11948 8057
23499 20361
14341 20433
9861 3608
13919 9225
14781 947
7905 12672
5039 1551
14338 17442
18390 23001
15369 14456
20739 15676
6518 1861
13861 4684
9716 13988
18846 771
5960 8717
12542 15869
14502 17025
5935 17640
14852 23193
13671 13040
4133 4055
20956 9526
13065 19387
128 1368
22663 7272
7634 11646
2653 10829
21114 16085
12422 16430
18782 12149
6829 1757
5948 1612
106 17602
12188 3162
5539 22535
14328 22856
12909 16317
10852 22567
16879 18719
3506 19556
5109 11634
18043 4782
3117 21040
7420 16111
5584 18652
20928 19855
1673 22048
4595 7365
9633 1332
22204 16218
6038 15544
23258 9620
19363 16237
19733 1026
10697 80
16233 23672
17187 17726
11994 15107
10860 14326
7236 22039
18126 7910
557 3975
1838 5454
17638 6279
17427 9848
7808 12683
8882 5035
7312 18855
22829 11209
22033 17044
4858 8233
4781 19947
8951 20940
20773 22311
23379 4156
21152 17785
18953 20011
23144 21295
21565 19711
19169 12989
22404 1924
17565 1214
12464 6131
16138 12465
11191 2617
21000 1289
4708 21119
15183 13369
13932 13370
18600 20403
7052 11939
13131 13591
6421 8283
15174 22257
12033 5278
5382 22175
11952 18251
15367 7318
5934 17053
5130 3570
16529 13801
1241 18686
1664 3801
17762 15533
17339 8224
21550 9185
22444 1287
19036 13789
10008 15955
11460 4839
111 6905
10224 19942
1791 10908
12400 14313
7836 9989
16763 5192
9962 22175
10759 20275
23521 9344
21959 7281
7404 19113
15821 18182
3651 8509
20122 22415
12192 12244
14396 15927
2248 2112
4374 1027
22242 15215
8044 7774
10916 14662
20778 10132
12184 20886
11916 16363
10992 8441
20150 15460
167 15753
17530 4831
19828 9052
22924 18632
9736 23243
20837 10814
3450 11642
3973 23299
21795 5387
17804 17165
5768 22689
5629 12375
4456 11741
16131 23174
20502 656
7501 15529
15547 2973
14886 1813
5226 20539
16903 16343
17998 11851
7020 15256
868 17829
2603 17793
23474 6680
17565 8422
23167 23609
2403 10917
21765 22155
19995 6997
14398 17900
22290 17296
7357 20988
6726 13281
2010 13163
19541 20588
14531 19043
8636 19811
4706 20736
22201 963
5073 1685
17279 19081
10032 8756
6765 18475
23408 23427
20084 15009
14404 13157
1202 6890
8176 6713
2929 12040
20161 6782
18119 3266
6206 6944
5106 20764
5535 14928
23176 22475
9479 14948
19778 20538
20015 14837
9067 13986
934 1916
17665 20195
23196 13977
6505 17033
14708 7630
12886 16170
2447 5021
8353 15048
13413 22989
14884 1457
1187 3163
7616 18877
22621 19192
3200 21857
15113 13294
9564 18055
23164 7795
16937 14449
10193 8933
11563 20721
21488 23223
22764 12183
3304 16188
7081 13306
9720 847
4488 12110
5699 3328
12586 19025
2959 13690
23098 16105
14192 15371
18505 15582
7627 11716
15779 2578
16536 14890
1554 8334
5663 7846
4021 5065
5140 16824
15897 41
6705 6165
11453 20888
15060 22002
20611 17941
17134 18512
8804 21390
19040 19434
18656 22738
183 17387
20601 3145
19103 9687
4805 22399
8705 3123
3070 16188
8504 9011
12189 7337
19722 6468
4235 3602
13624 18576
15561 18056
18893 16714
3449 12882
23207 10024
12428 16451
9928 20857
17800 8668
11127 16184
14893 23700
4416 2919
4312 13445
20531 4642
16622 14219
3260 1470
17919 11997
21196 3443
2519 23414
2719 8881
1647 23377
18050 8016
7223 23650
3915 21912
14401 11689
7600 22573
958 5791
10087 10579
20490 720
21136 12876
277 5591
4584 12456
18977 9794
10403 15566
5524 7550
16336 5160
21449 9286
9827 17207
16391 12125
7573 18582
12914 20907
14237 8525
14336 23311
17525 20531
17030 4118
2494 19375
7920 10051
17771 15392
11467 19191
10935 12622
4396 3420
18534 17642
23194 8000
14412 21176
15481 15214
6107 11618
677 21503
6049 15073
18277 17816
11773 21163
17027 19713
1236 16179
22110 6938
1297 7133
18536 3882
18181 14403
13634 6422
4044 8895
14512 17041
1691 2544
9743 13019
701 9068
15413 4213
6517 20547
23272 8297
2058 5947
5756 10200
10620 20941
15927 5340
667 19218
17064 5680
854 9796
72 1987
22288 21739
6269 6428
5066 17777
14023 4540
11286 321
6388 19953
16136 222
8696 1348
14901 11263
19064 274
7724 20871
21176 463
12962 16305
12045 8199
3725 6092
6609 12554
2317 10437
314 800
14160 14207
5851 5980
19833 2018
12644 6170
6405 3097
3235 12072
6014 7977
18097 15503
23307 21520
8785 7984
4714 495
14158 12786
17626 8204
15943 8846
11326 1250
14670 3645
10814 4870
19947 17608
5537 481
18287 17125
7291 17953
18230 11623
10534 379
5545 22362
4631 3096
13533 7471
1110 12936
17689 4664
8779 19191
3939 19633
7636 23647
22081 18466
844 20135
11247 4769
4834 8441
21636 6994
18924 20910
8264 21974
9476 17976
676 21406
13281 561
8451 2646
23705 16313
1194 7707
13608 17880
10896 8920
13969 18788
12983 17933
23175 10234
10424 18445
20584 10223
9955 7881
11208 15599
5025 7037
9483 16688
10130 10675
18116 9383
15416 20811
333 16747
21179 15840
2311 11682
20676 8773
13523 1405
16462 17492
7148 97
19345 6006
11374 11474
22459 17319
2234 16196
1746 23326
2739 5419
5793 2948
6818 4148
18032 5050
22814 11249
9048 7639
19379 9336
10101 10585
11389 15217
2088 20497
10355 11911
16751 5498
11406 10625
16617 9425
8903 14183
11344 15905
18791 7487
4442 8857
18344 745
15242 5326
237 21942
16737 23244
19710 7937
19157 14211
17312 20400
335 6195
15753 22423
18925 2372
2376 14125
13900 15020
12929 18970
23467 21563
15246 1054
4261 13264
22280 18550
18899 9433
7196 16343
14378 8419
3961 3741
21153 22316
2196 22500
8594 10390
13829 1985
8457 20357
8827 5803
10108 13728
4868 8889
16149 12562
19707 2396
15278 20986
6343 13238
93 1158
7822 6780
15246 3013
12413 3188
2525 5199
8860 21540
19003 10388
14194 731
16438 12854
5985 15878
17620 6948
8528 383
209 18870
21112 16677
15963 3391
519 92
15132 10186
10453 19623
2103 22403
13775 23471
5548 14034
14540 23594
3305 14856
9519 5926
6331 2552
21388 1272
3516 5721
13184 16828
23318 23479
16359 8148
1242 16256
3308 19747
14318 5913
8399 19672
21091 23160
20525 1968
5201 7195
16312 11928
15366 3230
21512 15024
10429 11727
1904 20265
12388 3175
182 10764
16371 3679
19004 16236
866 817
4074 2369
21302 17781
8573 6207
7451 11679
8604 1400
21288 21340
4913 15014
4120 21051
16012 9192
15853 16592
8865 14400
3861 18135
21431 6348
18180 9298
13255 2710
2503 2699
15953 8548
6612 21006
17537 21402
12518 8015
16646 14342
16915 22572
17447 11286
2584 16098
1884 8978
10230 19042
13153 13594
2001 503
11343 10931
3209 13419
3604 17087
3676 984
18764 1189
18211 17314
12281 16374
14407 9784
23649 17781
21571 19019
21327 7287
2470 6213
8169 17828
14934 739
7835 9494
655 22611
3671 1899
2200 594
11553 16094
23456 3935
18142 5310
9766 11893
22318 19494
2665 8607
11029 428
17550 466
5476 15076
20624 3838
21307 7253
7183 2671
4048 20359
9735 15471
20166 14994
2575 18223
18259 12707
550 4941
14083 5886
9007 9449
19698 8416
13355 13640
18712 9925
9871 22910
20439 18889
18371 12175
8470 9729
4100 19010
21441 18111
23257 1575
17884 7418
15360 23664
18382 8935
11952 4097
11600 8787
17213 21551
8787 2523
2737 20337
7867 4795
7667 8801
20609 19794
6132 7506
19282 8195
18853 21952
7177 20014
22010 2553
822 2590
5944 687
13470 6401
22194 1134
14245 11825
18751 14423
15252 3226
19471 22971
18784 14754
20881 14708
21221 23000
17590 14346
15848 21701
11259 20095
17605 11417
8061 8532
19556 313
19951 21856
12978 8403
7959 18685
6742 11481
19618 21350
5047 10701
5703 20256
1605 19366
13792 22018
18273 10292
6079 2302
599 22363
2414 21915
2366 17410
5950 6902
22131 5825
6466 11914
22693 2577
16531 11876
20320 15181
4395 1601
15976 20311
859 2473
915 20367
14555 20812
5305 18378
6651 16124
10283 10207
22686 17994
11040 18348
8329 23420
21110 13205
10517 3226
8948 9480
13772 21023
18702 6174
1669 7167
15570 3953
12916 1082
12707 11271
1091 19096
7454 2763
5883 2026
23434 1434
186 12741
20268 5949
11885 7300
1090 18857
4352 19781
4364 23142
3812 20095
18800 18204
12236 21236
4403 8614
21591 7193
19462 6240
7797 10100
1017 8342
10104 9302
4865 20458
3146 10927
5281 21466
8081 22943
14011 11658
3933 17181
4840 2908
21506 5215
9182 15400
10974 22312
13591 2700
22154 4822
17029 5211
11906 10062
10955 22357
36 312
23191 16724
19823 4382
20059 20832
1 18236
3831 15969
17435 3942
22217 10262
7446 4872
9828 13384
10555 17454
3425 6507
1325 18472
18303 22913
5789 1772
3445 3049
2059 7401
15990 15658
13151 11082
22791 20511
14110 4772
16455 11964
2833 16950
1132 14086
12000 19624
9908 12103
4741 14040
9985 5375
10169 10291
15207 23684
17391 20734
5214 12191
17431 1214
171 22461
17927 19367
4493 13285
14423 5534
18859 1869
12726 13143
5568 3815
9371 2977
5513 7757
19725 6065
23711 17539
12772 5213
7583 15694
3361 4867
12197 18382
3162 14183
20169 22437
18996 11236
7817 9666
9150 20179
2561 6934
3912 3008
8297 18571
18283 20792
5444 20003
12430 6329
8191 9481
15747 14792
17434 9286
1235 23011
15790 16735
13354 23252
7268 23125
3715 2534
21758 8935
6524 8053
16012 3467
19600 17074
12452 4917
14505 12950
12055 1775
2244 19728
17879 18681
21930 539
22717 20579
2084 12818
21766 1091
19315 15798
7595 23333
4882 1715
22935 10668
7398 1497
19125 5443
2402 15709
18509 23175
13117 1677
21522 4240
13825 6965
18517 9053
8756 14764
15283 11164
16347 17182
15334 7388
19682 8196
4366 7196
22162 2037
15201 18290
15926 9132
10103 3413
23503 8716
14679 6015
8615 20519
21935 2208
20710 6151
17657 20466
22579 21777
9102 10442
4886 12736
18996 11443
2328 19025
2655 9646
22718 15983
1529 9983
12314 22756
5018 13105
22702 17256
1868 10187
3928 12679
10007 8963
23293 16993
22512 19782
1741 5066
13560 5769
22971 9445
5293 15250
15049 15804
19229 21914
12087 7085
17918 4750
1316 16917
10757 507
8360 978
1360 450
9401 18171
11161 8568
15229 14027
11123 6852
19465 17474
2581 22330
16970 21745
13098 13442
9498 20840
20392 12681
8562 22383
17471 1825
10226 11328
6357 3411
17802 19314
17200 6631
20729 21389
20181 17216
338 4334
14529 20145
2603 7267
15709 11858
21419 16582
15362 1324
6993 19008
23038 1945
10961 16244
7728 8817
14338 10270
1427 13446
22312 101
9332 4375
20180 16088
5816 10058
4558 17831
2790 8387
16014 3347
8454 14041
17402 10704
10162 17694
17518 14123
16283 22855
19907 5931
23437 1734
7547 20316
5280 5646
8203 19496
19211 9773
250 11341
127 15139
4293 9831
17864 13016
13550 22488
2568 2926
7469 15858
13248 8685
2489 15141
7088 17381
15456 21831
19179 6703
4141 18702
14228 8495
7581 12847
13988 16064
8746 16789
20972 8959
21136 17436
6897 19960
7052 22152
18367 19277
15395 3487
16977 16256
11846 19945
5092 16185
11087 20506
23460 5388
14816 9335
8369 2030
675 9393
18452 17569
23334 2000
12549 18802
14965 18156
18032 8287
16561 9758
2118 1475
22581 688
10286 23500
9677 8810
14500 16742
3970 15186
1984 19416
23498 1067
681 12933
8089 22767
12456 7411
9249 18114
21460 18872
21839 7992
6969 8117
8409 15269
10368 6947
21535 7691
18637 14494
7172 15332
14548 21821
5077 15093
8980 11693
9352 15161
11090 19529
13883 5576
20488 6102
13622 17800
5674 5925
10205 11285
12386 15229
3261 10222
960 1452
23690 6092
10997 23697
3554 9079
10966 15609
14954 8410
2668 767
20937 15367
16207 2195
9645 7789
7114 7363
17719 3170
14261 752
5395 145
12067 9712
4088 3571
19750 4342
16207 19131
3022 14026
11884 2015
15380 17343
19471 7589
6003 8922
3805 10241
20048 8778
13346 14887
269 711
12216 7973
17267 15324
7031 5977
2959 2446
7370 5359
4424 17690
23481 2638
22431 9404
20385 15495
21134 20149
16580 3163
15854 11096
3350 21737
20712 15289
2837 12438
204 10039
8103 20445
18086 12663
18965 18067
10398 1060
10505 15047
19551 11432
13063 23157
23658 18981
54 19152
13799 12326
20756 5350
7021 17868
1834 2600
12142 4791
4515 11948
10114 19799
6553 9089
2993 14623
11062 21346
5540 1518
10260 10059
12969 11006
21928 5329
6178 5383
11381 3403
22911 14215
12051 7643
1316 13162
15537 10036
3592 8593
8360 22186
21124 15874
12782 15680
14080 23574
5186 21495
20962 19281
17865 15275
2093 6660
8063 11012
4798 3735
909 22763
5746 12738
4138 13979
4460 10516
20882 18941
10088 20407
6594 1750
19565 9386
5312 3553
21581 21964
22351 391
10892 21589
12168 23692
22720 14686
20521 10814
16764 16087
7769 9048
4119 14642
5435 23143
1530 15748
13082 14262
8592 15197
16507 19435
15042 6842
11950 17786
13884 2822
1616 4640
12916 12380
12551 19540
19608 17432
12491 11171
10645 17472
13771 1210
1074 18501
19948 12723
17447 4385
15217 9143
8108 23187
20468 19273
16151 3592
18007 14115
22993 19798
20312 8862
16072 8315
12734 11331
15080 21326
22403 13359
15995 22226
22470 16813
9162 5966
2807 13542
3838 13565
19644 112
14638 7529
8100 329
18897 20645
78 17878
18250 11512
20154 3903
23100 4155
16038 18844
12434 6821
22328 20100
19907 12367
2725 21281
4770 3430
2654 16220
22620 16766
19750 20236
19189 566
7387 4060
12242 15466
11173 14165
19386 1740
6555 18323
1883 6923
17280 12218
22712 7890
23646 6160
15007 4798
18772 7892
23482 23409
15268 7027
2678 21824
10860 17014
22904 14928
18045 12596
21615 21654
1549 4829
15145 7337
11600 10660
7100 8490
5802 569
8218 5773
17116 441
14383 13249
22604 7035
8582 13961
3367 9599
103 14645
22781 8407
10965 20877
8035 349
23190 17857
12047 15204
6586 4885
23514 14022
11904 2557
6420 15538
23426 9259
934 19408
14088 4269
5867 18492
14812 23453
14986 23603
2736 21033
12496 10805
9585 6320
15277 19878
21117 17872
1350 10075
9529 1796
2467 9122
1262 21778
22036 4602
12405 19558
2636 3667
2552 23320
12242 171
11713 2433
11636 14526
9510 821
10934 7347
7213 1489
2584 20911
9789 18453
19430 8249
16972 14966
15730 18693
12797 17606
22324 6211
20525 14192
822 10226
15452 788
23432 20671
320 15837
21677 6075
663 11441
18670 16760
7623 22444
11178 9875
22051 11052
16610 2341
21027 9985
7097 17499
14191 18580
20188 11855
7774 22846
19867 21254
18756 15394
15750 22437
13119 1304
8660 21151
4717 14580
8437 9161
15276 17710
5314 3661
3847 3881
969 21747
17571 11148
20864 18782
5125 15231
12141 22015
3827 22379
14489 7460
9355 17433
14525 3565
19269 10623
17754 2559
4961 8734
21928 21663
3268 22560
9083 20582
11907 13739
9605 17455
12330 13710
20137 10911
4630 1881
7311 22631
20582 23303
12752 3803
16294 1709
14464 6889
10243 131
22309 22079
4866 3901
11831 7781
19344 15675
11380 18797
8869 9803
10626 23227
8533 14325
16799 23479
17286 20595
9016 6969
8242 9400
18106 16706
196 16926
8691 3239
12330 21367
4638 11768
18487 1215
6426 19868
20501 2023
10239 19201
15567 5553
21360 13207
5534 2039
922 10306
17447 16113
12864 12059
19259 16647
16994 3330
6602 14789
5861 10597
11246 19470
6833 1727
8365 18941
4487 16846
6013 10117
8516 6294
9631 23491
10042 630
21136 4667
6658 3109
12806 2346
15510 2023
6966 5876
17323 11626
9746 10739
8922 6480
13244 15500
20489 6206
15583 7471
11684 5614
16702 562
15258 12512
461 5998
22262 19952
15288 6888
13632 1320
21394 10769
4144 23063
12782 18106
2263 5722
9243 12887
8635 8140
6161 529
12734 1014
5464 19309
20366 2582
20586 18978
837 4053
10638 2085
11619 5704
22839 3171
11993 5769
780 14977
23298 10397
10945 8744
14956 11785
13948 22005
10513 13268
17581 22387
13361 15596
3640 634
7451 10407
7908 8570
11403 20571
12850 7557
19901 13657
21323 2885
20458 11741
9031 4583
17631 8697
16191 14015
6317 8272
12939 1931
19874 7921
6393 1204
3820 16718
5397 15838
4697 16151
7987 18993
9037 453
7590 22889
8143 14851
6946 4028
3841 5901
10948 6107
7214 23331
20462 13464
7105 15635
5155 11170
971 15689
7972 12571
8150 15325
8074 4115
19340 8024
21059 19258
17089 5459
5297 2900
6573 20461
2713 13372
12799 2848
6936 4986
19862 4948
17663 14639
1034 9338
16332 4658
18233 6255
19137 12125
18500 11999
2542 2107
15841 20826
16712 15547
5985 3644
1599 12024
326 4504
1345 7581
1463 9371
9648 6136
22883 20093
20282 3282
4725 19847
3707 9841
10738 15039
16552 1291
3414 20748
2742 22331
14741 16777
17468 22279
14234 11992
8389 10711
3487 10081
12954 16337
21623 22946
10333 19201
17641 12841
19873 8796
2600 14748
23488 2654
1774 8161
5270 16362
19718 2532
9035 4437
21315 13493
14816 6869
3988 20038
20547 11652
5062 8243
9643 19421
23127 7463
478 16487
2311 7470
15631 16963
17690 8612
16115 10364
16866 15586
22087 19373
15902 16567
14265 6270
15162 4873
22139 3075
5648 14044
162 4551
324 10778
21465 162
20129 11599
15620 15311
20823 8562
3365 13015
677 6355
7943 6853
228 11998
22868 8984
2345 11152
19564 587
15742 21927
241 5099
19393 4206
16167 18720
13309 16083
15387 19687
16327 21142
22472 14712
7560 7517
6654 8604
22178 19364
11867 8586
18893 18581
23007 13809
2300 2447
22654 17579
13848 6018
22016 8664
17305 4744
3573 7901
11067 3646
16666 3208
21282 13074
17106 5034
217 11063
12572 21557
20981 4619
15603 2884
12979 12976
11379 10837
4706 18509
17101 3800
18398 21802
21246 8290
18267 7232
15101 21888
2055 9785
8779 6265
2076 5879
9559 10122
7095 3970
21146 7657
7169 7789
3064 2110
16516 3449
21488 21949
15134 17086
9912 19014
18575 19258
16757 1760
14007 22305
6365 12697
9608 12259
21721 14842
20396 5210
11957 17620
22804 22927
5115 3458
23687 8124
4976 23543
838 10631
7240 13344
3432 3712
10825 7758
15176 2398
270 17650
8083 14652
5932 11444
464 19028
13309 20125
5850 21562
17318 22306
7083 5975
2160 20882
1554 6637
14873 17492
6374 23165
19038 6547
8867 20560
13330 885
12808 10832
110 12813
19709 16657
23288 18488
21972 131
19895 22777
12950 14482
20813 4296
3857 16968
17209 2943
21695 22658
16869 12043
11747 14560
11550 17986
1008 18641
5023 12537
16320 17511
14054 13345
19731 23328
9251 19205
11361 15267
20245 23139
11903 12364
9063 23307
11942 5398
12157 15899
13362 16337
8263 159
18611 4209
12485 20431
22547 2385
20370 11415
1902 5417
21099 15465
186 17387
13045 4255
3798 14459
22522 9955
1101 13368
4319 3655
4566 129
5405 16038
12632 11136
20351 880
8509 14190
3558 5076
9807 16295
21729 16031
14973 5416
16945 23371
10526 18023
12389 3161
11137 19095
1744 13853
10719 15776
11433 17658
18792 12436
14963 2711
14572 6808
16080 12855
7635 6525
18235 11960
9697 23581
7463 7449
23164 8135
21520 382
8460 21485
13815 22548
12242 4222
6180 18137
5790 2837
932 22011
3423 9984
23098 1669
3885 17687
3093 9727
10211 5202
21945 10465
17805 21250
19193 7564
17892 17300
21578 20067
10170 2972
2259 7211
2799 1137
4839 8646
2206 5183
4361 9681
14768 12177
6616 16521
21496 1767
15643 15292
15682 11837
9394 18429
13970 18338
21870 2093
22598 12709
623 19737
3623 16356
15637 573
4015 21495
19229 21046
19530 5250
3633 20369
21850 18423
4839 971
4064 1599
10594 16368
13266 18837
7457 13409
17390 9904
5827 14731
5718 11520
13522 5054
18491 16570
23500 10776
3914 21944
6142 10971
19853 9358
10657 17965
11186 22220
8194 22653
3219 11049
14820 8116
1750 3740
606 4662
16471 20142
9206 19030
4337 5197
21843 19378
13959 20047
10996 100
9263 4400
19143 9688
9681 7723
20492 4318
19309 1033
18501 7288
3062 19610
15357 4147
17534 16337
13419 4102
7964 6485
8883 3838
15879 22903
8550 5237
6286 12958
6892 9402
18951 4103
5832 9642
7542 17541
18689 9100
8223 21007
19898 22240
10177 12010
22239 1895
5143 19149
14299 15425
5882 1337
21116 19617
22014 16782
6816 12199
14053 3825
18408 1738
9040 21647
18855 13560
15248 21374
4273 13967
2422 10284
19621 4273
14792 21088
22675 6260
11796 5147
6847 15373
18616 14580
8916 22096
434 9111
7202 21704
1004 23261
12395 11749
9485 12783
21953 13375
15313 18853
17135 6807
14302 22609
19638 12283
12736 22475
18868 1559
5140 14032
9976 8976
12867 18291
18640 20827
6121 1009
6583 9481
13023 1568
21994 10762
9378 20451
6456 19920
16341 18332
3425 6841
17975 1073
1139 1256
3064 19360
5592 13034
19162 17817
6914 19966
17267 3036
7924 14193
19606 21009
23529 16445
12889 20287
6727 9477
4180 8396
3656 12903
6756 2675
19986 11721
3212 801
7194 7165
3298 10741
4700 14078
2942 6046
13232 9941
5262 10028
11368 2019
18831 23033
11057 10552
10039 2392
10049 3114
15221 6340
12736 7801
3859 2777
10101 3095
7330 7895
7486 9062
3579 8822
22155 22981
9282 1534
22194 2733
16074 16912
10325 12227
11908 1236
12580 10566
15513 3657
17646 18323
16720 10700
10570 4152
17831 18888
1435 6537
13296 16852
16748 3142
6984 448
15458 3070
10561 3051
20654 9647
15811 16725
19711 5798
9480 13677
18826 23613
18308 2170
20812 7589
21165 3977
10117 14032
8612 18904
2318 12619
3343 19941
8633 21001
20896 13569
8425 22177
9531 13579
19733 19031
1082 17376
8559 14078
12789 23090
17781 19236
13720 17717
7322 14218
19208 22853
9536 19844
5193 6530
14859 11754
180 5641
17129 5071
7679 11569
13795 7384
3484 2914
10354 10283
8362 7029
1353 20254
23515 15985
3517 13824
10736 15013
23621 12103
22695 20072
9011 1045
14530 5526
6977 18833
18272 351
15604 6374
6584 5867
2965 3213
20949 10768
4796 13221
14649 10442
12048 8874
19953 3471
20432 5418
6364 20838
1786 12967
8344 6326
671 22781
19986 4411
15687 10476
15345 11884
4929 17487
4923 2516
5105 3947
7629 719
17097 22105
21437 23326
13298 15055
9243 19823
9613 8314
10913 9797
22318 8069
12979 8149
383 6636
6893 9680
212 11489
17683 19363
7508 14613
11896 10661
21445 23355
15556 155
12758 20198
13953 19455
2216 18214
5692 22540
2759 10665
2408 3003
2248 19093
700 9870
21879 844
10709 23704
21157 7234
1467 1889
4457 13629
13151 7422
23143 1709
23446 19837
15476 22340
1444 23407
18971 21484
21155 5393
13872 5754
14233 10772
18505 16870
23131 10308
6333 21223
8703 19535
120 8206
14710 3482
18328 9045
23223 17118
9348 16035
9755 3370
4436 22187
8198 4616
327 1065
9863 9611
11784 3294
17504 5908
18913 19223
13499 2691
13227 5263
18114 19940
11201 15248
21354 10141
11409 18299
782 11152
21749 1932
21767 1436
1147 11661
14099 15604
21059 8274
19313 4156
13136 13388
2769 4957
3608 20908
8827 13324
14556 5439
21944 16182
804 6831
16760 2027
14741 2130
18242 5397
7710 18869
8789 17424
14572 780
5824 9418
15671 15564
15016 23256
20826 21533
20545 16116
7444 19823
22134 15656
16615 3718
14225 20451
9754 5382
22994 19306
21819 15022
21369 11655
22095 7744
22925 13992
23699 20455
10450 7057
8494 17276
8796 273
20948 19378
5146 17529
10158 5426
10229 22690
19510 4064
19526 7084
6884 215
14315 16248
14238 5230
16249 18174
22842 213
22105 9581
9753 2930
11726 19181
22700 16710
4542 13305
12888 6214
21047 6725
13233 9254
6757 16236
15025 19156
20316 22575
7003 19026
19581 22787
5009 5169
18233 19334
1398 9160
20865 20904
16351 12433
22434 5869
309 14283
3453 6076
12064 12416
5583 8493
21248 9726
22626 17842
18437 22132
18735 21138
14129 8331
23696 21231
1160 4914
3241 1122
12404 1489
9960 21852
21142 458
3250 8147
15517 21628
13423 12956
11559 19947
17422 5343
12919 16669
9365 16273
13883 16188
18961 11574
3998 10808
796 18794
21494 21673
19768 4584
20862 9377
19756 11854
4010 20863
5373 4769
5571 1107
10969 3419
16039 2950
7115 419
11974 19356
5820 541
2543 11875
19029 4315
16784 5742
15265 220
13014 2071
14689 16284
8033 9024
12908 14534
2503 17105
598 21881
11373 13362
18520 1686
2071 2437
9806 19733
19897 14041
9589 15634
7898 20433
18848 10427
5915 12862
10297 21981
4385 5855
4357 21089
19437 22656
3512 22938
17356 17807
22375 17111
8799 1305
16521 1677
20380 5990
2746 21529
3851 5576
16141 18400
18071 9101
14875 6794
18251 7457
18589 23504
7604 21092
22299 15511
6502 2473
582 1270
993 10331
4965 17302
20447 18673
19594 20733
9670 12768
23053 4171
21242 7489
7239 22412
3033 4588
7689 6822
19159 523
770 16777
787 91
9027 12774
2956 9235
44 14732
8041 18372
17664 12125
9484 22761
21402 22267
4161 1209
2744 22195
3580 23082
5391 9937
4887 20388
18261 781
11144 3486
13334 20607
10544 1801
21930 8615
3000 9274
13991 14507
16874 12940
2662 6555
6072 19657
20061 22973
19080 21754
21609 8222
7890 22143
21478 11223
17114 5296
2888 19788
6041 15182
3619 2381
22635 14600
11514 14881
23640 6749
3550 23249
2641 17254
5105 19130
3906 431
1357 472
2485 2594
12649 21145
17817 22525
11902 13662
14469 14935
17726 3716
20159 3814
1358 7260
6516 20810
2755 16813
6527 22299
11340 15040
4600 6981
14558 2774
19177 13894
18298 4200
14534 7676
19171 14379
2950 18370
15392 8832
17589 13267
3514 23666
17484 5205
22386 5518
18946 10994
21850 4198
23605 7407
17635 483
15603 14925
10430 17871
22968 10482
21784 18287
8127 9619
7979 3573
18785 11287
8348 7466
14043 2417
19438 16549
5467 14535
11478 4784
17061 3024
2500 3537
5707 3200
1023 14191
16396 20875
13429 9924
18788 3814
17354 15286
19348 18211
701 1585
662 17458
14720 6186
16863 11176
12430 12343
3268 10206
7686 19478
3291 20294
16739 16112
12833 9009
22216 13548
15565 12932
12725 9777
16619 23045
21241 9463
23233 7679
13791 19690
12207 17712
12462 3660
4105 8165
13564 21893
22964 9932
19391 22161
9837 18377
22536 13841
7275 20104
4901 5562
18344 13089
19271 3071
4961 13647
21127 18171
16993 13272
10001 13864
10428 10604
14885 18717
9965 5856
3380 6963
9786 2552
18823 7287
16674 15050
4167 4605
23608 60
13220 15543
16939 1286
17041 12161
21305 21069
7062 21661
9274 1006
18943 12247
17613 3332
18943 7912
10775 13128
1565 14289
626 4459
20291 5476
9188 11987
1335 18119
3608 12355
13873 3610
18037 3907
21718 13071
10069 6254
20795 18561
10975 3988
9055 1603
12446 19927
9879 16857
8383 15526
11233 6845
21535 4497
21924 13706
14345 1882
12893 15435
8658 20102
19076 9989
7614 12996
21676 8566
22269 20552
13620 22702
15908 17128
9877 2661
10751 11023
16538 8128
9605 463
5115 23461
8880 16000
22070 10083
2787 9653
8719 22460
3407 13296
10161 7251
16023 4680
4930 22503
4871 15726
8312 4706
18995 20892
9265 3364
15034 9691
11665 926
14000 15637
15494 21303
14725 11403
11619 14035
21004 15381
22293 23079
10928 8198
2815 20315
3019 14162
22757 16837
469 12846
19223 21562
6355 14618
13783 4094
13239 6152
21859 23048
17110 8775
21301 12183
19998 11927
1488 2535
13300 9468
19558 10099
1354 23219
23586 12442
22858 10303
9185 20406
15580 2875
4782 3560
14534 6176
19815 10261
13095 14899
16208 20844
16732 3865
16262 11197
7917 7728
21192 4453
11804 17584
10487 7213
10490 15417
5285 4592
935 7536
5730 4593
2278 20241
4757 16890
12241 5
10920 13501
16059 18923
17673 12373
1614 3367
14376 6864
12720 22283
14887 18246
8733 7887
1251 9842
8430 20639
15305 264
15608 9634
13321 17065
19230 13932
1776 13924
13671 9519
15077 2212
13683 22237
4391 2627
2015 15258
10273 22542
6255 8475
2661 7028
1776 17462
5726 5069
13256 17332
20974 8594
14832 6602
9090 9329
7602 2941
23055 4366
12068 19630
22784 17122
7248 14810
11600 6526
22597 13050
7063 13103
11718 5505
18783 18954
23695 4565
4242 23353
22222 19350
22194 12655
7033 13119
612 19519
12103 5811
23058 5291
16058 11915
14729 15121
17166 13699
9567 18638
10837 13540
7170 14522
20022 14834
16257 22094
14824 4189
4382 17267
22971 15659
15653 13227
20136 22133
19912 545
21925 15105
23304 15626
9036 18965
15234 6605
2913 16124
432 457
9633 14566
4145 23290
2524 10386
6759 20413
12217 1571
19161 20010
5695 8486
6394 14268
2391 12745
11998 3566
2672 6841
2717 7849
19105 15376
3215 6047
6199 11482
5901 15380
2008 22041
12719 13343
17927 799
7060 10116
19973 6139
18642 14613
16930 23010
20531 5056
11932 7053
4919 12620
583 19045
18636 8654
20905 3190
12039 23664
13135 326
17151 6692
20599 4909
16578 15505
13756 16894
13785 3952
20236 1970
5864 15458
16155 4603
1733 11413
20548 2688
18410 9736
20328 23427
23357 7594
8164 18330
22973 19210
11700 15268
2710 13383
6433 7025
12735 8311
16955 4915
1953 3424
14692 1987
23618 17425
19225 23202
2908 17039
21441 21210
4466 22799
5849 3264
12269 8744
4248 21934
20292 7433
18040 11616
12318 1471
17607 5434
1687 23657
9022 12331
23273 19665
15206 10556
16880 5968
6352 10975
7744 17836
17402 16783
16558 3567
19173 15828
12339 14862
11774 12760
4618 8731
2319 2968
10277 14985
6603 2067
8399 7070
19149 18763
10377 5993
10752 10274
13524 9277
12177 7434
16704 17060
21462 1215
1622 12164
20895 12646
4404 7698
251 18889
2217 22560
13940 22053
19924 19110
1361 2843
21328 17626
15871 5291
3504 21098
18774 2222
12220 13127
5279 6317
8584 21126
14283 13054
11499 7315
745 2843
10390 11516
19640 11561
16051 12599
7027 15445
22276 5286
16592 17559
8984 1678
23166 13996
23510 2817
12784 15255
8270 15107
21630 13389
4835 6709
23267 3460
21276 6134
5039 5408
6647 18113
19851 14090
18157 16426
1560 6034
15492 7596
23203 22159
14939 4960
10112 22461
12247 4032
8375 14721
20174 14151
21500 16168
7486 17366
22024 17189
2859 12394
13059 14896
12015 21874
12356 12463
36 8096
479 5406
7483 12293
16425 5569
19348 1137
8152 10097
5685 351
5529 4686
16401 1702
19064 20602
11401 2506
12415 12103
23409 20349
21160 1420
412 3677
11045 22062
9667 19647
21970 12550
13735 11322
17852 15159
19397 7523
20505 929
17981 2056
14522 4991
20985 8699
13631 9908
18594 5403
10935 17676
17873 18693
13404 111
5724 9702
4304 19632
17866 3988
9209 14545
20356 12972
20510 4739
4094 13414
18859 3207
19661 16756
17922 831
5145 19575
14230 13885
22589 18368
18923 11217
2920 16503
14541 8202
22747 12925
2464 16823
19541 13972
2869 5829
23077 10509
19674 23330
6642 18499
522 3184
15021 5739
6608 6054
2204 12660
8346 19629
17679 8665
8844 12685
3787 18385
16733 6264
8597 4083
21308 6660
21591 8481
6200 1925
8012 22199
15271 19721
12683 22247
14497 4035
13970 5068
21731 1753
17839 9304
8777 20326
9556 18610
5337 158
517 11625
7515 7621
12277 8064
280 7067
15656 22909
12587 1334
7579 2932
12046 6294
10819 946
21643 1364
2103 169
8763 19774
10264 8089
21252 22963
12075 22483
18891 125
6739 16307
12246 424
11348 15060
17384 3035
17718 20953
11850 6727
18131 17803
12617 9135
18500 20083
13694 17705
5627 6051
5688 11508
5166 17267
13216 12196
18208 11302
11126 22647
8671 16764
8077 2753
3771 15243
22471 7713
16297 2160
4541 20323
22794 1296
14453 9710
3315 15767
2232 4933
6364 10360
7813 9093
11703 5464
7482 14996
22354 15580
9918 732
16558 8643
10458 10956
4248 13484
21614 4228
18726 11778
184 5891
3645 9903
5987 18740
2318 75
22640 11948
6913 9761
11398 13668
7483 16610
22588 9846
3834 23221
8274 14989
15661 15904
20878 8084
17261 12134
10729 10703
20801 7221
9163 9128
10835 6384
7861 650
23247 19427
13261 19959
6364 8324
17550 15542
5920 12423
22484 20505
11936 12597
7435 13048
4982 8977
15788 7278
3500 6018
18468 18640
3972 19705
7227 13846
20170 16716
3555 9328
17197 11700
6863 20242
17766 10028
16388 2340
3271 6035
13823 675
7651 19257
22955 8271
9233 119
7634 15698
20352 21903
21773 13347
22138 21357
3161 22934
7080 3592
20482 4544
14814 7510
16483 4392
8570 6425
10022 20854
14359 1221
7682 1872
11427 14327
113 23211
23434 17990
3723 12556
18438 13672
16504 12954
15657 3326
11249 15382
18194 21317
22308 2284
12936 15057
19182 548
9242 16201
10160 22527
17485 3077
22839 11855
19498 3255
6275 14369
21079 22851
7266 5302
224 15006
22721 738
8038 2286
12834 10375
17255 19410
19458 4875
14952 1637
6520 2304
1235 6564
23402 22461
21518 367
16769 19547
23021 23508
22259 22720
17910 1436
20071 1006
2772 14739
7125 16762
1439 7558
2472 14152
8219 2071
4325 2661
12781 11697
7015 4864
233 14345
15621 5016
7866 4757
23643 1562
18809 10405
22208 21198
23630 22402
9508 20443
17390 21012
16129 12186
7756 9013
17328 2580
3251 10679
15799 14923
20643 11689
3924 16303
12986 9637
9653 2599
16014 1146
20076 15987
20256 1275
5074 4124
2720 13160
7369 19961
8894 19030
11366 3344
9434 1786
11178 4221
12231 18364
15874 19533
21373 9001
23230 19523
11315 1483
11982 14977
12667 1023
12090 14222
1007 2560
8255 13153
10733 19000
12387 6123
18877 23315
20008 9349
22970 18582
17446 2631
15150 3441
17076 4210
15319 3521
13201 22432
2574 7396
5415 172
16852 20498
4823 19080
13169 4531
19900 350
8165 14752
12546 21404
3783 8955
7685 8494
21847 16559
21227 4841
14714 606
2070 13906
23287 6256
6491 5975
21363 1982
20683 92
16298 16724
6946 5081
3921 16202
16381 8265
18443 14974
15386 16848
2899 6941
15631 20254
9035 10505
12790 6498
10831 10911
17923 2057
16843 11167
15955 22429
3399 9875
21367 17265
3431 9906
5844 9441
22202 23172
5650 3791
11601 19126
19030 2589
20726 15107
6577 11330
2466 2024
6220 9043
18836 7144
7392 8802
14349 12481
20094 6395
17762 17651
11902 9412
13316 14949
23393 1051
4380 14971
13466 14937
16273 20312
16654 19180
6862 1611
17875 21613
7317 16198
1111 22317
19337 23612
2925 1915
18564 17962
13833 20830
22667 9859
9319 15810
8694 19196
7171 6213
5280 22554
23610 10411
13656 23447
2369 576
18071 20575
14424 695
22469 1394
8211 15313
23702 19318
13424 3958
6255 20035
20161 9730
11921 19572
18227 22424
6250 8923
11069 21557
19418 19863
9363 16565
9496 4105
14715 6415
8072 9537
15335 651
8891 1038
21384 6914
4440 10169
21446 22624
9017 23175
4695 12843
14730 21461
5520 78
11581 14610
9232 15792
5741 4715
22862 9103
17569 9363
1678 8806
8962 6476
8442 13417
17011 22604
23233 3875
7954 5519
2685 19384
14817 6686
14959 8142
5112 6899
18856 653
736 20642
7165 1352
14037 12009
19588 39
289 503
6220 7586
3032 23264
5574 15331
21103 17070
21830 22218
14834 2058
10415 14571
18312 14308
4265 20270
1526 14872
9629 8690
1933 4112
6751 19652
8498 12137
15317 8280
12498 9877
19954 5167
1712 6273
8734 16176
22452 7615
3538 11260
3871 6916
19539 15516
7181 10749
2250 21724
11955 76
9168 9434
17180 23297
4382 20420
18986 17735
8033 1088
8954 15796
9896 7426
14045 1667
65 4302
8478 17305
15459 11132
9344 17908
15894 10873
18985 8810
12332 21376
12576 21510
3749 12409
7816 14702
14055 4971
14603 9810
3912 7740
13829 3243
21308 7507
12096 12706
5468 12517
16600 18963
8184 21115
3370 5262
8534 16307
8321 5665
15289 16678
14797 82
14144 9075
19339 3077
13786 10698
122 15876
10949 22370
21070 10406
3473 23222
11576 4349
22408 21921
1308 12167
827 4447
3225 19402
11058 10702
19641 15756
10873 10681
9631 353
14952 17709
9857 7587
14367 23
15522 5386
22860 2550
22596 14612
20858 16774
5476 8156
19129 5191
23383 19950
20466 10989
6641 721
1134 9473
18153 4092
13064 22908
15956 23498
23425 18203
6472 18796
11594 17377
16020 7168
16806 4575
338 74
13318 20748
8168 1333
9556 22087
18374 7083
1227 12035
7895 22744
13029 1964
13466 12404
14174 13029
2954 4120
4672 21128
5664 14468
3377 13202
21534 15261
20612 17581
19342 10508
4356 17078
16406 22349
23526 819
6662 21290
3154 22145
15613 5708
19573 21794
18882 9173
17815 19859
2030 9902
14067 6746
6776 18445
9018 17599
20528 8222
18638 8262
16356 12816
12064 14077
14921 19853
19089 3191
21569 8301
7171 12505
17151 4669
17642 18198
14220 12623
3397 6809
4383 20540
10835 9710
8286 5116
7449 1041
12377 19716
9741 5957
16621 7636
7301 8577
15137 16749
9854 10746
21268 13406
12812 6015
22031 23535
12189 7117
20456 23483
403 3337
3670 17606
20177 20946
10151 7528
10267 19676
5753 10819
21211 17550
21946 15744
11383 9649
10467 10534
1657 22595
11412 19990
6741 16195
17812 13836
8522 15633
10166 22162
1347 10612
849 6732
14925 12851
2229 7604
2481 2418
7363 15917
1646 15931
6622 13994
8438 13629
21085 10322
17556 14804
19876 9237
9640 18834
21267 21886
4538 16260
17512 15757
17077 8237
17512 17664
2444 5938
19722 11242
19279 14304
21672 11525
20396 21094
269 9553
13693 10878
8168 10269
17924 10943
23398 8754
14055 18968
23392 14682
21403 17372
15682 4109
8589 21282
17147 20105
7493 21259
1272 17434
14157 20991
21087 5744
472 5523
9814 14977
13731 3819
13326 23492
10045 8140
14743 23570
1753 7099
3623 7674
5743 11110
20962 23433
11990 18149
1869 805
23577 963
11366 22544
21348 8061
11073 14976
12931 23270
1588 9104
7710 8890
6712 708
16411 4825
17986 9808
1121 22053
3327 17512
12556 6846
17346 13287
14744 16097
6407 6774
18191 16368
572 21751
15559 5387
6188 9354
8426 23660
11436 6724
2059 3898
18667 4104
16751 6696
18615 1437
19076 11477
13980 12638
8722 9374
7824 21591
12832 16696
18212 3891
3861 23476
2455 8289
3463 15646
1034 22343
21382 13401
11264 7401
22662 1057
12959 7340
1953 11918
23466 8940
4177 21694
15032 10409
4427 20205
11788 14134
3784 7918
11894 7674
15447 20288
13789 18711
5946 18431
10899 15286
18759 15242
11486 2393
12277 11504
18799 5715
6873 6981
16271 12966
10893 1938
13756 15910
10073 17224
2383 2009
4829 9512
5661 14661
5548 19309
19133 7848
18226 11364
22740 1535
5547 17695
20704 13171
4301 23416
20287 5572
13119 8494
13555 9599
107 2753
1128 23636
8126 22845
1969 4114
7791 4691
17303 13797
6710 20495
2055 6952
1750 19333
7575 13664
18787 9226
19952 1724
14905 14981
20377 11819
17846 9977
18369 15207
13744 10577
8202 19815
13109 17056
5897 15549
17168 19265
6664 8380
2501 17042
14871 4085
21515 13798
7510 2596
11861 4820
10708 7121
5807 5052
18843 18648
22066 1422
6902 15976
22523 10897
17314 11375
3310 13382
12421 5826
14508 3117
14839 20275
13814 1100
13330 18013
23627 23220
8371 1482
11881 8985
20896 11372
3718 13381
12906 19704
9639 4499
16480 3157
21271 3463
8340 16410
17376 7184
23402 5876
3990 452
12234 18731
13109 620
11144 11862
23037 22608
11529 6491
21015 13498
21841 8971
2468 4659
13963 14467
7360 4210
17632 21596
11820 4175
18926 10941
11768 22600
10282 12792
1952 8197
3319 6827
18653 7970
6072 12195
17363 16437
15961 20205
7466 12253
2651 6344
1020 15333
11375 13743
17148 4724
2782 3792
19655 23639
17144 6694
8339 6158
12817 4241
23604 8057
4330 23502
19058 21942
3704 1124
14693 1014
464 18404
18273 9822
3926 15519
1547 11087
12336 2160
22185 21868
14098 7584
4119 14278
16976 16426
5487 6436
8071 5260
16012 20553
2312 9870
3646 21341
14001 16780
19433 7970
16365 14771
11128 5019
1301 8434
19435 10910
6891 14905
17972 16202
4031 12123
4978 17611
18804 3648
11658 9657
2149 3731
18037 18287
4003 22622
23246 16467
13275 18218
18054 17618
4846 7942
8361 21925
20304 16392
18760 9059
16833 5487
5878 9950
17942 11146
21768 18184
5089 8332
7930 21829
892 6227
22093 17861
17890 15415
16667 21592
470 11389
3846 15156
8854 8889
18225 22585
15120 2709
10715 2418
22240 329
9863 3673
852 15392
8533 8869
4165 13856
23118 11803
14963 21202
1896 6372
19049 7353
22689 2823
16591 9811
8495 17668
12774 21999
9824 6169
9748 21582
17611 18130
14606 22821
5491 4282
10831 3181
15899 17530
11830 23578
22998 14452
20591 5574
16796 6559
4358 9947
5790 15842
10854 14297
21640 11591
1064 10536
14433 21836
13596 18701
6579 16094
20315 18268
14773 10250
15027 6784
6224 3165
11641 21648
11737 20200
8616 7588
7445 12473
21243 22605
9998 16593
23206 4586
2790 3454
328 7111
2884 20740
7214 5004
5412 13641
17813 18728
12139 16710
8967 9429
20244 9300
18508 3027
10085 21588
12008 432
8846 11692
5425 3140
4211 18125
22037 18391
14800 20044
2050 1511
22307 3527
21214 21918
14137 11219
8664 16328
9114 11870
4742 16476
20807 4282
22087 4300
23570 13772
6506 11570
15537 37
14043 3058
19287 17263
23410 11005
21262 6335
2280 16407
12287 7764
11945 14704
13774 19053
5645 10951
20303 15873
16886 23334
16404 22240
2088 3864
5523 7782
16104 15170
3703 5834
2720 6915
13327 8956
8067 20129
663 15532
13675 22454
16125 14866
6116 6540
18110 15477
22987 12219
16122 6601
21608 12466
22388 18207
14912 22212
14382 646
21792 1350
15923 15680
8855 16038
12225 2437
16738 19587
15121 22545
3508 9607
16983 445
307 23497
22162 5905
21884 10886
20538 2282
8648 23231
11450 22907
13998 1281
2095 11895
16864 5611
3841 20317
7574 3077
15722 15375
3941 4174
4836 544
22832 18008
14676 9573
459 7958
4513 22060
22505 13928
1848 22304
10614 4653
23115 14459
20699 10604
16967 12478
15614 3393
19157 9754
9590 23039
17391 4970
5474 14493
15057 17742
18857 10351
19929 2429
12971 12136
11342 17560
6729 4857
14628 3499
23408 22550
11756 10701
1406 3119
2860 16235
4757 19273
8135 7598
23434 18760
16576 1256
178 15489
4031 20759
6505 8183
16745 16871
13314 23493
842 19170
16429 21071
16231 7646
456 1307
23320 12579
2104 18074
21713 5138
3340 2935
15592 5093
5653 20185
13118 8576
10807 940
21990 17602
268 19918
7217 17202
15036 19580
23150 21668
20284 9959
2438 6109
14000 6710
9630 10928
9992 6902
3756 11924
4950 21
17566 23383
4581 8247
12385 23204
1017 21702
7063 3752
4117 8289
10305 19304
2101 12965
12490 9019
4569 12905
18716 21457
9630 3033
17773 14734
18840 14172
23542 2486
22030 6114
8421 13937
13485 17847
15919 12734
12701 5197
5075 8798
6264 18165
10875 14254
2374 15859
2997 708
23545 17383
9567 12859
8832 17229
7089 22489
14096 11448
6658 23362
11923 12438
7179 18216
1691 2022
11857 13459
17465 5258
3479 18305
13236 22726
2102 13783
1336 7086
14048 16322
15353 2127
3984 20446
8041 7595
351 2291
10531 2015
5236 13489
3692 2614
4965 14843
2879 19708
8931 14035
20827 22711
9098 7082
21300 15468
943 13472
8161 17819
20454 14783
12197 8858
21984 23606
7108 17907
21146 7672
4154 6022
1392 21110
12450 7132
3325 8376
18875 10246
225 14805
5911 10451
1710 13019
10105 23073
14727 20587
12779 4677
3298 16985
1552 17768
23557 22945
692 18735
2983 6349
21188 1887
21768 6810
1964 12925
18518 13609
7825 156
22207 22556
3570 20226
20966 6989
6748 22712
17280 2874
5644 14028
7225 10643
19974 20155
21655 5115
1116 13783
12636 22604
11537 11653
2359 18542
1044 21085
11989 19063
9777 14528
1505 10338
12456 13732
14272 22267
20789 5250
19256 11336
3637 4144
13058 2054
11703 2998
9825 21706
3144 10498
15790 12891
14774 2310
22168 22112
6136 11343
18239 15824
3389 19700
11701 2320
19203 5657
1603 14604
16143 4331
10436 1330
20473 322
17557 19581
5186 10770
11356 12902
14517 9212
21239 5144
4136 1900
747 22646
3461 18404
2032 3618
9927 2056
16312 16245
10764 16938
2219 22288
6419 12321
21847 13174
5178 22081
21859 12459
22808 6272
23631 8214
10482 12335
11921 1421
4715 18376
15868 18338
9038 23710
20393 10974
14843 9889
21383 21274
23439 12633
19467 11562
8000 7778
11345 21654
12115 21357
2403 10255
846 4892
1293 10735
14388 20160
22849 10558
9635 15738
11698 22516
8676 21293
20686 797
12343 3762
12999 12791
22148 7122
1828 17171
19472 16066
19761 20534
11563 16525
17620 5608
6855 5877
4151 14249
1133 11733
21322 21670
1818 5328
1506 13295
14848 6290
21919 6731
18383 23706
18346 3412
13206 4449
19758 21285
16086 5971
20415 4781
2751 10074
3809 19231
11236 16297
2102 21022
13317 17736
20821 15355
16735 3112
15411 7419
836 22761
15791 23064
16545 10566
1596 15609
5048 11986
17234 14343
10658 3678
17275 4193
21728 6295
6048 22461
18885 21424
22259 10735
17064 16450
11820 11369
18260 5556
23272 10733
16686 20018
5943 4852
23586 18321
18724 20802
20214 16986
22119 5003
16385 15327
7862 13640
2399 21915
8958 9566
2868 3051
17831 18999
8627 10734
17917 5989
8260 10477
12431 11503
7873 20445
20524 8061
14314 15499
6135 14678
21251 7247
194 9651
13676 12715
10181 12385
3017 1873
440 6887
16168 11445
12443 21902
4296 19778
20005 18537
1908 967
22817 10675
18243 7286
10167 19681
23064 21584
15079 22998
16010 18991
19156 23325
8123 22554
12277 5947
18797 1318
9993 14545
15433 2026
12531 4518
15777 6911
14699 3599
14694 478
22500 7650
18570 13307
22160 12057
17277 20234
4655 17333
10686 15819
18417 75
8002 2807
15644 16709
120 11961
3868 14497
16840 1902
16995 9579
13241 22085
14099 14059
13700 14224
13465 10290
22863 14522
14164 17500
6807 6674
16436 16641
4866 19370
13385 13821
3433 17474
16604 2742
15895 4288
21245 1226
1035 11212
5025 1749
11362 3186
16555 21132
358 10095
16302 6158
23565 22524
11694 5588
818 4720
7755 10951
4136 20829
11164 10483
3046 8778
9866 19228
2909 668
20355 6431
15609 7492
859 11651
19981 5537
22447 7729
8985 5314
13711 3597
14409 3281
10923 17526
8971 5354
17206 15309
9076 19898
17783 12010
16700 21352
96 8573
2618 1024
2645 725
5225 7113
11274 15561
4476 511
14109 7011
14340 12112
6825 10065
14855 19827
17088 11585
17725 5809
15066 3184
19 8699
861 17359
18692 13538
10631 12692
13209 15293
1159 18406
20356 3942
19532 10533
11286 4053
1403 27
23083 20250
13255 1464
9603 15063
1744 5910
18886 22455
17299 18772
5258 20474
11856 19815
19840 46
16184 5368
11926 5029
10351 14306
7667 1526
22098 1863
6549 4198
15656 12298
1426 5535
3734 2557
1801 9399
9560 8114
21687 10524
18208 16748
12750 5852
16760 4944
13463 2257
20004 18455
2723 8800
18072 10520
12972 1931
10919 20283
23411 2902
19652 12708
17169 1773
20676 975
2479 17878
22768 10915
10258 20950
14169 2110
1031 2745
11677 7704
376 18861
9275 12024
23229 3246
2373 20162
422 22895
14248 4928
16484 10859
1379 3545
2312 8373
18026 11732
5437 14110
8037 11480
16691 11266
12422 9653
14185 16966
20677 18683
17265 2590
3019 13454
15162 13361
14146 17263
5643 8571
19468 17993
18714 2512
7600 7138
20302 13383
1557 12353
17315 3575
20201 15200
18840 8778
11583 19358
9819 3801
1449 7935
23042 20810
20119 4773
9943 2332
9497 22961
13696 20954
10867 12855
702 11248
15901 10664
23694 7762
8969 20212
4954 13636
19992 23683
15150 20890
3954 3014
9602 9928
4053 8260
8992 1350
23299 22708
8831 6452
1644 9341
15298 9985
8695 7431
2848 3604
13891 12251
19802 21714
13922 10270
20523 4601
7593 4660
10242 19041
3777 9486
9131 6677
3582 22694
12831 10232
23042 2662
2120 19090
11159 22501
14364 3398
19816 1309
7889 6885
8972 304
6482 15590
11682 15809
6219 5158
13173 21858
6038 6389
7916 1784
8353 15580
5228 14962
23374 10802
18536 22537
12383 9741
4961 18959
7009 5427
10367 12329
2782 2041
20631 14036
22199 23042
17042 16613
8943 14265
11554 370
12344 9985
12520 17338
9539 12217
4065 23681
20336 18763
6453 20512
17403 15218
23193 48
13978 15536
11333 7125
10683 11116
10212 18795
18482 18934
19615 66
23698 8279
10038 11279
2739 11791
1443 1841
23260 3676
8373 18368
5343 22867
16523 1763
8357 17009
13812 6753
14312 2836
11440 10203
408 16907
5792 21076
6624 22337
1598 21858
7341 18307
20416 23208
13396 12877
8301 8994
6909 6320
15141 21782
2673 13017
13994 6446
23066 5339
17697 18010
23256 13803
1593 22790
11789 12329
5287 6105
11764 14381
21825 6488
20535 483
17201 9431
8413 5492
6467 12318
2562 8736
20131 8468
22037 15391
4330 6544
460 1821
16218 17156
1752 15564
10043 23025
14640 11026
19398 376
16516 13958
24 5318
21006 4966
1759 9031
20755 10748
6489 17364
5883 19975
8418 13158
19036 5638
2296 20457
22709 3809
1873 1954
15210 5854
16642 8766
889 7441
21818 5128
18411 1114
5594 12557
6644 4640
3426 17270
12771 12039
2612 17809
14579 10793
77 9326
11982 1273
17231 18842
19295 2564
3361 14322
17562 3938
17245 11615
5693 7230
4986 19392
23446 14738
4259 22948
10966 13796
13818 5363
18544 7809
9460 6548
16382 15222
17457 19706
23624 22385
16125 2477
5501 22917
12880 9930
22884 1901
13651 11908
2437 7491
4630 1432
5274 12525
17036 4705
9758 9552
19239 17944
18142 7658
12564 957
4037 10030
19338 10876
12815 14257
13864 14546
10708 2673
8052 3080
7181 15433
16773 10350
13546 11182
1503 11684
10993 16165
23323 8426
14706 14685
8962 4609
2109 9251
11505 19743
4232 10841
7223 22992
14889 2677
14772 20474
14479 4511
18614 20243
4446 1542
2817 14685
13730 10054
10412 10999
6627 5577
7768 4847
6212 2099
13936 18854
8420 9351
368 18076
201 13450
15861 4896
19659 21508
23039 17872
9980 19482
23040 3802
17361 19503
4244 10495
6879 12225
12173 16405
13874 12148
110 4423
11619 17396
18768 6358
6206 18558
11520 8656
2004 18137
13951 6981
22224 8016
2040 1490
310 2423
12778 14397
18047 21747
5437 7481
2418 5883
1148 12540
16625 7521
8764 14225
14769 5057
7070 18777
12053 6567
8047 19397
8183 9587
12 12172
3671 8478
7608 18949
8319 14325
55 19194
2920 6836
3345 6282
21685 17730
12926 18223
280 16746
18773 7324
8120 4748
4973 12547
11605 10204
10562 21156
14121 3395
10123 970
5716 20647
6063 8313
23573 3280
19968 2091
19155 16781
13339 12208
8189 22543
15118 22251
1883 10128
12207 10677
906 22529
4961 23087
5905 9934
6444 16066
2345 4141
9703 15665
15259 6018
18238 21397
15219 7124
1728 18449
3664 20915
6759 13485
12765 18272
20866 10798
3638 5199
1195 20437
20089 14832
5438 6525
16292 744
391 21266
5374 4773
19723 5481
5800 18965
13960 11024
10952 8742
3876 3054
21196 4317
14719 9688
16612 18583
13441 1967
18158 16434
12539 6898
18957 12624
10087 11987
5402 19943
9850 4101
20755 614
15408 13582
5978 8119
22338 14521
8605 23550
19653 6057
7868 10624
129 21697
8883 13913
23442 6885
23122 2302
18917 20404
22848 21609
6691 5059
11131 16189
23484 9156
9817 19644
10706 7096
3726 6748
2020 21865
13800 11362
16973 21158
5092 5991
16768 18024
14779 9079
8958 21167
5589 974
6652 17671
13605 9199
19515 3093
9339 9802
17051 13311
18482 4383
14980 18834
13894 4445
3943 19975
19607 5265
14356 18583
4617 2954
12077 5231
17651 16039
3175 11298
10599 17731
8718 23016
15795 17883
16830 11760
20390 5486
8928 11248
11160 3727
13328 4485
23501 12335
7801 21237
15227 12601
19666 2085
6165 3326
18350 10500
13146 9577
7023 18975
5696 9436
18762 11168
5306 1087
19822 15442
1813 9739
5585 5165
4059 15191
20685 8755
401 8753
14666 18790
19497 14621
12958 14597
13951 4383
11930 20030
14190 18554
19946 13509
8671 16589
21965 8656
2871 615
6151 22617
11419 19164
130 2324
20565 15857
7243 13934
23541 5090
12147 7394
6293 7206
871 11190
11732 11561
12306 10925
15671 5180
19355 22526
13999 1207
20538 8248
325 17488
48 22558
17851 15254
12962 996
4633 5383
11295 4739
22050 5409
4399 1940
5267 1359
9665 13541
3592 13811
19414 22778
934 22786
15143 22270
2054 3025
5838 3979
1954 14513
14308 8820
1615 17974
10144 17235
6746 8265
23199 3999
6626 4511
21830 13468
23471 14410
17717 14311
608 6011
4786 17139
11243 15461
1543 16006
10640 9962
22613 388
21857 5512
2700 19173
7680 3698
1830 13950
10855 16610
12186 18951
8881 11368
1949 20126
14468 23253
11559 8906
14455 6821
16036 18243
22674 18499
21545 19238
3418 9395
2249 9236
14650 10539
18740 7878
20606 9578
17520 9787
2273 10626
1281 7272
19925 9623
15848 20786
1061 8511
3756 15309
4050 1410
10182 22556
21953 18048
9801 21162
8960 7637
14126 15496
9778 22823
20998 10541
11848 22587
8029 9242
1545 14726
9304 19857
11497 7142
18159 6105
4324 21103
20994 6604
12218 13005
5793 23074
3155 13894
1136 7966
1802 18286
762 4008
682 9042
22470 19586
7270 17764
6186 4564
10234 14001
15939 12034
7249 2323
9810 7608
9893 17339
20690 21970
10346 20318
11663 10921
21939 2397
1271 20444
183 16666
15862 117
23463 13550
1329 14087
2522 19400
16187 5805
22909 18086
6816 12038
21481 7618
2909 1314
238 10115
3694 666
6501 20336
1608 7279
20760 1855
1198 10855
4770 3343
19406 1793
21238 7594
9915 9763
19999 9128
8942 22091
14523 4420
4506 19357
15333 10424
17842 12288
7721 16362
17721 4632
10881 9866
12590 4042
10560 808
12138 18962
18110 12432
18530 11728
786 20860
20834 12859
73 8981
18670 14409
11821 17137
1891 1508
23096 10393
4391 7012
20364 17929
10916 13012
3973 21760
3772 20807
14809 9589
11934 15196
21021 23401
1914 7304
6897 13398
2393 22412
22000 20006
15925 5555
22634 4015
4463 2117
9780 10451
21229 14748
7524 8424
4126 2264
16347 5828
8040 17406
1382 17759
16847 15282
15731 5544
10432 19012
1073 605
5285 19963
221 17016
16648 19221
2329 5211
2280 6456
20875 23632
9881 5863
12073 7943
6932 14920
12408 748
11100 17002
2969 4673
20038 16800
10381 4039
5534 19773
3840 16360
453 1906
977 16861
18237 3956
20503 14810
8062 7089
11039 870
4452 12619
3379 22726
20592 4607
10719 23583
14717 18336
11105 22230
1479 7955
111 7603
14509 19127
3358 595
6413 625
10637 4848
30 7698
18720 4031
5651 18975
13833 6923
12662 20805
22172 13656
23216 20246
21004 1107
12984 12175
563 10996
15094 9750
23069 21618
4383 22914
21338 12502
4986 16660
20284 12398
2224 3122
17135 9195
664 17866
15233 4234
6086 13490
8979 8451
882 12348
6843 3791
4067 21579
15913 18994
276 8101
566 6034
5998 14614
277 2541
23522 17224
13469 19315
18248 18447
10993 7952
18833 20792
14796 2764
3670 15271
3951 23637
13916 17479
19243 17371
17345 9865
4168 171
11218 19764
20092 7561
18770 20529
2695 9069
15614 21681
153 20204
22374 21577
19511 6538
22552 2153
12052 7649
13601 5808
7942 13756
23076 20888
5559 18166
9432 6775
3671 21996
17766 13948
13881 14800
3450 16314
5443 2776
23575 9814
4181 21223
19189 20717
12126 6165
11023 1692
9217 6387
6187 2663
14914 10370
21303 17091
22286 3848
22743 4556
19840 5665
3569 11808
1054 15762
8105 3488
20142 22228
18934 4335
4040 268
17063 1092
23622 2645
13868 20100
2800 18183
2415 10795
7946 11084
22765 2754
21245 15379
1703 5976
3960 12211
6443 11507
16702 6223
14663 9687
13430 8425
20392 19553
830 8472
4525 13139
16177 18910
15924 11621
17381 11817
21164 18951
15645 18849
4764 23175
8918 11669
20766 4420
19343 7554
23573 10874
16593 655
10584 15455
16549 2081
11549 7846
10864 22235
252 14004
7780 13746
11766 9876
4851 21699
19994 17516
17992 7830
8713 11981
21249 14575
20216 7660
15056 2530
15444 19043
637 2679
18738 8518
11091 6057
17699 5190
23083 11651
3620 2567
23140 18109
21304 1951
5039 5905
2462 18177
21460 9215
3461 20512
18748 15420
20244 16001
10078 2908
16871 10196
4363 11573
1205 22456
3443 14864
21502 18896
5218 2781
2498 10020
4262 13101
8289 13431
20603 14066
20375 347
11460 14947
15803 11750
22741 12414
22227 14630
9827 1166
21049 6146
11085 19491
6005 16543
2230 5422
21182 12167
6637 19369
4532 3559
8681 5454
11868 22874
7895 17151
352 4230
5206 18020
8327 19908
7479 15923
3954 18649
785 13050
4038 21145
16705 3113
9716 3302
19495 13645
16424 5550
4538 12709
23658 9078
12347 6403
14614 8102
13482 15147
8218 20836
18997 3499
23561 17009
4492 1372
12656 17074
7844 4816
23423 7487
7069 3581
20020 18141
15318 9156
11684 9593
449 16607
5814 13542
17951 23691
22270 20645
17176 9618
1706 18985
12212 18573
6554 6629
19851 8565
19566 7804
1338 12675
20960 2074
19416 22936
20354 5795
18457 17739
318 8519
18552 14944
14623 21517
12619 20199
621 193
1064 13937
16163 4882
7474 4336
13433 23189
6342 7244
18947 7663
11272 10476
13714 2269
17547 1883
21978 5717
13891 5550
8034 18576
3937 19168
8 6090
12425 7108
1945 23679
10977 8001
18191 17126
3424 10557
2352 8081
14808 9893
22755 14203
207 2593
10140 21371
18619 2973
23581 13100
18118 16703
19634 12463
19260 23111
10110 7608
1489 10680
8001 18109
2803 2854
14847 23569
12069 7515
1697 18330
5734 9273
1076 21293
9137 2012
10405 13707
4581 15636
22027 9749
12767 19880
9626 5676
22590 1509
7278 9
10564 23236
17011 4147
21199 22490
9647 15240
13595 19367
4169 194
4484 16432
4151 16581
6036 13768
6724 6956
22360 21626
1381 9249
656 19209
9676 9430
22584 21571
7868 20993
2749 5268
19994 21185
7579 580
17681 12297
16795 16315
23356 12431
7520 9640
13692 16174
2758 17302
14240 11074
142 19675
22563 2178
582 9863
9549 21802
5887 22429
21260 14728
13265 15516
14126 22148
1172 11323
243 3357
6338 22407
17252 15926
22238 3885
21 9257
15878 15279
7819 17120
17988 18097
10576 9643
10789 2408
2992 1950
12085 17475
12448 7955
17111 789
5715 11755
17324 11641
4472 15024
7842 18772
13386 12709
16453 18627
22837 9719
15028 16084
13057 14020
18484 10877
2018 4378
7751 4165
8546 18039
6721 11351
6738 493
10968 6599
5092 1708
3461 17597
21300 23442
21793 12438
3054 20856
12788 3239
11977 15462
7302 13251
14068 10715
578 7937
2668 182
16862 17839
3566 20695
21222 15933
21723 14704
22021 23247
20771 4135
6415 7703
2358 1645
4292 13932
18467 7103
13882 17648
8801 8267
3334 4034
13955 12860
19096 13904
11393 5613
8508 3721
12721 5736
17955 20417
23638 1893
16521 3102
16116 15232
22555 16648
15875 4372
4722 11235
2645 10424
11872 546
14271 10752
4674 20994
15071 2947
14724 14319
23345 6022
15940 4425
13892 18078
18823 3897
5241 18901
1916 4530
10925 14906
13321 15668
14405 4838
11733 17892
21014 835
1942 15805
12495 18435
13 17613
13183 14500
18547 13060
8354 12928
11261 21879
5693 16667
5255 3860
2767 2179
1381 11175
6363 18088
7882 13028
9348 2770
23460 8481
17867 3415
10137 21066
4760 8304
20682 9717
7302 12487
10884 6796
11085 11319
7518 12198
4622 6623
5854 14296
7037 12795
17097 9551
4465 9554
9899 20420
18992 21563
20502 6752
16513 18781
3026 1516
19616 5179
17682 2578
7899 2572
15407 17916
21951 5342
21664 6457
13418 19932
1975 16445
22826 12239
22812 7277
19835 14900
12653 9114
1697 20059
4869 15129
6366 8295
22065 1188
5684 3925
7034 4272
8841 5182
23648 2205
19812 20926
1130 23620
22302 4726
21756 7381
18391 23384
9365 13442
7348 4854
2509 3023
8560 12648
11744 8772
21077 16620
3324 10516
6909 515
15381 12918
15702 17018
17806 16337
21092 8018
9048 20629
17195 22224
4546 17101
14015 18416
22674 10479
10923 22949
11304 18840
19164 7007
7729 3381
23360 7021
7143 16963
5131 18035
11656 9880
16235 17050
5618 10173
8087 8919
6004 1390
19390 11163
10494 20339
18052 530
4023 1762
22779 15442
18818 22524
17587 18567
18925 3625
15619 10826
6223 1234
10102 18079
10040 14281
20073 16084
394 9576
11906 6449
23074 22177
1049 3158
364 16057
7054 14595
11217 8452
9607 9534
16715 15051
20582 16398
21179 7172
14896 19677
10616 20104
19421 7051
11944 9320
7631 17158
17763 10151
5221 2834
16585 2439
3908 6453
23333 174
11272 1977
22766 1481
9666 8716
11806 12108
3441 21066
13123 3529
22736 18160
14670 12254
8049 23025
10685 5505
16785 5341
12135 20852
20738 12012
15647 22789
8816 19834
6813 7111
10720 20923
5694 23112
12320 22866
4604 11135
6108 20284
11729 4702
6466 10310
17338 10977
17210 1312
17759 22579
18105 9407
5243 10415
21310 10723
6177 21790
9877 20406
13717 21315
18039 8624
4872 12636
15726 6493
14958 8045
21473 13793
9815 13104
13921 21796
3249 6948
19204 1633
2479 18984
17375 13602
12855 10919
14133 21182
13003 11166
11386 21146
7313 12079
396 256
14572 2252
13004 13085
4687 13757
8500 2124
17752 18689
17016 9039
1875 17196
3509 8652
532 10138
8094 9619
14849 1879
13607 2802
17280 20798
11865 2695
17322 18521
1499 9449
16416 5007
9973 17974
13433 5100
21729 8025
3631 10275
23372 23316
23323 15497
9929 4803
18628 23137
11962 18080
8815 4992
6519 14306
22513 15053
18648 13233
5466 3521
64 4441
20054 12933
8396 12949
17926 18895
11104 25
6538 19850
22861 21337
12976 1939
18325 3303
21793 16328
21776 4854
20652 3015
5675 15069
15573 9753
13539 14018
4885 5348
19426 7710
998 1380
22114 12576
866 18702
10093 8709
3669 17608
21854 18148
12002 526
3442 2445
308 21031
5313 21016
7493 4077
13075 3141
1344 14245
9592 17686
21590 16075
4172 4872
8577 14135
5093 2450
15884 4505
6309 17872
17928 3170
10889 23616
10766 19238
2820 12582
10532 3494
541 17776
8623 3589
7775 22823
2996 14417
13416 22845
13817 4014
14344 20770
21089 4534
4310 16127
594 13627
14506 3754
5644 21793
15347 929
14665 5782
16318 1968
12398 18912
22943 2489
13064 1027
15896 8643
10414 4529
767 20561
4910 15786
20823 16263
23381 11501
9430 1585
8784 21825
1631 1315
13012 21919
16769 21437
8711 11918
6941 23380
14256 20039
540 7390
14254 16655
4397 1090
9640 266
22759 12320
11174 13113
1002 8349
19468 558
5164 2853
5472 8725
8215 12169
2923 7226
21023 18646
937 9085
13254 14384
2501 3770
11763 14633
22940 10198
11898 9436
1505 9018
9958 18963
23008 9715
6105 12810
6719 17520
18264 20747
19071 8597
17233 21071
10219 7233
18854 7452
19317 18602
9675 12626
16590 20951
15779 8159
18546 20405
23107 16491
13780 18325
1637 7297
680 11582
17015 15274
15166 12449
5399 10238
16181 8050
13763 17818
8989 10118
5801 19091
17647 1135
22661 15703
16809 17619
14931 21333
11204 13447
23345 23341
750 8322
20252 17949
9463 9206
12682 12758
11147 12111
12383 12677
3004 22239
20393 12207
17695 7850
5111 4489
7510 16139
6290 4767
18892 23576
3717 19843
4084 21336
9781 10352
1410 17562
21209 229
14302 7216
4426 10529
11470 1479
8152 7442
20534 14972
22904 11569
12598 10216
7250 11188
23133 4951
9543 5272
20281 3836
18276 1170
14844 9151
6536 18832
16042 15773
2173 8250
10080 12973
5485 5354
21575 858
17389 10542
15122 17503
20463 7568
10200 3476
21023 3878
20820 17778
18793 22278
22279 12492
17045 8413
4346 11866
12470 5521
17515 293
10861 20279
12537 7722
18452 11106
19701 14333
11017 2982
14917 16290
13356 7929
15970 4525
422 13677
16193 1105
18041 19651
23170 7559
16353 16399
8565 21445
16492 10543
3791 5604
6149 4574
21246 16959
18545 4703
2575 16698
19145 23571
3928 18440
2965 4216
6171 20475
8768 445
2112 7045
10500 16913
16881 15408
16339 15983
15276 2047
17348 16826
6814 3160
7415 13557
16191 9033
13730 1254
21331 22564
10119 4731
16569 21149
3885 13463
9348 11391
21035 18953
16920 4880
12968 5212
16092 21122
23587 10285
14896 14555
1080 13718
17976 17114
17450 21980
6503 21640
2885 10401
6991 13849
21597 9403
9303 10376
1429 10869
20628 23226
3041 6730
19826 15205
1292 23422
12939 17114
8875 15302
685 15131
21108 15866
11241 19367
15815 8633
19792 7834
996 11648
17490 11994
14252 21438
10883 3686
12387 14310
9999 2602
5523 8444
1491 4785
13361 14138
10284 5526
16449 14610
8430 18314
20536 15274
21543 901
4093 20219
7772 19608
10145 10732
2976 14687
7319 12955
1485 9617
730 18960
20806 4797
10064 23134
8536 22810
18431 11936
13849 20069
16065 11102
10015 1299
22569 16675
21564 19608
7212 14774
18517 14889
21236 14828
9600 3860
13975 16777
3742 11086
11887 4751
3668 18472
10986 20486
1398 16806
12286 21976
11722 22534
14737 2475
22700 3241
10035 22377
6888 21099
14237 12671
707 17095
4044 10767
23536 2516
11877 17663
18739 5204
4972 19496
11783 15747
4836 10553
8522 9052
5853 8826
7351 18939
11711 12395
11510 22266
22170 8
13249 16255
13615 22752
18046 3656
9270 16767
10950 11027
21051 709
17980 20338
7021 5231
12976 20338
4306 214
10660 16328
12673 19001
16957 23164
341 11334
15912 18609
8434 20042
6121 19680
1396 244
15735 11793
13140 16140
13449 21135
9740 20423
10743 2123
10721 19670
1338 6005
9255 19219
10451 10782
11566 20741
23000 166
14042 18315
14607 14137
11981 23161
23163 19475
21837 8686
10030 12026
3265 1167
3126 19090
16237 7265
5327 20400
22840 13701
4941 12971
18402 299
1714 1204
20135 16078
15832 4043
10273 4687
19088 11799
4640 22335
1238 17987
22982 21817
1995 1028
23704 19597
3244 23424
13517 17975
10361 4458
3949 18629
12293 1884
12923 13154
2995 11642
22110 10233
4873 3010
2322 7539
19950 3544
1457 10178
19883 18899
17554 1362
4630 20987
4662 11008
7933 5482
17030 21735
4732 10690
14957 21423
21269 5766
7920 12069
808 17134
2427 10953
4495 1988
6685 18196
9789 5928
2543 11532
18699 22892
16599 23558
9405 3799
19934 6245
9798 1286
13286 4767
23404 12627
9350 5177
23093 20436
1453 5577
9996 6142
6989 2266
23512 5621
1422 17743
13808 1356
3352 11435
20336 1945
3840 9225
2596 10868
21983 3522
3552 1141
17379 1644
20399 15723
20535 9066
18104 7944
17879 7079
7318 20715
19632 10235
22022 12508
1857 20986
15083 1237
1618 8190
12940 9617
18380 4582
19449 8251
17438 10602
18318 22843
7130 19388
12282 13437
5389 21470
13778 22306
11364 11177
4228 18316
19362 12466
15013 16428
9764 9723
17430 22689
6954 12902
6655 949
23088 14231
19469 19006
15188 504
1740 16274
315 7280
14218 19124
13846 22051
6980 22109
19659 23555
32 2746
10675 21144
4615 6694
3869 12647
20899 1863
4889 344
17737 17883
20228 108
19343 3837
16797 8831
12242 8215
2441 22273
18104 18614
16233 726
22653 10857
2376 21903
14065 13385
13520 21015
23082 11337
11737 8157
8324 4777
23017 13505
20953 1334
14063 21187
917 19230
16789 13370
9784 2327
14959 7136
14936 1374
11967 13253
1500 12891
19678 9171
3352 22481
14633 18956
22867 2790
17097 11702
2089 22188
1905 2386
6356 21165
2040 19111
15853 681
17442 8795
14025 22471
11903 14112
7738 5689
13955 23012
11620 14926
22199 15367
15205 3086
4954 15222
7999 17981
11376 7880
5484 12242
4380 10784
23214 12035
1441 20250
15581 16545
20472 9339
12754 23561
12902 4449
10122 11802
11793 22477
20045 2932
14270 19739
18420 13525
14456 17334
3353 3505
3185 300
16774 14956
8030 19441
5088 19901
8101 2556
13751 15330
23200 15230
8046 20730
10596 18657
12572 22830
15982 17777
22781 9810
19287 950
6933 15786
12870 20017
5560 20367
132 23019
14032 13478
8795 19342
4221 1717
19925 20797
6500 7602
14830 2171
22667 20961
21377 13505
1668 11658
3936 6934
17910 7765
20764 23123
1227 13330
13911 13653
8290 16712
5561 1418
15422 5708
19077 17872
10748 13907
7962 18106
10025 21998
16227 20979
9114 12289
14587 1305
1959 6006
3217 11806
12886 11269
2680 10440
18037 9992
528 3974
21125 17434
7734 3275
18089 4560
15550 433
15092 21025
852 7019
7878 22721
19517 10445
20297 8097
18255 23605
16208 7565
22607 12668
8766 8986
614 680
17848 9938
9776 23152
18746 5449
10568 360
18516 13467
5923 19180
7519 16205
8366 22626
3247 9829
16130 12320
14354 2522
12323 4180
7202 8078
22499 14304
12085 3789
16561 9505
11611 3509
17353 13205
3456 7953
19359 2589
1422 22912
22503 17172
14021 4798
1991 8100
2290 233
11038 12210
13063 18514
15696 1823
6991 15318
1013 16397
7038 5325
1861 8003
22274 7780
8502 15326
20339 15715
1114 21285
17014 11584
16752 17870
15264 6219
20288 7368
18337 10434
3580 1982
14341 2619
3126 1899
2750 23084
329 19209
22293 22154
5615 9351
5286 7802
18717 17842
19060 12400
20988 10561
17432 4792
15407 15245
7061 14807
13660 16858
18414 4352
15762 15562
20225 11313
22057 612
15307 5889
13136 2653
23212 417
14763 249
12533 17058
5195 8861
18985 20126
4179 16550
775 21199
1737 18827
16608 20250
14735 7586
8924 20282
8025 15311
14615 12652
7147 22860
11982 14780
1532 17983
15559 18271
20584 5185
17193 18478
11094 11659
18124 22334
16543 9439
1217 14952
17701 9234
6168 9700
2648 4046
14812 7835
3506 19613
9926 21604
18563 17964
12747 20153
5095 15114
23459 6163
19028 18051
5141 11235
21978 8257
10023 1030
5874 14686
17265 2143
9976 19074
990 5433
14835 11929
20079 9001
21616 5510
3972 13764
20360 13010
12824 5486
23619 3720
7893 9011
21782 9784
6472 353
21206 8076
18769 5240
12769 21607
19887 17338
12874 12483
13121 9130
18055 4546
3199 6749
9659 13349
5022 16495
20686 4846
416 20393
22884 2686
20745 21902
18827 21754
10061 15500
13557 19189
9204 3795
11176 9407
16091 5817
11736 5487
16962 6922
14460 2918
16394 13889
5549 827
14138 23094
6068 16805
5320 20275
18747 16387
7275 16076
13739 20660
14938 22271
16345 22223
7087 7594
13352 14198
14036 19389
7755 19576
18187 16868
1521 16744
22941 2606
12901 6612
18841 5996
8012 17451
621 15967
963 4140
16035 4290
9430 18502
15388 23520
19980 8810
8038 20021
21205 23629
322 12789
20859 7029
8636 19762
11372 4253
6823 10096
16359 14846
18940 13951
1801 3620
12454 8478
5826 7465
11475 16300
6742 9380
3749 5061
5215 21107
4715 2757
13890 20168
2232 4986
10982 6042
92 18492
21603 4756
2117 5657
23471 17056
4106 18309
15882 19393
21613 10041
21233 7727
6466 9696
18202 14419
2643 23438
14964 14371
20434 14324
4090 721
2399 9583
9473 17315
21222 2844
2720 7735
11915 3648
8720 21542
15112 23408
13693 398
16730 5297
13097 19019
11288 14318
4334 19022
4750 19607
22225 16081
1049 13830
20233 16094
9776 1236
8526 22854
7867 1129
9246 17581
17022 4663
10509 11286
19660 9618
4866 13529
14186 420
6997 22566
11562 2885
19289 7776
5321 654
7942 23529
18034 12227
8442 16933
6708 2407
1524 9641
2549 1915
22612 20929
1161 18672
14704 402
1178 21480
17518 18933
3919 13756
15329 7837
7618 627
15241 22678
9516 2735
9844 21534
4446 22535
23081 8313
22806 22781
23035 1561
3485 197
22901 19212
19429 9995
23001 13359
50 15083
8594 1598
4757 5279
1039 7590
21158 6371
6959 9727
15751 2403
5266 20673
5918 21128
3643 624
6020 17168
1810 22369
22169 2539
21430 17677
1 1882
155 20847
3914 8753
15169 5401
12453 1107
17485 2861
5465 17204
21444 21685
10969 10305
18343 18888
21762 23191
9211 21259
4234 23318
5926 11205
3498 15328
7192 16411
5282 14778
3295 13215
11280 10100
14522 19244
17459 22826
6946 19986
24 6901
3283 18241
10807 5681
9806 11243
10720 12283
23629 3664
2105 21271
1174 21599
22898 23104
13357 20712
2077 22489
2935 7876
10656 11909
16168 4127
21577 12178
7865 1029
3876 1243
4163 12652
16580 2747
505 12357
1045 7752
10103 14168
7149 16864
2822 17969
7612 15136
17770 18342
8535 9941
8217 11745
12952 10179
14413 5687
11866 6587
18035 14843
23697 20837
10594 21480
19189 320
11013 12722
16910 10902
7963 2443
1941 10775
7533 12998
20918 3197
20361 17554
22265 20942
8027 8045
9562 16938
22645 19683
11631 2137
14697 13828
8091 7368
8815 11607
15713 3531
2595 7856
5084 10557
3938 23392
5915 18026
15465 8146
14812 5057
1054 1757
6764 10393
10580 1781
11946 9515
1912 21744
5697 5497
11065 11058
942 19624
8317 19101
21832 20109
13438 18967
20957 10676
11437 10179
4822 15859
17437 22267
1478 4611
5442 20433
20577 1440
183 11151
10003 2000
4223 494
12400 12305
19104 20268
5243 4326
19784 23149
4296 9062
2566 6979
2713 5195
15364 12625
4394 13367
7349 16961
12449 2177
14866 14844
15127 23259
23024 14598
5537 4516
13487 8050
9142 875
22430 22182
7783 18079
22976 13641
4831 19087
15149 15139
16273 4375
2790 20568
3392 23423
17994 7695
1972 10607
12797 6012
2483 5048
18542 8544
9331 254
20770 19015
13183 532
4909 5892
12814 20541
11754 23363
503 15850
16817 15556
10094 7307
11246 5699
14373 6914
846 4239
12068 15211
478 16763
1662 50
7091 10528
11906 21218
15106 8024
18934 785
16095 18400
23019 8462
1005 6534
7618 14136
7986 14360
10546 2781
7556 19695
12356 21608
2759 6760
5652 19196
10677 15490
13937 20577
17460 16706
1318 21788
14194 4404
16055 4206
11451 22809
16430 16748
12270 14060
21503 4945
13184 20234
14533 17894
7369 12027
17615 1756
648 2721
23407 3736
12779 22435
7647 1422
2054 4914
7506 18221
14182 7494
9594 17529
11951 12933
23032 21913
13751 15007
86 15727
14425 8461
518 19291
8803 8448
4109 9381
3300 3447
2 11969
2996 5388
15223 23634
4518 11337
13544 20329
21786 8786
7356 11287
22859 3982
23224 16588
12223 2330
7230 5587
17589 12784
7150 12969
6352 21068
15832 20115
21527 175
8235 19128
9295 21769
687 8773
1438 19495
2328 5238
20790 8382
14928 14341
23401 22540
1774 9408
2702 6717
6136 12959
153 20273
3612 421
3806 10597
18386 931
23300 4836
11429 8778
2202 9214
19453 12781
22676 17304
4835 22802
19165 15366
11613 15682
11805 16821
8845 23269
9457 23461
8246 2045
14401 22934
19335 22245
13418 14911
23053 20455
17780 22938
12267 8459
16877 169
5415 14071
18766 13665
4978 16461
23394 21445
2851 19869
15432 21650
15805 7471
18074 17661
12522 9416
21223 19791
5470 19979
16567 19502
20393 6435
18113 10628
19306 14573
11881 12165
21428 20896
118 11098
4286 1413
21470 11063
18259 9326
8272 8951
17727 1383
12765 15791
3081 18348
11816 13729
7018 7377
11383 22860
14270 3878
20255 20590
23217 17119
7314 13789
15214 15326
10953 21702
21997 7716
21342 8887
7930 6984
14035 1557
2157 6156
18886 8928
22954 22572
19214 16334
2450 23282
12500 10474
11959 16620
17039 3469
7469 5021
23686 21467
8660 19236
2913 1262
8537 22067
18537 11052
5021 6338
19495 15193
6831 16855
14919 23426
17400 1621
15029 17119
3490 3115
13886 13982
12357 3929
21452 17436
22489 6446
23504 23429
18443 5370
3774 1768
11324 5008
11608 13825
12117 7137
5556 3311
8220 16778
17998 17569
17939 15344
14449 19264
5234 9092
7370 6476
5361 8316
9031 18812
16010 10756
20100 2537
8454 15716
4972 18057
19735 4678
7114 7287
8018 13091
16273 17566
10384 13425
8704 20706
10712 22521
1377 12166
8400 9545
18140 10927
12827 17673
20807 14470
4893 12728
17250 23707
20796 431
13893 19797
19330 14911
5476 243
14164 3639
8658 23257
4637 10286
11847 4431
12481 876
16696 1252
23322 6325
15420 8269
10265 21422
20469 14909
3485 15286
1853 7050
12449 21823
3524 6975
9195 19306
8203 18795
2852 2363
12084 4374
21782 10822
14001 2893
23104 14549
23482 7421
15044 15616
21815 11653
12737 5420
16190 18290
20309 16492
14464 1695
7176 10854
10384 6899
3987 9427
22030 11819
20852 20272
13201 16307
5977 12174
18563 21923
22547 23657
116 13527
22457 14706
10332 17476
11254 1078
15681 14948
12178 15112
747 23407
22036 4153
17178 9423
5003 8232
2229 5745
2196 4563
7365 8427
411 1535
8404 50
11750 10634
6778 22093
5778 8123
23266 10765
74 10386
154 22032
3119 808
6660 9412
19713 1806
1248 505
1392 22864
23694 19487
20900 6049
7981 8144
21825 849
9435 15256
10785 7086
7532 2869
989 1186
4963 4176
8721 13915
20276 20060
366 10634
573 14420
13338 14425
16412 9019
11968 22694
13391 11589
18853 2367
19688 6556
13958 23422
14714 21162
11876 7872
9312 18138
8937 6474
14361 4396
18757 9500
2429 3066
10687 10928
18899 15461
21081 1034
13297 13451
20422 19750
2798 9975
20870 2592
17623 4590
15172 13148
20795 2489
16317 6489
6844 8134
9130 21697
4079 2954
4849 6041
23186 17680
17415 9950
794 6751
11598 16837
8340 19007
19074 8601
12403 20293
20158 2605
13962 22847
21352 10303
21100 20345
8889 6302
8237 11630
16697 20819
13973 16701
19807 8646
23155 20127
23630 3028
19474 15676
14504 23451
5019 5396
23070 3991
2346 10054
16139 5337
18832 3417
23099 11707
14949 6069
21941 18847
9293 9360
480 15215
7069 19807
435 10606
5105 22364
8067 1491
12788 21245
21873 17221
14743 18840
10877 12340
11271 12388
11207 23091
12432 3924
21953 15186
15621 1443
16233 10770
5789 19849
5471 16699
14701 12225
2663 22616
6609 5391
19099 2558
3124 3037
13200 14721
12289 19413
13081 17117
6088 21070
10945 17410
9716 9328
2799 3798
8193 21961
8700 17293
3865 10351
23682 23592
4255 16459
20865 13637
19932 9360
12356 12897
22806 13759
11053 17664
16679 7161
19395 16047
14242 7130
5235 8716
15295 22592
16318 8632
22123 15927
20678 6476
6659 9276
14373 3625
97 22153
20550 9849
6395 20858
449 22836
19429 11870
17640 10546
3717 8043
22806 17049
7739 10974
17027 18982
5059 15911
3614 21127
19127 3302
23260 4729
16780 2152
18514 22873
10214 16224
20921 3789
2644 13991
11535 9979
17709 3886
18988 12980
1635 8122
15395 1304
11378 4267
8728 10257
2156 1791
18031 3121
8247 19325
19436 11370
8533 22720
6415 5831
21020 9415
18486 2432
7473 3628
19 20616
12806 5869
1994 16199
22984 5220
21958 11302
15147 6723
18720 13790
1141 21117
6804 9847
1047 3943
16012 15470
16704 18940
17793 17295
1728 11603
11728 11701
20979 4747
396 18666
16142 9922
17041 3871
7846 6384
22728 22037
21659 4605
3840 18992
21548 15854
10980 23252
23681 9428
17752 10816
13648 14989
14567 13778
20913 6672
20157 9542
8863 16535
17158 3785
9981 17047
8725 2493
5197 12281
21316 9830
5800 20286
1152 22815
13210 15089
22527 22248
11539 20475
4664 23298
4049 20308
20242 9772
5318 19948
2194 19219
12348 19274
16689 6739
5138 9846
7362 2564
17192 14730
17697 21678
21446 17471
16783 13185
23144 17033
9235 16861
366 18755
355 23588
1196 11226
6712 1627
3175 21034
6692 8193
12561 21612
11345 14491
21062 23156
22450 16721
19732 13842
8501 2134
15004 9966
22487 17356
18882 3455
13868 14521
4508 23512
21237 16291
11344 15525
14149 19498
7978 19374
10327 16150
4095 21222
17431 12651
10885 14083
5894 20901
23616 2837
9379 915
20771 9584
23575 3523
16192 3488
5442 8111
11652 1405
9066 8057
34 6643
10272 18291
2246 4808
1254 9471
9238 23127
3419 6728
16877 2163
9858 19503
7844 17280
14383 20766
2175 22751
18337 9323
6718 1334
21709 23525
9608 7603
10169 19559
21731 14097
7245 15326
16312 1357
962 5579
8499 1264
12721 16056
9468 5905
15429 16101
12006 14267
17506 18570
19400 2215
5357 3184
9513 3205
15306 10130
2586 6771
21399 14317
13834 18269
9900 21582
10987 10539
608 3423
22782 6608
15567 8093
10850 7733
8882 1056
14642 5570
20521 848
5420 13030
4287 11992
3299 15072
15131 23257
20111 13766
21402 9937
7762 6901
13235 20190
16244 21516
16374 23171
13754 19787
3850 5999
15277 4522
20012 1745
8439 15443
85 9858
9866 4533
23599 23174
13624 8254
10183 14342
14394 14364
6367 9505
2423 16531
11279 12677
15141 1587
15131 4866
21252 9188
1674 8468
15471 22129
8362 19455
2956 13025
3218 20963
7552 19296
13765 12562
2141 2378
18961 14438
5128 23656
11518 4474
11368 20170
3276 21337
5986 17493
9724 4991
12907 13893
18896 10349
14266 12586
19592 20097
7332 12588
7115 5333
20949 11011
2932 10385
4293 17516
5323 4171
15673 4146
23630 17796
9889 4738
5164 20312
13332 10486
21899 14208
11400 12850
5443 5024
21939 1494
11474 1446
11902 5333
17634 19589
11167 3821
17170 12258
18249 16111
11502 14078
19406 18474
21913 5876
10623 3292
3084 4985
6341 17418
13760 8610
23067 8564
12916 14231
13997 20094
16134 7295
8771 17589
22899 1983
22789 10007
7775 3656
21606 1507
6825 19925
18759 21450
18880 14606
11429 1987
15613 12195
8845 10989
19722 19560
17397 4800
2508 20080
0 7881
21745 6593
13038 6291
16812 18085
19881 22613
6329 12806
2991 2161
18211 19190
18670 12341
6345 1749
18879 21007
20505 2690
3699 20381
1453 16943
9390 10452
21143 7432
11873 17548
6433 12801
18761 17482
7226 79
3775 21298
5292 12083
23456 19937
1015 2055
1642 11798
21348 16711
9195 20924
11264 12466
14583 18247
19656 6670
12708 10563
8660 12751
14391 21079
19585 5102
9936 5584
17759 13068
8647 9991
133 9773
22546 22111
2249 5034
9802 12088
21312 20464
6105 3814
15198 7889
15127 1643
22907 15963
231 17924
21903 4571
8616 9605
11604 12434
11873 3151
23639 7773
21568 20066
18774 15919
17892 13044
21037 8757
7532 6562
16866 1580
9475 8787
4599 23181
15688 3800
1219 12504
10443 6396
2235 17671
7669 16801
19882 5821
19091 17989
6719 22274
16690 7056
10218 7571
14646 3292
13389 8556
17818 10941
21660 9198
7623 8877
19621 3285
22772 19673
7296 10640
1512 18721
4007 6483
12648 13142
16165 22484
13979 10587
828 19272
15823 18529
3381 9894
3100 21874
13373 18744
10111 583
23509 3468
6073 5891
10530 9110
9838 6664
5922 4318
17997 13217
20756 22576
707 11804
18513 17470
21268 4573
19203 3106
8514 14137
8164 1012
10692 16004
6392 2697
16532 20261
2473 2710
10132 4818
21985 16298
695 15032
5352 9244
2220 2476
21448 16653
2581 17011
13364 15022
9633 13471
19754 9480
22304 4120
7447 22002
3383 5892
12547 17960
7918 16116
247 23398
6095 13602
20813 17001
13448 13853
21158 3786
19793 8086
12864 5542
22420 19761
5867 12555
23664 2145
9756 5782
19972 3708
12516 9706
20386 11290
6404 12912
19512 4466
20303 3219
8632 21561
13068 5414
22221 22678
22095 4881
5572 4900
20419 5919
13060 13241
17925 10572
9930 7949
1079 4210
17133 4374
19766 14559
7414 7817
18763 13719
16265 15067
10295 15172
19720 162
451 9290
5268 17292
22177 23076
14175 21694
2024 17498
23300 23048
15216 10405
5351 17042
19968 21375
4258 16551
1273 7206
13631 6382
8106 534
4922 22115
870 23014
9136 21180
13883 12958
13863 6279
772 1992
11133 23628
3062 12118
2943 12698
10560 7887
12145 13224
19656 15627
6996 16327
21934 5657
5109 3168
1032 212
15154 22502
6252 22487
15448 18287
10440 1054
12573 7848
21012 3561
16059 7276
15367 20783
1862 2711
21347 21073
4539 23336
16740 9687
12306 6921
13001 12491
203 19002
7516 8269
3098 10915
1813 10629
15845 15762
13678 3881
17484 21711
480 13795
13581 19195
12163 4723
10564 21870
9012 7193
15620 158
12911 16582
12716 2967
1671 9867
22768 12297
7682 10066
4468 14348
12152 6078
20027 4279
19477 20887
19896 5490
13661 8650
22947 16671
2187 9844
8518 4612
1329 23665
4119 16239
20648 15968
22525 2611
123 15668
14420 18389
2485 18355
9840 13667
20288 14541
16027 10364
5238 7028
20137 11371
853 5373
21640 21087
784 14669
13899 17089
8805 21000
14640 20987
10709 7855
15793 2021
15122 11115
1179 19409
16842 9377
7735 18814
20102 5441
7517 6651
20621 2204
7837 9133
5829 6457
835 15294
15076 8684
123 7721
18931 18212
18953 12811
19308 13927
18902 13129
12948 2509
5028 22932
7630 15030
11718 10705
20402 20437
5994 10937
15808 16617
13199 14023
1942 13992
5502 13567
17032 3446
21128 8133
12428 13912
6890 15981
11475 10611
17968 23567
21070 17157
2477 5126
19891 1240
9444 20293
19693 19386
1909 15224
21382 11078
16157 19884
13432 7231
4190 17666
22290 5799
21581 3791
15515 6886
2122 11165
17275 16542
20933 5853
3983 1060
818 347
11702 4852
1777 3050
12022 22675
11571 6358
23110 3870
6134 8266
16482 1263
1555 5069
1182 12966
10821 21568
22759 18577
2796 16324
6188 5046
11999 13377
2908 19992
19738 4860
19318 13967
5176 6037
5804 8896
5481 17879
23593 7430
15728 6649
15145 20598
9963 4956
15817 10418
10714 22541
2468 22813
1500 16549
5844 12573
20071 16506
2956 4292
15175 21490
18623 20162
23455 6624
9068 3153
4581 1375
4203 8973
2205 22366
20090 20183
8991 513
11950 3954
7174 228
4579 22416
9536 19856
9648 20691
13568 21246
1811 15887
14368 13673
13565 14808
22780 6311
6427 13779
3211 23240
15763 11485
5958 9747
5211 1981
17075 14989
11153 4269
23292 2347
9147 10971
16619 4871
16903 3391
10451 899
6345 17211
18206 19886
15407 12937
10059 5783
23499 8350
18809 266
3721 1118
17944 1127
19865 9406
4677 4331
13394 15188
18470 9173
13156 20689
9880 14524
8695 18650
2959 4370
12883 2249
8493 21195
17359 20165
8419 5153
13249 17408
21851 31
9518 17373
10741 19926
8181 21300
2335 10034
2749 19333
5945 4646
672 5775
11166 9738
1434 23601
3745 17746
23623 11514
2572 13881
3228 3672
17880 19624
19490 4368
19313 22654
16572 1117
5673 15985
8814 19871
3377 6550
14434 3092
9642 21895
7472 3121
3167 3900
22097 4740
13567 22602
7376 23667
919 12933
12259 20129
6060 10685
1846 11278
1251 14708
3423 23099
13463 57
12692 4327
20372 19359
1224 17380
5368 20340
23426 17399
6150 17633
4601 15764
20668 21708
7968 17161
18027 10404
18981 20151
3756 14677
16680 5152
5178 15168
16827 13132
8222 13659
10081 5142
12789 15552
331 10752
8770 19901
20453 10051
18878 20397
12393 23249
7445 311
3719 5576
12554 8026
19599 21418
15701 20258
5520 9901
249 793
2534 8033
9086 23396
19457 3050
5315 13341
7538 8169
90 21526
13822 19795
9073 20710
8893 12182
9940 1936
3527 17094
270 4306
5437 19655
21098 4296
3228 8672
3735 6168
20620 13831
294 18029
4537 18310
12772 21413
10489 4471
2608 8620
13324 9056
20641 16633
20109 14596
16125 20906
9152 923
2526 18929
17465 14113
23455 16278
11635 15495
2288 5203
714 2682
4515 14440
7146 12912
15555 1615
528 7612
13497 18631
19247 2542
5311 20534
3576 23458
12936 5003
4475 18971
7895 10755
17216 20446
15220 20094
3504 10224
5289 20431
23235 1526
7725 13583
7988 17732
20519 2335
9202 17963
20333 16880
11960 10707
14593 17009
3430 560
2190 2333
10818 2469
18620 1334
1606 22126
19571 15226
11042 14712
14557 6661
11442 17513
6115 15716
9659 20746
6872 19090
11467 5231
7728 20633
23544 18476
291 23546
5030 10433
10773 10639
3339 7014
10133 5231
6923 21400
3781 22436
12103 11692
604 15482
11436 13950
15647 6116
17222 18705
22956 3503
450 19913
19343 22753
10222 7937
11159 21386
19272 4066
17986 8196
3722 15155
23330 205
2661 3253
646 12119
11008 20531
3980 1694
2299 9992
14741 5823
2520 7025
9463 2485
6353 7692
9668 9201
10208 10912
15436 4009
7525 5772
5404 23115
2194 13880
14317 11030
14691 18254
2726 2488
8906 124
7935 21794
1884 19372
15580 9527
11033 2921
4218 13983
20426 9230
9093 7136
1133 18984
22535 1534
14488 15812
21059 20259
20551 6611
18927 12759
6266 4598
11721 23068
18406 14663
1381 13946
21123 14399
12616 8685
2254 4854
4475 17940
10659 4069
18451 17196
9794 9478
8510 406
22291 18554
9040 13753
14093 248
16980 14535
2297 27
9094 7508
12561 6808
14834 4456
3413 22757
8001 17086
3365 14951
18463 10748
2410 9638
17723 16325
22411 12840
13049 22305
3537 4499
352 16335
14882 12903
11204 18198
8137 15395
13882 21665
803 152
2327 23158
8617 19220
10882 12254
4803 21822
1461 5767
20174 2197
335 11710
2999 20407
1016 5259
21876 20470
4591 20323
11596 21209
3311 21187
14239 14948
19978 23024
4286 6635
6026 22193
18876 1602
3190 23046
12675 20140
8254 22308
17723 8067
5481 10396
10065 6487
10921 22198
5146 22760
18047 16303
23663 19168
4904 10438
15448 18237
6366 11893
13382 9922
6505 17739
978 10810
434 4801
16791 5574
1416 17674
9754 14742
6192 11409
2589 4142
64 9262
3021 4114
11100 14822
8619 14390
11203 2507
11381 10077
1303 13207
19702 5396
17311 11615
15267 1655
19104 21217
3593 16263
2677 1950
6088 7095
12032 8384
7062 11357
7465 3683
1255 18238
19672 18396
428 21650
6965 23065
17167 8518
6181 10500
4200 18452
10151 15817
12116 20091
10470 18311
19165 3835
1577 8660
3422 9285
5172 11283
9240 4221
22266 7094
13470 8675
7654 17355
14022 2150
11230 23311
20647 336
9458 12031
17114 1671
8638 3553
13362 21655
7777 18650
21984 17242
5779 865
10994 18567
11424 19272
15745 9435
7341 8140
21781 4124
8940 151
1050 10252
12134 22629
12565 2560
14960 1961
13942 14652
18014 16402
20020 21670
18131 6216
14011 19606
23470 15405
23691 281
23083 2398
10594 12431
16263 21699
1492 12834
18422 18017
2683 10197
4066 10690
6667 45
16515 1612
8864 22333
13536 7343
7744 17481
11312 1403
20573 14074
20777 17746
11525 18875
15211 23537
1422 4335
1574 1482
16499 19130
19238 16031
6018 19787
20657 20121
4648 10717
3695 16621
9444 670
12923 9774
4314 17715
4020 3416
17298 19103
4290 6732
17263 10215
13449 20038
4799 8123
13196 21498
17637 1670
21249 18642
20626 10442
6981 16041
10046 12545
5024 10573
20186 18548
13567 23138
19029 22254
8385 1625
10898 6845
8657 940
15491 6344
16551 10776
295 21778
18536 17900
17796 8355
14243 23314
4148 3396
10449 10475
3153 9327
3709 13638
15251 16575
21793 12574
9666 18556
22786 11307
8713 7607
18180 9971
2917 20285
11200 8117
11080 23009
2430 19110
21811 9772
21661 17831
15778 917
12689 804
11897 15992
636 18735
1341 17270
18421 8299
2470 7341
22459 5995
15495 3643
8651 22739
10534 15719
44 5450
15954 18893
6825 10518
4766 21531
7742 10067
11023 18243
15153 4549
21268 8450
22284 3396
3593 17534
2239 17926
2803 10527
7433 16522
5300 15830
17021 9886
12677 10391
16166 23115
13226 5263
17839 12832
12320 17904
11634 10762
9359 5169
9738 8425
21332 5198
12918 14233
22482 10515
17618 17612
3466 6289
5107 5669
6835 17113
20707 1059
20447 11992
23291 19194
8170 12480
6260 4342
9221 2574
20296 21228
5545 5971
22739 1323
12357 5797
5134 4419
17382 18851
708 23680
8028 8375
23531 18068
11453 20267
17196 6948
5753 14590
21984 13788
20353 1415
20326 12429
11051 15603
8816 15801
7380 3467
5660 2916
12756 22282
467 2874
11268 14129
4501 22504
18827 18447
19546 4815
18182 7152
19594 19588
14974 13503
5311 18461
20259 6034
16422 1652
22027 8341
15753 2653
914 11527
5542 11335
5352 2552
18427 17341
22550 22234
15 3345
9825 10370
17040 6472
12072 22166
8554 21168
16115 12370
1979 8506
6058 10988
3961 4865
12292 11661
8216 19539
6860 10592
13688 3262
21372 13888
21432 9308
3189 253
13972 4058
23075 1573
6786 18631
14132 11707
6361 18069
12456 684
21981 2729
19816 1312
15340 17900
5049 22092
7977 21005
21891 13563
8194 12601
5057 137
21771 19730
22569 9978
11238 10265
5786 5287
10362 8610
19586 6079
14833 12032
2012 12450
10744 18216
4147 5112
10276 11099
1244 8309
13029 908
10922 12630
16646 813
11144 2303
6960 20581
1513 8502
23416 17797
278 9004
664 18650
22222 5538
7160 6042
11187 16171
23279 21353
17969 14087
20159 10119
15980 9211
10095 14995
768 18227
11039 15640
9187 18972
758 10763
11625 12223
6275 17143
1956 16472
7671 9824
23155 19147
20190 12405
18563 17932
14797 12837
2454 9916
9071 13775
7211 14934
7553 193
22556 13450
12704 9613
4080 21889
9953 18014
4274 10453
1404 23535
4229 9441
6564 9208
19584 7102
17305 1340
22276 10645
10873 21433
17480 9739
2109 1229
1758 2986
21793 5631
15705 12137
17598 19689
12219 21281
18938 12697
2925 6746
23420 5331
16237 21749
692 7963
11545 13106
14554 13291
4834 1773
11355 6576
6820 3974
2458 23152
22311 3217
16683 15505
14089 12819
2321 17314
13446 9242
1901 14704
4631 236
11623 9049
14791 8143
5278 11384
23279 6726
12182 5495
9256 9453
8927 4478
5429 9030
9362 17169
21832 15254
21867 8058
4626 4685
8646 22448
11380 3368
2260 21529
3236 21474
3209 18957
15202 13371
12862 20768
20558 16053
10959 19868
6708 20896
14743 3073
17512 12477
3936 9931
18848 18675
12192 8365
7336 22923
10455 12690
9573 9337
11559 4722
11615 5965
22404 1425
14351 2684
20427 8572
17838 16475
10168 21717
10049 7989
9369 4303
3556 4438
1056 9785
1563 21937
10648 20825
22457 20402
9646 15891
833 7624
992 5676
16782 1142
3071 6011
20421 21694
2627 20091
21801 4321
6153 5323
11415 6907
7773 1904
23521 22197
2147 2381
13687 3536
14834 13167
15672 20871
23534 17802
7200 18626
4883 1028
9332 18051
20210 17994
15495 966
14836 22188
22542 23660
10061 10714
23252 5073
12362 12721
6954 6109
7136 2062
6396 7403
16079 14515
15652 2107
7454 14045
6965 20038
18753 16130
19502 22110
9440 11404
20467 6406
12137 283
21758 19091
20059 12911
9235 7398
6586 2525
16281 10394
2543 15914
6528 18119
1513 18887
5530 4531
19549 15730
3105 19120
11433 5622
11210 363
16146 22342
12620 23078
19656 11465
9330 7557
14962 18298
19617 22785
7122 10239
6211 5198
15231 7222
16882 6534
22717 4009
336 6074
1875 19773
13180 5011
22817 13002
13484 19725
19945 1288
10081 8123
10277 14305
20508 6339
19205 15390
22406 22744
5881 18658
10143 7447
5556 6208
5724 13690
23585 2978
11986 5508
17128 13437
14264 6875
13715 20638
17665 17219
19073 6904
18273 984
1621 19523
8310 14110
5501 20882
20747 7306
20162 11778
19657 6570
4767 16900
5842 23021
8618 20897
6540 9740
1151 12294
14643 8295
11026 15577
165 2440
4607 2796
6585 14876
5151 14161
5398 11458
23159 14961
11149 17178
3086 15742
18061 14889
10367 9646
14535 22287
2386 23084
21958 14428
3140 18627
10414 19462
14111 1052
4834 12213
14922 1998
4329 4155
12717 20139
6140 4454
5407 12890
12175 4515
12242 20244
12861 13440
10213 16546
23220 14852
10172 10967
7907 19856
19009 12494
23014 18711
11025 1051
8452 17548
19104 797
21917 4082
1294 2141
12869 13166
15541 22236
20492 23425
15430 11091
4131 20778
557 22323
9415 18612
8949 16230
17329 9329
13560 13793
1215 20631
15684 4638
20166 9256
7294 17792
20219 11490
4296 1516
11764 18214
19267 16705
9498 16489
15697 20311
17210 6249
21675 12943
1784 11103
8086 20805
11770 18179
14887 23379
3380 3180
16417 17270
8026 13851
12655 19829
11330 11589
7103 8137
2229 19719
2018 17570
22969 22300
7073 15415
7698 7869
9085 1160
23347 12498
2506 12747
13635 22510
18618 13395
6167 19459
8794 12709
11500 15384
9479 17138
2330 3650
17561 332
23366 4462
20873 15104
10168 22419
4971 12512
22048 11275
5292 10407
13198 18700
18923 12134
12833 15942
22542 14774
76 8674
11404 1145
11288 8686
6261 18238
1329 4655
334 5843
17337 10243
17093 2309
19350 12968
2438 3342
19743 13929
15500 1594
18499 7119
20357 15088
18269 18756
5689 3089
13205 997
18182 23644
3475 10574
10408 16090
4072 19153
10535 1230
2917 15004
12455 4076
23254 9780
23490 17754
6026 13406
22041 8816
5760 23480
18293 17491
10307 10760
22301 3893
12678 1385
9617 13188
20545 4305
10536 18153
14933 13192
4740 19254
15892 12543
217 1252
6485 14247
2351 16125
3768 5658
12576 2858
15819 14050
2397 17032
6254 9413
16714 16037
13138 23682
18636 7308
6103 8629
7845 7245
14800 18124
16855 22806
22611 22424
10551 15561
1376 4189
22550 5478
19217 16524
1123 20459
1057 1105
8465 6148
21011 4099
4210 21117
19529 20013
14585 13583
22967 18173
2306 21306
2818 5399
2652 12547
10915 1198
19889 20170
12735 21210
14910 4501
22026 2276
16271 4688
20355 2279
20304 11583
1150 14533
16054 8049
634 14136
12475 8153
16888 23424
16736 7408
2023 22540
12695 21518
16769 7141
10074 20761
2758 18145
22671 18551
10450 4550
23425 8527
6309 14869
4 16726
13839 9565
21812 14426
10817 3076
2482 3578
10230 11194
23089 4994
14484 22330
19456 7860
17299 21814
18564 7388
13110 19819
4549 13236
12216 19827
17477 23195
15756 6932
20146 10899
5994 22159
9703 4864
19563 4213
11902 11608
20979 13957
13062 18112
22120 10439
18161 5299
19472 11148
13901 9704
11272 11874
18918 14881
4550 13751
3699 5852
6744 2655
14677 19942
10731 7507
7714 5583
6133 5142
18503 23104
15698 12701
3012 928
10100 23696
10632 6939
3953 17213
1525 21459
12708 20175
7982 8572
4041 12569
7705 22291
18478 8
103 23270
13326 18551
6109 21757
3143 21960
18581 13057
22397 3846
19777 19183
12600 3159
5938 54
17929 18073
23380 19522
2242 23053
9495 18183
6994 5278
2424 6972
16427 4573
23297 15849
11393 19207
19218 20172
306 2909
19700 183
4515 21603
2861 22902
11867 8433
20973 4829
17758 14880
8558 20074
3596 2869
21892 4125
22358 17073
9332 10901
9289 23282
14673 17602
10889 12634
20529 859
12284 5601
2307 17753
2616 2462
21627 8759
15618 6077
21024 12634
4666 18425
17866 4420
7610 13994
10317 17606
13051 6310
8530 8491
1739 6781
6108 18265
12786 15037
11957 18166
10908 18271
3251 1991
6873 5766
22605 18067
22849 16979
13510 6961
9627 1992
436 19902
22084 14905
18300 12836
19137 9810
12281 2848
18385 7214
19060 12181
13790 5752
10087 11704
7999 2723
20973 19443
20380 2780
10098 5440
13498 11996
23037 11162
665 10804
12279 13957
4287 13086
1016 22125
11472 3440
23176 18378
11541 3923
18708 20164
3187 10073
7860 21152
5306 14899
8774 11281
9150 19651
4929 8922
4699 15342
17681 2529
14877 7616
1103 5818
3980 2948
18006 13454
15387 18683
22007 19792
22372 21962
21425 23568
3165 8715
10085 21710
10179 20287
11283 20587
15591 21518
3328 15855
1179 6185
148 20809
4036 18615
21913 13555
6554 19696
4203 11803
6796 18360
4470 17721
17830 496
19780 8589
7368 1147
14278 9718
13120 11523
15626 18905
13829 18062
14333 19654
17 14406
14379 22872
14185 21432
7316 12532
1074 21508
15669 15770
11164 12241
185 9455
692 12657
12563 10101
13248 17159
2595 16275
11322 11237
9840 21669
2886 800
17481 4353
5236 16102
9452 21824
9424 9303
2164 18362
7880 15958
5573 13285
1051 20104
7178 23651
22879 15586
19640 19577
979 1626
23542 18144
19642 11362
11101 16418
2557 9446
2092 8083
3267 1942
13935 11255
3864 186
18177 16556
12194 13701
4910 9837
9720 4819
20427 15428
2181 3706
3369 16927
22896 21900
8364 20028
22902 11848
22307 1702
5754 22658
2817 15731
2410 3998
3358 9008
23308 23211
6684 10068
2629 8604
12565 20999
14488 19370
23216 4246
5894 3954
3293 17218
22461 15297
12243 6835
21772 21069
12680 7593
20535 20401
8801 5782
16550 7600
11679 9050
5393 10919
21836 21947
22735 6860
23339 19684
15455 6333
1749 16454
20739 9230
269 22543
17951 13617
14381 18421
5501 6350
7644 23281
5693 13424
13614 3444
12343 12681
22312 16214
1658 22717
5200 15447
14901 20953
17434 15465
8018 9175
10752 7944
5872 23412
21004 18476
13128 1864
9477 1313
18714 8545
1851 6025
4432 619
3636 16302
9051 13356
11297 15596
13060 16113
20197 23367
5468 15007
7 20711
11670 19179
19584 4785
18219 5544
10925 7827
11436 23272
9596 13363
10808 10799
15605 22190
2656 11443
20206 405
14684 3410
8726 7134
829 22920
9057 9387
20098 725
23640 17462
5647 23397
8053 11846
5271 16310
1391 7436
6842 6007
3606 11277
4751 2119
12033 7567
17343 1751
17919 5402
23046 13418
21904 3144
2487 10248
23503 14335
21764 6106
22354 12981
13083 11573
8192 14094
1561 14067
1289 18766
9011 20806
3630 22244
15063 12953
17123 13247
5488 5285
5004 19684
776 13107
1812 98
20095 22585
9817 19062
15909 22993
179 1430
21100 7562
15518 3078
9430 972
10235 13707
16988 11168
3981 4099
10947 264
16013 3754
6753 22681
18956 20369
1072 13109
6155 18469
16779 10824
5457 1687
11770 2241
3988 18595
6396 19350
10995 2696
9865 7527
22959 15514
3560 12907
1534 11090
2269 9968
11601 6927
18812 22721
20247 17183
1824 5296
10781 16426
9732 2551
18792 6136
18967 3903
11455 116
17217 17352
4323 1662
9481 8908
14337 8018
19288 6659
19100 436
22746 8010
3733 9617
12339 2174
20744 14356
13367 5447
23161 1292
549 3279
17228 11799
4824 4220
14656 11284
21104 22854
22352 17268
13620 17527
15646 11223
1112 22893
19315 547
6539 17507
11513 10267
8781 15717
21169 6373
1975 696
6372 16389
20842 21227
7453 14153
2225 22953
1888 16069
725 11660
11590 21363
11750 8076
15595 13054
9135 8794
3037 13645
15621 5227
6355 22526
2256 5404
4868 3204
20058 711
11779 2420
8593 8378
16791 15788
8871 6380
11394 14833
3421 12296
7744 2694
16454 11715
5944 237
21930 3065
21161 1453
2339 7524
23194 16328
5187 1803
2413 14741
16109 3307
14072 1587
5606 23142
9333 3947
18914 1550
14012 5884
12300 12392
16014 14638
9298 3828
2029 161
18751 2501
6515 23092
12455 8583
9708 23708
17337 11294
672 13262
11073 17546
6495 15462
23060 1918
21132 18191
1011 8210
3634 7180
546 17557
13166 9277
14890 5831
14229 23382
5423 10343
13361 22410
1239 218
18646 12165
6042 4600
21139 10672
4832 8444
9115 5350
15044 10247
14993 18266
8205 15942
20858 7620
3313 3730
6740 22177
17133 10011
8497 2907
14244 9050
14530 14401
6402 9867
17877 22910
10926 4330
18883 23122
8429 17730
11887 18788
2651 16019
5920 17996
9764 21060
4982 18951
5803 3694
15818 5714
6625 6469
20514 10110
471 5412
9742 1633
13361 21828
13757 7098
12202 10640
13047 5993
13675 12838
7585 418
17875 21997
1745 17560
12384 23199
4250 8190
21680 2262
6270 1092
20033 19245
9716 4467
16726 19466
9580 15273
18716 10774
1234 13528
20583 16056
15075 16432
19709 8208
1804 23039
8402 23321
7009 4524
9330 3395
18895 3018
3889 23099
5823 14087
11262 78
3618 20673
7508 104
19483 23488
16246 17481
21918 4417
14003 13785
396 19964
8122 22629
59 5684
14939 13923
21779 15517
12124 12233
20516 736
19278 11647
7830 5326
4675 10844
554 1831
14868 13934
4404 3633
6889 22743
11635 3279
8888 22485
2028 11844
1400 5174
1433 18047
2638 14455
8370 12092
14886 20378
20784 17720
18063 7641
11591 6383
20286 6720
20279 23643
746 15196
5057 17409
13161 19296
5024 5866
18338 17174
22777 16544
11509 15235
13937 6442
18522 18704
1564 15214
21321 23043
18617 4575
4384 22526
12963 17259
21029 7648
15994 11147
14504 6616
4118 12950
8362 17928
14366 11884
18352 9069
2888 6227
15077 10949
15853 22929
17458 4056
7244 4058
20592 21116
22936 18932
12968 17594
19645 8284
21553 23120
4409 19482
4512 12828
11588 21083
13651 3639
1288 5642
2431 17226
1895 19778
23248 12569
10032 18959
481 4360
17920 10077
63 864
16223 4577
5379 20508
18808 13007
17254 21837
4622 10324
22767 23592
22367 11232
17453 9102
21161 9503
6706 13552
8424 21803
7653 20558
9903 12841
3616 7670
19805 13897
15828 12746
4376 10981
2164 16790
14792 5005
22963 570
766 21863
22664 16811
9925 18814
13861 1619
9408 13325
11397 4758
15613 22422
4094 19304
4975 18891
5333 23003
14433 7933
14536 12175
348 7687
5312 18286
14211 15091
12928 2528
18753 2200
22554 5430
15260 17574
8905 7757
7065 4062
7801 10655
22057 8256
2510 10886
7118 11660
12049 22722
17257 21862
20884 14777
17608 17192
19956 6796
7111 11048
14364 10236
14197 18093
7832 17772
10511 20727
9310 7019
13181 13330
13495 23702
16085 8993
12969 7514
23164 1729
23665 7782
4966 1503
21574 11510
16398 12346
3553 8906
19631 201
10024 17465
23076 14950
11603 15759
8713 17438
8885 20056
17815 1310
2605 22700
9857 13138
22181 12244
10126 16363
19394 4029
10513 14613
10078 20657
18516 7726
5314 16229
16601 4398
7957 18587
22848 11111
19706 10000
13709 4518
5369 1239
3027 20323
1442 12815
68 20156
23045 13855
15009 16581
15172 3874
10274 21734
185 13305
18440 7535
14582 1521
4343 21837
10215 3976
12629 7325
8938 783
12919 20400
7148 8611
11671 13196
20169 8024
21354 6924
15977 21108
10706 16699
23031 3985
2517 5953
23170 16458
4820 12224
5029 17908
606 2230
9009 19269
17089 887
14828 1346
14002 13260
5126 2600
5564 1600
5930 12055
4834 18498
7416 10920
3191 16631
666 12840
20224 3644
18565 6217
3474 15949
10245 15551
7568 23108
9423 10609
5294 20607
18366 1228
7617 6968
18932 4143
3976 8774
19985 3945
16250 210
2987 3413
8741 4015
22006 9455
3087 12777
14607 11776
16902 6268
3793 14842
3916 12746
11573 22990
19868 9960
451 13751
19542 1705
4297 671
3405 7512
4021 17393
5577 22058
6460 2124
8382 20491
18057 20983
21864 11852
6190 13809
3324 16433
1139 10392
1820 12542
7152 7391
7821 3926
16996 1740
4398 18992
17266 2689
6159 17544
1957 22407
20166 18291
11501 5686
10718 20289
7142 18680
18504 17501
19649 12221
8372 4037
17804 15735
1071 13345
7808 745
9630 8659
19987 13660
13977 17252
11315 20989
9669 5367
19227 2541
2920 23398
17586 5132
22919 20514
16980 14265
13413 12309
13 20103
9493 18969
3216 16815
6187 10731
8787 12934
6093 16052
20133 9680
727 6194
9259 9300
17703 16149
19086 11334
843 19361
19873 21030
6845 4918
4240 1318
1148 7180
23093 5989
7890 3716
15801 161
13060 18492
6609 21723
1314 3822
17576 2548
6533 20992
8618 20142
1014 19087
1690 19369
23408 17071
1911 13825
8147 7716
15433 9913
912 23530
5678 8645
22723 13659
473 19097
4233 18281
10672 2342
8525 8791
19664 1253
4156 16027
9007 14128
6772 5223
22015 12537
7986 7143
4079 10906
14556 17624
17988 18926
23626 7293
9396 20575
9510 17778
3549 11426
21642 8000
14789 10481
15260 13995
14755 3622
21595 14748
7482 14774
370 4297
7522 23051
20072 9282
2031 4133
20190 7492
19948 13086
1349 2297
15476 18170
1511 13020
13143 1789
8213 20510
697 1526
3140 3198
11650 15037
23521 9170
5173 8765
14411 268
13803 10864
8836 1545
1784 7491
6105 9484
1738 22765
12549 20440
19231 4365
15629 6601
11256 5159
1362 4551
12091 23310
43 18454
1356 16322
7055 23499
18837 8573
9131 5690
6605 2317
2237 4686
20706 20510
12851 9370
7313 1557
18971 1373
22356 3008
13245 7314
18633 21237
3145 11066
14507 10468
3031 18834
22937 11935
1080 11072
15669 9621
20195 3471
8116 19055
7383 3249
20360 11438
2947 20116
23394 16683
2567 10862
2712 5476
15588 1716
18884 15289
7609 22366
20475 2240
14763 17904
17486 21842
10351 11921
13691 17526
22955 6111
2890 10844
15936 6803
15293 7439
12973 12479
11825 19273
6734 16000
2207 16374
18960 20504
12619 8096
8650 4033
18230 16368
22439 18696
2754 8898
20320 17876
12122 4744
21733 2124
14924 9606
2023 12045
6766 1298
6698 723
22032 9842
8001 13043
2596 18291
11520 11623
8542 9764
442 8796
9370 2199
19138 13889
7973 1599
9651 11609
5399 5634
17320 5703
10606 2183
19938 15705
17031 5738
8931 277
492 23303
15073 10521
11474 9379
6930 22666
4693 4328
13240 20480
22114 5944
18490 13933
174 15514
10356 527
7672 12670
19539 6098
22682 6729
10891 5844
17540 422
8577 20224
1904 4049
10706 1100
23304 11769
8217 10290
17514 10093
8565 8648
15756 17356
16831 18169
8006 6137
2783 3035
7093 16173
23371 16226
22170 20331
6982 16021
4051 23054
6324 17489
14016 17974
17474 20307
13402 7443
6199 15365
21788 6577
8796 9535
17690 17070
10521 15465
5780 12658
16585 7798
20780 13980
9328 20466
7435 7232
12170 5712
19407 9431
1854 4056
9915 23033
4815 17213
2289 14665
6360 7355
21006 9863
18429 11359
9678 13225
3752 19568
13641 7098
6267 16540
13608 15319
22708 14893
12991 16682
3223 22367
10531 22150
2641 22808
3707 9461
23634 6626
18315 18807
11508 17117
872 14276
12258 9995
12948 8544
11726 3903
6963 1636
17356 13986
13223 11872
5782 18416
2211 12761
3098 17701
22057 12409
10363 3690
9583 11403
1866 715
16586 4208
12378 17852
13633 15059
22683 13495
11526 14054
11641 20251
8609 5889
21903 9542
11375 9952
10123 18000
15328 11543
16338 4443
15590 4553
17252 9361
22764 1758
2553 10201
19821 6521
2523 13115
16121 15357
19046 4077
229 5977
3708 18579
23238 11512
1015 15716
4058 15990
19077 17748
6035 9042
22289 8361
19341 12622
22994 23123
15497 1286
6595 10515
6009 6277
1897 5580
11445 19302
18516 12269
8655 15742
13909 975
6357 153
10524 9572
19636 1488
2436 16875
22699 10576
15954 16946
15874 89
17625 16391
23182 17457
4700 22495
17802 22820
333 9729
10688 6858
2339 23208
21512 9538
11383 12024
3898 17938
19721 19233
6842 13131
77 6525
21866 10373
20739 4555
6377 3463
4277 3825
11459 20702
7221 23456
20504 12376
12451 5524
13908 9807
12892 3413
12528 13321
23647 2273
5337 9556
9544 23377
8718 2587
14214 19432
17654 2742
14258 9791
3532 2798
12491 9124
1937 9673
18465 7107
16898 11529
7554 13522
15557 22092
10761 1126
13589 12134
2948 17702
422 3464
15007 18996
13814 19006
7538 4739
23663 20576
13240 4573
21308 1770
22028 2094
6092 13074
18250 20306
2825 11240
17670 352
5445 2425
807 18771
11709 9416
23324 11268
21997 15523
11589 21861
8381 18361
2988 10505
3181 20145
881 3738
19558 8592
2985 7038
1361 6102
15866 1448
2767 11777
6124 3307
5740 21040
17297 1365
5570 22527
7932 11956
19613 14306
18735 1131
13157 20095
1527 8691
6133 21507
19021 13297
14733 11424
5816 18410
21330 12615
9987 11889
12112 20347
7489 16338
14075 10676
19930 4730
19681 5091
14691 16262
15205 6760
16086 20643
296 22840
17511 15043
19972 22669
18505 15324
4360 8906
21519 2149
2123 15700
4485 18762
18317 19387
17316 2111
6373 13463
11997 11793
20907 18354
9553 8521
6814 22381
5040 1719
20635 18639
13198 23257
14185 5903
16570 22824
15482 12560
12798 6796
22672 18665
915 8791
17113 20722
8810 16818
8350 2202
22486 5065
9511 1368
4278 9796
14089 8900
21193 15219
15465 5803
7489 19548
12807 18324
6846 15673
17037 7717
2812 384
14104 22777
13094 13075
580 19393
18169 9721
21552 13219
54 3393
7726 16259
807 16333
133 300
6092 10540
12126 8555
381 12043
13034 12493
1999 10225
21406 404
13285 23192
12145 13248
2831 14675
15378 17233
15381 3032
15769 390
971 6207
12532 4086
970 13700
1735 23382
8265 8754
18718 5908
3150 16561
12164 13197
6061 22461
14293 3240
14386 1041
22428 16579
21749 12863
5565 6882
1854 6579
3828 1019
11851 8870
9191 19701
9435 23533
22124 2482
5767 222
1499 1786
4390 10244
8822 22752
4711 2324
6140 20117
21369 14688
2530 19377
11607 11992
11194 23539
18613 23579
22322 21580
6443 17425
22567 13787
1597 14917
3106 4703
8942 17346
16105 10497
12945 15728
8590 11350
608 17362
4496 22834
7390 21602
20178 2190
22974 10437
21911 3141
16477 12274
16578 13481
6311 14458
2270 1441
9665 3487
3738 21106
14497 6128
21360 5431
15247 11783
15548 14189
15525 9306
17819 6097
12304 6107
1670 13311
1188 5480
15467 3253
3251 22044
21354 8198
5264 7652
14201 13022
10017 7961
18080 1852
18390 3830
11315 13362
15512 13794
8365 21479
13129 14295
18076 23549
22288 17032
4351 4190
13278 22311
15304 18866
22317 3613
1998 21798
20911 3884
2379 7605
7988 10242
15058 2597
6790 4173
16648 11140
12111 10163
8177 22001
10355 15015
8936 20874
5471 19405
13074 15829
21111 15275
17254 1993
5781 2424
10298 7311
4033 1471
9533 4197
11570 12294
23307 20754
21320 5626
2158 18477
14943 16708
17035 13950
23511 8987
11271 16106
6539 7775
21807 17635
22414 11396
8941 6594
13872 5432
16122 11274
21843 1760
3056 22542
18413 4351
470 3107
16423 13539
5658 18494
19511 8990
20972 1185
18111 11668
22731 1712
11506 5071
3043 14053
3955 8998
12706 9777
4858 23158
6908 16370
7122 10833
18808 20242
18785 21522
2708 7442
11318 9562
13198 11287
12237 12592
2231 2036
12432 1101
10572 18133
23256 2158
21818 17232
15312 8427
18788 22502
15051 13524
2468 4535
4250 11745
22091 15278
5226 6375
11814 12946
4980 22528
13446 16158
14974 13535
1343 9929
3185 13740
905 23511
14519 17447
6997 3149
8762 112
4863 8985
11481 20372
8328 13531
22663 9181
12996 1836
1908 23381
9993 8126
14167 20732
11031 19692
14317 14331
12327 22922
14462 21517
4226 7583
17694 12643
13174 5637
15981 21377
4786 8969
546 10119
23486 13549
16938 6362
6101 8147
15554 14277
20106 19766
20506 6411
39 1399
1112 10473
1808 21554
13267 1686
5938 10226
12011 20520
8723 13254
10352 3028
2649 17796
14793 7513
22613 4791
2923 15487
9577 5484
14121 12205
21227 22506
21716 22025
9320 18197
326 12533
9970 2016
13352 22091
11325 5662
18443 13545
8980 19260
9172 18880
17424 12282
2064 22195
18139 879
18439 18039
6370 6095
1980 9613
44 18063
8897 11503
2053 10896
19648 790
21658 1183
14119 11225
1743 13108
16622 10733
15410 4149
9111 20447
14707 7230
22929 20846
21529 12977
9354 8253
4798 22548
18596 8863
15969 15503
21936 22725
2759 7943
19023 23298
10197 8720
2559 6839
21579 21558
8003 14270
16715 5242
6301 11531
11914 23460
22408 5582
9206 22397
2821 16956
19445 11038
858 20264
14798 19928
16853 4141
15750 5770
6035 2537
16642 17528
16148 14550
21456 19260
6175 8983
11608 13669
18748 17285
11766 20396
3437 7153
19548 21760
8404 3773
13012 11867
15921 17053
200 5262
3964 10738
17090 11079
15452 8542
15900 22904
12614 19310
12360 20040
6106 17070
19000 3646
21177 2154
457 23462
12466 21483
10827 14197
9529 6630
3841 15461
954 3253
11354 8806
20990 4717
22916 5748
60 2757
9493 21967
18971 22483
19447 13585
14431 8567
21159 21922
15990 13090
12373 4364
1233 23219
11502 15834
20709 20285
3187 17492
972 10505
9511 11143
4912 19888
22079 19014
1 8307
23708 11538
1931 20287
7090 2573
13842 8974
3208 20134
3245 13877
11139 3062
14389 16672
18563 4091
18535 13773
23622 9344
10607 12685
17165 3899
6741 22057
4243 8764
8622 20810
22635 12198
13604 15735
6648 4882
20878 13816
1901 14696
6395 16928
1770 1629
14225 1325
4832 18210
14259 11246
31 3867
15542 17657
16078 6074
21368 13561
16304 23227
4268 19248
23190 1162
19028 8281
188 18169
15689 4910
5991 2451
10345 23172
20298 10099
4340 4965
14193 23488
22522 8394
240 12801
5320 11310
3627 13985
9944 15456
4428 5810
10315 12456
3156 4512
5017 8891
4559 7748
10638 3732
2261 1877
4514 20386
12435 8038
22602 12562
23476 6242
16173 17364
4247 14037
21068 16406
6691 21647
7366 9382
12478 22112
2306 19011
12146 19996
7337 14386
13093 20227
22229 18166
5111 838
8781 12623
5842 16977
1032 5520
1973 23392
18127 15771
20285 20547
22952 11572
1911 18902
9631 23427
9152 23492
1020 5357
12605 12456
2074 17156
272 18963
18723 14502
11699 10734
11794 19951
6640 14014
2605 7653
15054 927
5706 12007
22928 22184
11972 4966
21736 16377
17765 11469
10452 22038
3602 22842
11100 1509
1002 20050
17663 11353
23507 21749
4010 17000
16052 4840
10158 16209
19422 15637
13853 7779
5501 15294
22720 3129
380 987
20185 13808
9047 4435
1961 11288
13626 13995
23078 14679
8586 13741
7543 20140
12157 7516
4298 2102
1690 2865
3978 18948
9117 2928
12386 3460
16569 20456
16487 20531
19306 23649
8213 22004
8087 18938
4264 6374
6276 1507
13171 5236
8255 18404
9682 16108
9709 20043
1613 22636
23472 19681
2513 18921
23093 10750
9717 20557
18281 10401
22914 22413
13020 10169
23439 15393
8467 21235
18748 23688
15100 10408
22275 3177
4312 14108
15219 9639
16808 1028
6448 12302
169 4098
19337 9070
23315 18179
13778 1967
15202 7034
16179 7474
19866 7532
15075 10015
3031 2949
16236 1246
13764 13889
12617 8059
6678 11471
987 9108
23278 3866
8178 3495
15251 6897
19977 15008
2636 177
8314 3829
22557 15993
12448 8343
19924 21431
19723 413
245 18064
9305 21939
21042 19316
3125 16899
1476 6435
19803 18543
19533 5117
2185 21336
23370 17377
17253 4689
16319 5311
7226 18489
6632 1484
11156 16782
16202 8830
10966 15975
15463 3036
18980 19361
5953 5540
1942 14700
1138 12002
10980 11612
15800 6602
19510 2823
11680 674
22289 13002
14076 1363
10238 5726
14842 9812
8722 15643
9309 18835
15636 23163
5135 22491
2340 12534
5954 13865
839 22164
11277 15060
4952 5574
4484 11987
15612 10665
19182 14275
21855 17220
21872 12470
5242 3969
16442 21805
701 10469
2067 564
6536 16303
19119 15249
4042 21222
4650 22325
15213 6156
12824 683
11182 21766
14513 8475
17678 5434
3530 20874
11268 14188
20089 8943
3425 18501
21326 11641
22603 15888
9670 20449
13096 6494
2225 8234
5295 5720
3281 16408
3827 18121
3777 2037
6114 3652
10839 1369
4304 13407
10413 499
13065 22685
355 8619
8574 13919
6036 5714
20794 13061
13917 9540
17003 2902
9902 5451
22438 218
15200 10147
10968 9557
18481 4053
3402 11085
6438 11165
21156 7308
10156 18498
8826 4597
10086 7866
1010 10705
1626 3334
14807 8197
2877 13362
1845 10846
23346 18445
3759 21639
21195 14431
6620 8150
18463 18715
6445 20257
5878 10851
17780 20798
5047 23677
12596 6861
4968 18579
4894 11950
4857 4126
9647 12837
1696 7512
20264 16509
16924 7422
10609 626
8774 17455
13548 21909
1006 11672
5088 7813
12422 17804
21657 12381
12495 21533
2199 10698
20802 14624
5352 18313
3801 22237
9287 20908
13151 5055
7749 2375
5449 14514
11104 17196
11 17206
14386 4002
20693 1747
19642 2462
20573 19406
12889 267
4084 1061
19817 408
1718 9716
2898 18435
10651 4370
3360 14209
19570 4464
13238 1123
5960 5031
19912 11927
16131 14932
16279 370
16725 11013
19859 14265
4702 13697
13932 1822
5965 20030
12987 12276
22001 16715
7656 17511
4106 3638
8974 14453
4954 13949
23110 4158
4667 18614
8458 1606
23156 19008
9085 18209
302 17162
1259 10984
5588 14572
5348 5151
6619 21992
19320 10436
17208 19958
19934 7703
14030 21006
17130 17786
8339 19323
11336 6599
18689 18692
7659 11834
23269 3588
15812 22975
19358 4933
8158 22269
2320 15985
19465 1490
3104 354
16729 2804
530 20761
8766 22375
12644 21842
8954 289
18846 6727
5309 20039
3563 22250
14538 4621
2671 13944
1000 3175
14395 13546
22698 10400
15673 13369
2905 18300
629 7504
7540 7092
6284 9528
17832 12734
12866 20390
3110 22724
13221 1953
19641 14719
1027 23485
13739 1665
8948 18450
6061 22908
22303 22491
17742 11393
20570 3860
8155 18775
4022 21647
505 5106
976 10100
15703 10935
10830 11236
20490 3727
4669 13146
807 8119
20086 16665
3854 19036
9540 1707
4267 2617
13425 10184
703 17464
19894 15986
19323 19767
19822 20789
6573 16477
5290 12073
18285 2878
18008 10099
18270 19310
18072 1136
15581 10138
8295 13229
3333 22898
7656 17352
22398 8684
18475 1281
7024 11334
20991 10039
4440 14145
10076 14663
3605 10769
15356 11641
8764 4265
8603 20512
14311 2838
15583 5384
11954 9337
15407 13778
19360 16042
2848 9687
7557 1673
19041 18032
15832 12274
8816 20685
23224 3912
19630 20819
18076 13049
6600 7210
15889 5665
9456 20592
3403 14794
21237 8605
20738 6042
22056 17238
22502 11875
13657 487
21577 15451
12055 5436
8620 6183
793 10424
10948 17297
1179 10238
17921 2461
18350 8225
18190 23500
13774 18514
22966 593
16491 670
14549 19561
8395 22536
5213 1611
10472 651
16124 9826
8390 9824
12512 112
23493 7697
4307 7319
11778 8178
9583 18978
19615 13314
5138 16274
3180 7828
21009 17496
23526 21379
20358 20909
19436 16439
20036 16939
5509 3193
14693 5431
13466 4902
10822 7840
10871 12152
20715 18782
8369 9116
9217 22886
15442 12553
19239 18938
13738 13090
22415 8121
3139 15748
12961 13437
21744 568
10711 19011
9583 23682
1116 11353
13813 18857
11625 1024
9877 17144
22416 21179
20523 11451
19921 23061
18430 9792
9210 12102
22473 7607
7608 6382
7823 20735
4511 12444
12445 19101
6279 3367
12873 4507
17201 9694
4625 16751
4501 20708
21509 18554
889 4346
597 9475
6239 10388
8066 9321
11071 12193
20257 11303
5120 15905
7199 5020
8703 752
22946 13311
9372 6756
19153 12931
7907 21553
18331 23544
8637 21113
20785 9730
22554 9487
12963 19280
12946 15614
19591 16179
17308 23272
22117 14435
3672 19698
10080 10825
9254 22737
14413 12822
6065 6059
18896 4659
11854 7290
22173 13292
18753 2946
22624 16337
10379 11077
14860 19038
10609 19731
4327 7647
4248 13612
21627 16677
14328 11392
11817 6905
19892 6198
1567 14017
15023 18861
22904 13394
11948 1745
23568 2715
17946 11768
16535 14367
3946 8653
18299 15769
19095 21641
5104 18523
2835 5936
11096 4481
4836 22491
20707 8358
14684 19299
4017 7356
11345 3665
10098 13718
3853 10686
22 21633
9470 19404
21708 17344
23541 9556
4116 23521
19199 7068
11102 12638
14972 11774
4396 10532
16307 2248
22538 5034
19601 22323
4310 19195
22875 13912
20569 22464
7398 9689
13326 21035
10909 7111
16764 10880
22159 3899
17890 17879
724 7488
14563 20713
20971 23608
2190 14253
13717 4357
10277 7047
11112 11667
22408 17712
18849 9929
17782 11727
17532 21408
13732 12541
17653 17968
18068 6545
18116 23290
12740 19834
14503 7568
15977 10910
21653 2213
15276 12426
22739 23709
7872 11464
1192 18624
19956 10848
5622 14534
20447 4698
10940 16595
909 10136
9964 5939
23052 15332
17793 4217
16196 19815
17945 16654
10286 21635
22617 5416
16382 2310
17603 8849
7473 11929
9316 15223
18682 22153
451 565
10903 21301
10278 15017
23582 704
7023 9087
22924 429
9571 7107
21917 16260
10074 8342
12305 2599
11832 20571
4042 3140
1333 8156
1021 19301
668 18748
8827 7189
11262 19130
22119 15281
8984 16914
2467 16890
8634 7175
5029 11028
11257 18544
15143 11769
23206 13751
17620 6978
5299 15820
18158 898
8035 6415
14885 16177
14675 5224
10478 19053
12342 15213
20627 21994
20301 1163
15743 3464
18396 16900
11576 5830
11790 11082
17068 20928
10295 5572
5675 17868
7440 3067
14713 9951
22559 9535
23351 15097
3408 16460
703 8287
16137 14932
23271 16987
6644 14345
12025 23366
2765 18201
17825 17048
12665 14532
10263 23134
2044 7099
8710 23443
4977 18111
20643 20332
11446 14274
232 797
528 3320
23128 16002
7115 14816
502 10402
1600 19061
16953 7373
1622 815
23288 19151
15253 13563
8444 4821
4790 21926
19142 3196
16587 15463
16311 5168
1528 18204
3154 13550
8631 1924
11867 22927
17460 21485
6244 5417
10476 9596
22604 18262
21175 21691
19684 20145
6063 22529
11726 3749
14303 20071
9306 13874
20855 11780
19674 13178
17993 1733
13182 17038
14871 7405
22926 20994
16643 7938
5652 18017
9106 21583
1397 11051
3906 14051
4652 2775
18480 9038
15503 23323
22882 10354
16903 16219
5087 7275
10793 23057
13366 4355
9392 13379
11791 19013
23645 387
12045 7845
4869 8230
869 23636
10870 23680
22949 20416
1645 14113
10750 18284
10562 7862
22276 20679
10035 10073
5707 18270
14281 14129
4507 15109
16132 14940
6460 2707
7018 13168
14865 1625
4659 8308
8056 2068
14542 2354
7976 8843
12384 2691
4722 7036
19155 10496
12513 4550
6170 4575
17888 20002
18159 1773
7739 21595
14090 7096
20116 16299
21534 12928
6118 15788
16696 23301
11543 14835
22722 2612
15535 10213
4960 1828
7730 9576
12966 7226
12781 12962
4947 20141
19051 17897
3190 6987
8045 18259
17419 21715
5165 2786
17650 6649
3887 12180
12994 947
16015 11185
14827 21585
9472 4529
19013 13535
16930 21624
17679 23534
9945 12353
16737 15311
13341 19746
22594 4165
9025 13251
4666 7818
15337 19484
16829 8071
9990 861
14264 4462
8017 2722
14443 16932
23493 22149
7954 21724
15516 10967
340 15296
3671 17253
16252 4571
10586 2324
9501 10510
20152 20349
2929 17105
3247 4095
23222 11830
11894 9274
6561 2898
1569 8806
10409 9870
19892 3197
6759 16801
4553 16791
20164 2283
13966 10561
1003 9233
6127 4127
12344 21775
3775 6229
19998 21807
17071 7960
17874 15310
21316 9218
10735 3080
13056 18015
17875 12451
8474 3214
15550 11299
15151 15429
19250 12714
2173 14141
17436 11166
14723 4692
4082 15902
19017 7754
20105 21525
15094 3706
18591 20015
6653 380
391 14981
19411 13786
16971 4884
3026 21880
10423 22979
11000 8835
20386 20559
17485 7012
17424 14726
19656 38
10694 16770
19196 5201
17376 22452
15795 2584
15898 4536
10764 9611
6029 16806
16242 22730
7031 4745
10771 18635
12500 11894
17518 3732
16237 12066
14463 21331
19989 1708
10493 14062
7128 17683
22879 1177
3963 21431
14134 7994
22148 9234
972 22321
18970 17339
11239 2008
15885 979
9174 8103
19964 5934
8928 5273
6484 18916
10546 7867
23356 10497
16085 19002
6323 11768
20486 16410
2766 16403
10207 10879
1253 21847
15078 6035
13549 16375
16063 22034
4498 15190
22868 5356
19555 10628
19527 1094
7219 15719
7102 10343
11179 20282
10372 13046
1732 19089
436 7312
686 23650
7321 2889
10145 21932
19780 22897
15988 9479
4779 4544
17104 21071
12024 7566
15507 15838
14193 21624
23143 22951
7375 14377
21617 1448
12469 20044
7151 5207
12984 11151
8831 5975
1361 20887
14224 17594
10364 19556
5104 11902
4992 5388
15216 1899
10499 5303
12180 18157
17887 10944
2126 18345
15384 12956
5264 12265
23506 7273
13589 19322
22053 22403
770 13720
8561 23258
6868 17592
16656 22090
4259 15644
407 21164
18051 6440
19090 3528
8543 3264
1051 10491
9943 22814
14547 8669
514 5943
3439 18368
15158 21857
10759 3783
8386 18263
15178 22659
6999 7905
9270 9204
9743 19294
23063 11516
441 23454
19557 2785
9959 6550
15831 2442
17824 21735
13598 1153
22712 14992
21780 15137
22260 7707
9258 4509
22870 16016
20582 17603
2129 17161
17974 17759
3426 19360
13473 21545
11519 9487
4203 22207
11098 21973
21630 15989
15098 4057
2043 21692
9772 11024
9176 4335
12245 16565
15525 22189
3162 21265
12044 8068
15873 5244
18873 7
7162 14175
5036 9288
5079 2564
10589 10271
21340 20678
15848 14161
13072 20321
22800 16402
12349 2471
7074 675
21630 4230
23344 7645
14896 17490
17215 18723
10815 13884
7235 9177
16674 8202
3739 15708
15863 13774
5852 10973
16557 8155
8322 11907
2662 18062
6156 16251
18542 9322
22620 12965
6593 6801
18172 288
17631 12350
17695 11224
16283 6013
5483 16936
5324 9098
10688 5446
14525 2020
10259 9025
15662 15951
5605 7262
6896 1242
5694 9557
23088 13418
17662 9825
17475 13098
4976 8694
15627 14212
19315 4337
4048 17288
1902 16227
3956 12173
15847 15868
15089 7638
19139 1178
10701 7646
18439 20035
16873 17409
15469 14930
18393 18647
7352 11981
7431 12007
12989 2754
20525 378
19472 17227
17646 13340
11151 11929
15978 14823
5056 3670
7378 17741
15765 3650
1584 19291
13416 1344
1947 16099
3758 2796
19245 5382
9286 6761
10319 10130
21044 17617
12321 4704
8541 10279
3423 12922
11684 14324
6712 9315
1448 13827
18993 2752
267 16761
14422 19441
17153 11762
7126 8292
5254 6373
19177 15099
19828 16129
22938 3478
23469 11639
1445 16479
14213 19338
22267 4429
17192 2986
2427 19340
2812 13590
19137 7666
17374 9198
18336 4950
23097 4855
9939 14483
10460 10903
10085 6489
8929 14700
23141 1830
15 20213
16064 12617
23024 5345
17562 797
14685 1287
14861 17688
8700 1215
8839 19467
6399 9456
16045 630
14969 2389
21148 21494
17078 20293
12962 11480
23390 23370
8702 8457
21920 4818
23378 19829
8136 21361
12504 16353
8802 13522
12735 8305
9797 11307
11409 19899
12597 13588
2128 9759
5879 9561
19320 22925
3284 20639
20439 14594
22397 15647
488 899
14302 23511
7643 8413
17685 14081
7856 8611
874 11114
591 6483
65 22462
19106 2390
15221 12536
11320 7746
8139 15573
20292 13295
6388 17648
3171 1327
7424 1955
4661 10439
7716 3111
15941 6919
18626 15875
16164 14495
9156 15582
15253 11095
13492 3471
10100 21677
20484 9168
4726 17277
12483 8906
502 8915
9596 21130
8518 4207
19102 6807
11871 2988
12597 8499
5072 5640
4253 842
4510 4365
16717 4791
10625 15519
18345 15789
16487 21890
6418 14717
21344 21398
6271 19350
14636 22620
14892 3161
14123 7525
6459 6952
18767 3159
11243 3286
21312 2837
7968 19610
13290 13445
3229 1296
1003 2582
17094 23569
12551 12841
20709 21434
4912 13569
9546 20734
3271 8379
12483 12993
9365 17000
18007 2558
2353 16221
22073 15401
23190 333
16800 2429
16115 18993
20208 6430
4990 11573
17560 22327
3740 7021
6857 11120
13622 9064
21064 17504
9317 1761
16628 10634
17115 12506
15782 11988
15302 12755
15523 4496
22424 1397
8734 3039
6616 773
15233 8465
7455 12637
6773 17101
18672 17445
14423 14766
4223 20444
15283 20038
10394 21739
16539 13045
10697 8255
19085 21550
22593 6655
6685 2061
9021 818
21862 1075
16819 18513
12577 16447
15829 10261
9622 14851
18102 13909
23636 765
13749 8801
19321 2968
21159 1502
9009 4233
23532 13597
3883 16262
3512 18000
21643 21246
8046 12739
4948 9149
15 9809
20973 2393
13146 5632
15423 13435
571 9593
10907 12428
178 6399
17399 13798
3700 7887
13279 4345
11453 20528
12631 23030
10433 19831
17989 19388
10177 21197
74 2032
20227 16676
1187 3241
17008 3616
14749 276
4468 5620
17300 18022
9389 19926
21143 17803
5100 14075
15523 356
2904 887
9109 4823
14022 19162
18629 22140
11630 5450
21175 848
13845 1436
18325 22278
21471 19385
7665 14245
13320 6701
23322 11730
16225 182
1221 12810
10448 2287
6583 4890
2025 1325
22751 16681
15557 2295
15105 18941
20967 14873
5078 7225
10731 1668
920 20100
2793 19737
22443 9829
19668 11966
4034 21977
7845 13488
23141 16407
20300 581
2093 3501
21230 11155
21661 20211
1469 6573
5349 1706
18251 12964
21048 20658
14697 15385
1327 11939
13475 4872
9503 1429
22191 19072
8417 23125
11257 21860
16759 9032
16372 14152
17819 12683
18004 11515
14177 16618
8250 18275
934 6998
23684 1493
661 3285
11971 13474
12977 11359
16978 3255
2697 22241
16238 18005
21950 7961
4509 20412
23433 7892
9697 10654
3644 14559
8713 4084
5432 22407
19851 16958
15076 1962
10165 16046
22918 23343
476 13915
8208 8212
3253 19356
10860 10206
10022 19682
5154 16771
9877 20932
5610 17409
2357 4741
6791 537
17676 3392
16272 16457
22729 9530
18314 8357
2764 22094
2046 908
6162 5433
7032 12819
9835 8890
7101 20579
21571 13173
9851 8594
12561 1776
2830 788
17800 10904
6630 22554
13560 1603
17452 7312
9718 1713
13733 11712
6616 11342
873 1368
10361 22163
16172 4761
5244 1779
5000 5658
21932 7542
20643 16462
13397 12636
6717 677
5817 12744
14934 18603
15214 20986
226 19929
13041 17023
15839 9564
18894 13188
4059 11691
19391 22013
19669 9084
21556 14622
19598 545
8917 14629
22196 15035
9252 15796
17076 2909
15703 21824
6331 13963
23242 941
19808 21646
6511 1627
20637 12551
13842 8174
12198 2543
18718 21805
2568 5770
20051 14624
7756 1515
493 19577
11842 4470
13727 15829
22501 2332
7714 5059
15752 22469
20035 21897
12774 19870
22399 2659
18620 7324
1005 18938
8466 12558
6949 22604
20925 5083
22140 9634
10165 1975
13245 14697
23243 15090
18323 21535
21200 5124
4999 6287
16298 15614
18942 10062
20728 6898
15962 1571
19104 11669
17411 9782
12513 20948
8472 18829
1996 960
4229 4470
5791 8161
8331 14029
13054 8352
23154 22238
4028 23685
75 1630
20254 18717
2157 2480
10260 22938
19954 15205
4546 7346
16725 10051
18181 11662
5378 5937
8625 16967
9597 10071
14632 16270
1601 4267
18013 21593
20682 10885
1409 10895
14363 2099
20180 18429
17481 6817
7584 8094
13467 11441
16881 3223
9253 13780
19557 22823
23660 6015
14819 19121
2609 18042
22083 12096
12497 3364
1276 4343
170 11053
8744 7212
10577 2743
6445 20218
71 19227
7576 8289
5458 21147
19840 7231
22942 607
5381 4887
3564 469
6553 11768
8605 9020
27 3441
20060 15682
6996 4593
3497 2565
12684 15800
16445 6822
8624 20769
9441 16713
7673 7192
19906 7138
13394 8760
1452 2418
1820 13514
15961 8570
12688 4299
15324 422
15021 10330
18828 5864
8782 3688
8738 3322
13143 14953
20177 9345
8185 18729
15059 15126
10011 1733
10546 23566
13948 21563
10649 18872
1102 17854
13716 10960
12082 21089
1026 6088
8782 9315
19854 23422
11882 1666
13986 8183
18012 11208
17620 17297
15659 3674
5424 1039
19026 6633
18965 3881
5112 9438
17387 15166
14511 23286
12476 5631
20040 22756
22995 6166
9982 21896
6821 182
22458 5354
4846 17231
2222 12266
9347 16446
22909 17330
10911 10953
3994 19459
7762 13287
14015 1619
1782 9687
4920 1965
2942 20894
12159 2996
14715 3580
8936 10992
3534 22725
8231 4367
5946 22178
9947 18635
17110 6771
12699 3726
10187 19524
2575 22698
4447 13603
16122 19261
19534 16373
19912 14313
23235 3750
10544 11524
13533 13856
16431 3268
17595 18139
19803 17385
6483 6260
20869 795
20997 20846
23253 18863
3236 19943
8773 6854
18345 18048
9669 3547
6043 6295
1970 3798
22217 6469
7538 22374
14033 15124
22821 17913
7174 8670
7596 6403
13566 13227
13201 5721
284 4074
23461 13934
4862 2407
3294 11534
20053 17902
5676 19405
9116 6989
6663 16074
22518 23633
5235 454
4350 22432
6816 8833
1196 5023
12828 3221
19291 868
11848 22498
10178 17885
13837 15836
6676 1861
2616 7739
13937 746
1603 7009
18122 23286
9766 14136
7212 15263
10389 6010
9528 1058
22943 17956
2419 22618
16910 21346
15498 12925
783 13519
14531 400
12996 17035
5229 6328
2191 12826
20879 12941
1475 17074
16326 250
5807 17227
10230 21000
20410 9434
13059 2186
1128 9155
13923 18436
4295 10382
16577 21245
19071 13428
20590 10273
12234 23339
17859 12442
11840 9227
1442 6424
12184 378
5813 3275
6209 14864
17908 5970
2254 8809
3517 11747
2523 4421
21114 15351
7784 22168
3435 4489
11466 11380
5263 14745
654 4915
686 7379
20184 6159
22996 10478
5720 19945
12859 20042
6000 23097
10661 8765
5489 19140
12322 9626
15760 9031
19493 21105
15538 17519
16594 1366
9847 23521
21744 11104
10576 2041
4083 8532
7496 10569
21208 23376
19315 16507
10924 21519
15139 400
14519 10045
11161 7851
19081 8178
10458 550
3236 23133
6116 16264
10766 2202
5026 1608
12901 2723
14555 9444
14192 16801
2913 7548
8775 12410
10334 5157
11174 543
3367 20146
9457 1291
23706 20357
15001 22298
22460 7128
22657 2165
8647 12654
5252 1098
19915 6070
2083 4110
7381 16011
13906 4346
19969 15398
16800 3020
13298 9313
17045 7527
4237 17593
16354 4652
1581 22640
10425 18317
8214 13291
6349 419
11319 1235
17390 16038
9525 9223
16774 18230
6157 584
7732 4251
23568 18373
21661 18788
1106 11769
20016 10135
2026 13422
1999 9191
6043 8021
18876 15336
20496 17429
13988 19689
9918 11281
11745 2624
93 10083
11591 20500
16445 1504
18955 13995
3661 8901
16455 22021
5995 22797
12897 23701
603 18716
13831 14205
4836 13749
20982 15977
23302 13400
14849 22157
18044 20509
10859 18978
17365 2825
8875 20610
18189 1709
1756 22596
1750 6480
14471 6737
19228 9517
16948 16398
14368 19464
4860 770
11162 14526
22624 14130
6344 15980
23038 812
16282 18753
19331 9353
16470 17233
674 16412
11063 6572
4047 10778
6385 10632
6713 9945
11306 10025
10686 17249
9744 12190
21756 4843
1524 3070
10030 23005
16027 20373
21919 19585
10643 6237
11460 18517
15495 14766
9012 2813
12585 13887
10350 11736
9095 16527
6595 16773
19 18010
23233 10566
6132 10086
21287 21123
23008 6558
10612 9601
23127 15120
17959 12766
19164 694
23653 8315
17132 20708
20165 19318
23487 12769
6221 10647
12113 6019
827 15176
15389 13234
10666 7238
19240 9611
10187 11372
2632 19824
15221 13317
23385 6367
2933 20253
4369 14659
22035 20546
21866 11758
20158 559
7325 12955
17224 21028
20069 5929
15579 20347
11133 5127
3703 7885
18741 23159
16980 8123
8556 23581
15508 21209
1724 14129
18557 3833
22912 8331
3834 2629
4821 12900
1459 6009
2188 18001
14922 6836
260 16329
15655 2840
2805 22687
2555 6722
4594 14380
474 1318
2526 20187
14482 8321
12066 22530
19011 16428
9420 10725
9131 21880
16798 20894
13918 2907
10226 11918
2509 13975
7615 15346
1393 5040
14069 15948
13176 15758
8493 5890
6295 3400
19476 16154
18953 4054
10896 1906
3062 9075
3865 17373
9506 3396
14947 2977
21879 6228
2840 23223
10036 18353
6926 13626
22081 1713
20988 19593
3075 18964
10237 15551
7558 10887
20277 971
2085 2564
20956 18655
734 7293
9691 20984
4650 13200
6480 11977
18357 7895
8866 18997
9999 20782
18991 14543
1882 3330
425 7874
12207 14473
19494 9055
4006 5077
15539 8643
5471 11612
12728 15248
12138 4142
12104 3515
3942 15583
7490 3099
21086 10456
952 12607
18374 12703
10839 16028
6677 23237
372 3642
7379 21918
5915 18424
15114 9350
10930 22587
4085 9140
17715 19620
1786 17152
20841 2969
22885 16018
21334 21589
8811 6369
12786 3228
22956 22774
20960 14295
8161 22578
3871 20831
19540 4378
10517 9871
7142 8842
8070 4390
12031 21689
8497 6218
22961 10771
21882 9848
14277 15758
21784 4220
19182 11233
11334 21375
8807 22678
11667 10343
7966 7957
9956 7040
12211 3496
342 16380
20058 12825
11061 13864
20237 5018
7771 601
22292 2319
11429 14825
21155 8191
12482 17339
2215 2234
2770 3355
12651 6016
18583 20443
15181 5606
22743 6081
7109 1354
12543 8784
5962 17448
9559 23353
2261 18935
19127 5978
605 11191
10051 14799
15572 22505
8730 4019
15111 13496
11552 11064
17831 538
19023 10712
8735 1763
20941 18557
15525 21374
16036 14493
21571 283
22217 12307
3721 19887
5133 9367
14670 232
9856 3841
13511 17812
10732 13971
4264 2019
2844 11194
14841 15957
7512 3576
21475 9389
7666 6333
18699 21735
21151 11826
742 17032
5375 12283
20536 13209
12618 4591
15643 17676
2705 15132
17230 13630
23410 6531
21585 19384
11539 966
20820 22016
14545 21206
13117 15650
7875 8862
6128 4131
2501 1127
12986 4463
6295 18542
3411 3552
8302 2621
4391 1382
10294 22265
13995 6056
14779 16424
262 8734
16383 13484
7300 11877
14484 4944
4101 22484
11285 20749
1237 21610
4046 6313
9861 11748
1522 5199
17671 3859
5783 18695
14191 21883
8706 16181
197 11814
12719 21377
11490 1678
20841 13892
7398 18453
14762 7449
2388 4274
22486 9270
13860 12053
19094 15454
13736 21041
14473 17961
13942 2259
20308 15820
8348 14089
13216 6917
23481 13606
13335 14691
1821 8606
17073 3975
7849 2963
6803 4755
4689 12372
21139 10826
19293 2368
11233 19068
18003 13011
13620 18163
6798 13727
1689 23083
23532 5472
21462 5933
3254 2686
21084 9269
8124 3032
14561 9251
11670 7320
3163 18835
3188 22626
9208 19300
23086 16838
17180 18442
20933 884
9279 14252
1715 14300
7217 16087
7165 17068
2843 14230
4620 4606
23216 18638
18854 6235
21393 2868
17583 18505
21658 2028
11512 19732
4355 20534
23591 5617
22261 3482
12103 22351
13696 22939
14220 4796
15413 11076
7123 23599
19898 17296
13339 18749
11132 10286
7234 15090
1962 16234
323 19602
13841 1407
23152 14977
2546 20128
14744 6604
5715 9400
20213 17079
14631 8165
15555 4473
2938 23255
8354 1739
16922 6754
7577 4558
10443 7747
5198 15719
21359 8497
17676 22319
18299 6682
3269 7648
325 3587
2243 13352
12672 12900
4087 11191
8098 10665
22780 22080
3493 12180
529 21405
20364 6687
19736 17912
9318 9683
16473 2774
7570 6492
21933 5784
23595 12628
8708 1055
4446 12794
1844 18198
12774 12949
1543 17495
21691 9041
17462 9273
268 13141
22390 16639
21029 4037
14986 3939
18533 5861
10129 19700
6984 10767
7033 8909
19416 22757
6254 1288
14140 4996
22069 8860
19416 13869
16326 5061
12030 22971
18605 20914
15170 2940
14480 13065
3019 12100
2754 23384
3359 4241
19226 8811
9530 2284
3462 23198
17449 4233
6892 11864
3559 4789
3206 22009
14252 22597
12599 22670
13061 18041
4781 3747
1652 2493
21289 21750
5147 12481
11685 16909
15825 12083
4482 15003
10208 5534
12768 181
19710 8447
17085 20636
19070 22832
8620 1916
12547 17354
18667 3582
16357 11197
11764 8974
8217 7510
16026 8367
20649 17821
16285 6841
4219 407
6783 3385
18174 10703
1514 23606
1170 12573
6996 6646
12550 996
21982 810
20612 15766
2982 5221
22754 19857
14646 13352
12567 23133
5559 22326
10894 22814
11053 16805
16342 18258
21347 10503
20687 16815
17613 9491
22826 3657
21258 18589
18282 22684
20078 23545
11320 16583
9103 21893
9281 8496
9301 17360
21828 14438
11070 15121
1455 6963
7991 13348
4772 1450
5661 5901
16573 16430
2850 22378
8646 95
18890 3879
4055 7199
72 5028
23415 11403
14476 21291
12328 12236
7127 18547
16835 8536
3330 773
19103 20389
22181 11558
11875 16843
9482 12732
7289 1144
9517 15659
15399 15582
18587 11308
22850 14918
17554 20616
19200 23329
13084 18050
175 9620
10762 6743
18446 20807
10271 11280
7560 18101
14946 11265
18631 16716
16584 11252
8240 3535
21510 21869
12763 14675
9831 4837
406 5284
8761 14156
5811 4314
3540 14367
18267 7874
5427 18333
17507 13894
1711 4306
17557 10962
21677 15617
16668 8090
21374 9591
13538 11665
7434 3712
3277 11586
22317 21251
109 16825
1150 522
15790 15864
19237 8840
19615 12384
6543 16243
8568 2118
3614 20185
21414 23264
1937 3204
4928 23097
16523 9861
8771 21983
20602 19770
5699 535
8606 17272
3272 5409
13650 19900
23277 7902
8901 7473
14163 742
23167 17791
14467 1876
22314 7095
3567 5
5372 8743
15573 16262
22466 17076
19875 10742
21345 3235
8370 321
6725 6112
19140 3952
7334 16468
7420 3322
4098 14620
21547 13383
23040 1752
6638 21875
22769 2268
15465 10295
11419 15446
2974 16064
7458 4737
816 13921
5714 8044
1843 19094
17168 11815
3274 16698
3482 15999
3477 21250
1908 15851
7614 6439
854 3607
12826 7878
16511 7964
20609 22467
4825 9197
19776 2786
20719 1693
7800 5688
11578 19433
7485 22860
2855 16072
14114 7580
9973 6279
11234 14095
9215 14648
10571 1195
15601 3825
6842 10136
5633 4036
7231 6930
16917 10505
2359 6278
14902 23048
20884 358
4830 11165
5922 8066
8385 901
16645 4442
3328 13434
908 6419
21208 4038
15447 6841
5383 10887
438 15887
10761 10029
18828 9424
17182 10136
23590 12241
17822 22103
19337 17330
14396 3014
22943 19118
13385 404
17405 1652
13798 20558
13945 10855
15424 14874
23 944
9018 7602
2840 14232
21893 13709
17739 9452
11305 10478
18221 10958
2552 3227
23592 1796
20109 19449
12482 3046
5204 20609
20541 18717
12820 14310
22026 1515
13032 3494
21986 10829
18976 14889
12216 7908
18749 10911
21967 16180
13392 18692
10495 8752
5751 5933
2764 20548
4783 12197
10503 4095
15323 21334
16195 10482
7288 7157
8329 14088
22296 21960
6289 23501
309 12150
4917 18874
8946 2967
3318 16401
974 10800
6218 14428
22887 7330
5909 11029
2813 18308
10291 1111
20574 23071
10537 17714
15559 11976
3643 17597
11337 12849
23328 18411
12627 18667
7988 13012
9160 205
22108 12958
16505 11933
7488 13042
17520 732
3997 1699
507 23342
18129 1687
6639 21644
12040 16749
17599 20220
19774 17167
19320 12894
19222 15421
695 23354
5654 4152
15135 11744
16849 20278
14002 17381
4496 21647
4532 23242
1135 21476
989 15309
22367 11892
4619 11529
2891 18198
6846 16849
23457 20221
3861 1389
23302 464
10335 6410
11128 22163
4605 6709
18512 12881
6515 16112
21797 21095
22286 18693
7049 8308
15019 13219
2950 19001
21837 9518
20064 8553
14744 16588
10209 22950
14451 15252
23529 4005
20693 17320
5107 3289
19221 16207
327 22418
3325 20189
6025 12605
15943 3586
3313 1609
22700 5334
1538 3837
14755 16268
8418 23580
10595 15431
9405 948
13300 19396
20179 5011
21976 159
2650 5979
2670 12208
5181 3835
4348 478
19319 7979
11708 13346
2098 1301
3113 5858
8420 5931
21162 8799
23643 20965
9643 1271
12409 6863
6086 12518
23321 18686
3489 22329
17969 8916
13927 23389
16486 9216
7466 5572
20382 3303
13134 20592
4284 5370
8395 21332
10914 8280
6457 7139
20238 20780
15652 17832
541 22541
3303 12988
3352 14099
3828 21565
8606 3184
20305 1924
10048 22876
23505 19651
20526 13073
12884 12303
20236 15484
9627 21794
12124 834
9086 16923
13172 1174
6997 16716
3862 3668
23600 12770
912 11628
22104 17688
12590 21066
3432 15799
1250 4964
6142 1870
3908 19398
5094 17655
20454 8476
6910 3787
3692 20044
12968 22385
3979 13491
5311 10251
2827 21232
13718 19170
3318 9005
6639 22792
23068 15330
5282 21489
211 7196
10862 22095
22126 20951
22306 21664
23203 20964
15884 1427
11671 11198
15018 18146
18731 16931
7477 4812
8872 10554
10211 3638
14577 21958
1024 13045
9706 11261
7299 13266
18146 10843
4565 8164
2355 15230
10422 3454
17836 17736
7334 23390
12354 2370
8206 9870
4940 17264
22875 22553
3174 16472
20402 5415
23253 18752
3619 11560
9942 3336
17862 13789
15312 7027
23097 19421
21951 6800
7315 20432
13466 2676
10594 10305
9535 15004
10200 13621
13951 2005
10530 8318
16763 20349
435 13115
2352 8530
1833 2936
9328 6930
2307 8446
12132 21898
7888 22637
3980 16663
1338 16543
23383 21348
9675 13609
22359 5097
1131 5139
14120 19794
21393 4456
17679 18059
3707 4783
375 22143
18294 9425
15058 13213
1595 18769
13306 20932
12341 23496
10135 3939
9797 19795
5074 384
22053 22190
15478 1935
15149 20751
6082 6987
6299 1008
11716 17949
18562 20258
10114 18856
12034 19277
10699 8909
18238 19703
20453 6240
23098 1744
5873 22013
17934 13205
15895 21033
15871 23222
17636 21212
16545 1492
907 18981
15237 12833
11538 21145
19319 5456
12433 8443
5070 391
16544 18583
18132 15578
4602 10054
15955 21199
7820 13114
13904 14622
6396 19001
8087 10068
14229 22175
7375 13421
3771 2845
7160 18999
6710 19702
18016 3235
20501 23442
3486 15398
17987 18246
12804 21328
23458 20761
7591 6693
14593 6775
2811 6576
2640 14769
13126 14117
10194 8430
8562 5141
9028 21278
6661 6698
7412 6723
16664 2874
17020 4460
753 894
21405 3909
3782 8188
8596 23236
19900 19106
21249 1468
23053 19155
10165 15134
20082 1675
12053 10637
12887 19930
6637 20668
7423 17898
7394 7509
566 16514
6936 10206
8397 7351
2889 1945
18002 1169
15300 15360
21979 15972
3970 3659
19405 12489
5832 3317
14371 20731
19839 17357
7804 18442
124 12502
220 11120
12379 16577
15210 1725
21632 16158
19247 16276
23418 1465
23328 19932
8997 17570
17468 16348
1026 15685
5428 17604
14663 13043
9136 4827
17835 11015
10925 8996
22891 10910
11947 17585
8399 6230
21902 11356
12028 15377
3628 2612
7639 11556
8363 9881
10722 14895
17367 12554
21726 17116
10992 20956
13860 13811
7518 14723
2526 62
11150 10036
3637 6481
18820 20316
18114 17958
20540 12086
2275 19820
17845 13573
13928 1627
22573 19198
13211 2333
22474 8177
20041 20762
8877 4053
10375 7940
13501 16799
21991 20702
8515 7176
15144 18484
6421 13506
16440 14836
19312 470
13763 11533
4225 15746
4173 16856
17687 9646
18640 21526
7351 813
2354 3575
22139 1325
22922 7001
12885 23360
3023 15829
1750 23614
9352 18490
22642 6812
6077 22574
8868 17430
12668 14473
1386 15677
625 4260
13975 19353
7340 19523
14043 12727
12659 11486
7894 22454
21902 18165
3548 8203
21258 804
15240 12367
19547 14105
11396 14181
210 17753
1146 6157
19692 18979
16623 17177
3992 18293
4378 4311
8470 16399
18850 479
11441 10845
5811 256
9077 7788
20278 800
5541 21233
21361 18094
7050 693
18598 17596
11551 14552
18460 11068
5190 5663
8789 9398
530 4940
5753 20530
19141 13513
17543 293
21181 4509
7847 21343
8576 2983
21729 12431
17798 7838
2218 16055
14327 6714
17049 20451
19675 13268
22628 13294
16015 11355
17898 16236
19962 6029
19708 22579
21089 21596
5942 16589
16048 12475
20539 16146
11509 10201
13547 7734
12467 14521
6542 19949
5816 17415
2926 11209
6277 11590
18671 21068
5635 6776
21016 5847
15457 14849
20612 4106
5045 10877
9236 9932
12875 69
7483 61
12790 10955
10330 13000
12710 1144
3857 1916
1096 9811
21921 16223
10978 2476
5205 8408
15613 9664
13401 22794
5603 2336
2 10488
2521 10921
12672 15049
20757 16493
2110 20847
6594 6692
14853 354
9466 14282
3108 22165
9194 11557
480 3099
14077 16820
22991 23241
839 18832
7893 11800
13916 13693
20314 11701
17952 11431
20681 7589
16352 6585
1900 9576
20599 5076
6894 20914
20481 10832
8909 12665
12472 11821
15904 4799
16892 16646
3424 20903
918 12177
5224 13995
23345 17241
9692 6915
13843 13504
1346 9798
14590 17617
13971 19650
15103 13832
7298 13227
14352 12227
4562 5707
17425 16921
7564 11078
240 12721
11239 7683
7647 520
20960 9061
17975 7264
7816 861
1668 4874
6647 7255
13387 20400
12904 4664
16285 13177
3194 20361
10926 18898
3931 7191
7122 5099
21733 9395
13684 21885
18906 5429
109 33
20240 6202
113 4511
10493 681
10730 21728
21500 6909
22873 16391
2230 11994
11837 15896
5364 12426
14556 16966
6873 4229
7058 22650
23512 1880
19768 17075
12594 18142
15737 17948
17405 4934
15630 198
19895 7293
11903 21787
20165 12503
9712 6806
4452 19148
17149 2164
9286 2112
10862 20041
17353 20796
8552 21284
14169 9104
13318 12441
18923 17921
15020 12724
1352 15330
23636 8105
23536 5599
21341 14797
15032 6591
17215 22496
8823 21965
4480 13277
12833 20910
19255 23295
17805 7835
13700 11075
20648 3810
13526 19415
802 3821
9053 12899
14544 16730
5158 8474
1656 7204
17299 16678
5805 4821
1124 7294
12326 14822
17607 3082
22015 4446
13113 14263
226 18471
8687 22171
20896 21447
13877 18712
5548 19572
15221 5258
8831 136
9497 16512
10757 18120
5912 334
11037 4972
15231 16497
20328 3993
20309 7730
21851 21746
16847 2363
6723 14574
15890 20762
23174 2882
10507 1086
15502 7045
23224 6147
16185 626
1104 11396
5839 12458
6171 541
2500 11312
4353 22132
6865 13431
17184 4040
19676 14699
8939 6602
13753 21790
21092 9662
10374 782
20850 1258
4605 12209
7610 16071
8658 10798
11674 2382
17925 16904
6630 22782
3082 19371
16314 16772
20981 15178
17395 11054
6894 2289
3094 3296
8817 14888
22518 7983
10885 9784
17867 524
19855 15423
5871 2058
13920 14153
15037 17663
18189 14646
8464 1426
11825 4210
245 19357
13744 9944
1565 4269
20401 14563
9551 15589
8710 23466
15465 21213
17725 10835
8586 23673
17533 14705
1572 14626
18504 23407
18343 7659
12768 22840
7471 3868
8537 19898
16302 10372
22679 18925
22247 15671
7082 2509
4769 11796
12730 1152
5247 5623
2089 12613
7597 8283
10064 7968
17259 18230
6665 23551
1672 20688
4627 13164
1810 23028
4258 14542
3338 15854
6411 6055
14018 22822
16940 18637
12034 15229
7456 13048
18272 883
10359 14143
3166 4126
19697 21254
9317 13704
14996 17457
16119 12896
2232 20099
8342 3049
14757 20745
20011 486
1177 441
17443 22637
3700 19049
16623 21459
22206 4463
14462 21845
10348 3601
18376 13321
1136 1470
23354 15217
2276 16246
16932 12845
1075 13761
18887 8378
8843 4333
12035 14233
6205 1922
9787 7847
11834 19910
17331 6477
22422 13378
4292 10313
14682 2903
21322 5928
7290 13349
8091 17616
17084 9231
7295 7068
13190 16385
18343 18991
7507 6844
710 21137
16451 17826
13506 12752
2819 12696
5799 7216
5224 21388
18867 20580
19152 5144
14081 22618
9774 15712
2318 20343
23420 14144
9083 365
23699 19566
19972 4451
10341 23547
18891 18912
4853 3805
7721 20175
2533 11838
6992 18348
6259 5873
17853 20391
9128 9498
10268 11052
10380 9371
6556 9576
1755 15502
15691 13472
7919 11655
6948 8957
7640 16827
19156 16606
19898 4624
11706 4534
4483 2024
5313 22644
1037 18550
9872 15658
21263 10787
549 3660
6033 3076
15939 13088
13384 13970
6289 4304
23564 20033
21587 21497
11410 1350
17475 7693
9741 5153
1518 23377
8300 2079
22966 10726
6750 3628
659 14787
22575 6820
12351 166
22012 9932
16993 10642
5646 16662
12985 23617
8660 17550
14262 10566
7712 15075
18660 15577
11162 13072
1242 13406
6258 483
4381 17916
8584 9159
18566 262
1097 15691
18076 4780
12857 6888
6176 859
18308 4665
15564 777
2323 594
7495 18839
23318 6112
22907 21946
3486 9454
15913 17044
8733 6478
4987 2399
12289 9908
9094 7761
22402 20399
11688 11344
15711 20136
18990 3481
15299 15712
19733 4408
16837 13150
17037 8321
13479 13100
22535 12
20666 10118
10167 1286
11583 22135
7201 19201
8085 21143
6057 9304
10439 15191
1929 20431
18047 14596
10611 12395
12599 579
22176 18578
18279 22218
19726 14962
12570 1248
443 19973
11310 21277
2248 10666
9643 5843
9258 1839
12605 5970
10631 3678
3025 20606
10967 6409
12265 3893
23709 472
5754 15901
20532 5805
7787 9161
20388 22912
14249 1414
6458 14147
16244 11592
20783 8776
17560 3920
22193 21225
2900 8883
18233 8216
23402 8581
5529 1805
5625 2609
22440 1326
10314 23356
10618 9884
11057 16382
17281 23023
10154 10134
7116 9144
20240 16589
6782 6029
12017 9621
9984 14421
629 1659
21912 5074
18987 16504
23217 11126
1367 17243
6715 17794
13040 3305
18408 14772
8412 5387
8532 12499
134 4413
2361 17520
2316 5954
13541 15369
7039 14624
16427 9974
13304 14458
11707 13776
971 23133
13288 16053
11810 19994
15475 8840
17738 22231
7496 13650
6755 10347
18652 20135
12905 10524
20648 16039
1856 7708
18475 16498
4545 19294
22046 17899
12473 36
698 8474
9347 3377
23167 17112
11687 15307
7143 517
6654 6603
10677 18438
20634 10315
10529 1769
2291 23429
15148 19547
10872 7442
5811 19219
8298 9323
3228 18522
8249 20934
6149 7000
5432 16725
8464 16475
7240 1716
5458 2675
6332 20543
755 21333
21535 16777
9302 16999
2455 4997
19081 14217
7382 6921
17748 19784
3538 3830
11276 16694
5001 840
8918 17248
4849 19504
18730 24
19628 13858
1352 20724
6081 19625
19551 17773
11699 18602
9082 22959
19909 7137
15395 3537
9325 9897
18543 23437
17456 5658
16487 16981
7928 4607
10020 22213
1119 4790
9458 2194
15222 14508
22356 17893
17547 18778
16363 20664
6232 8386
19344 18150
14344 5856
16183 12368
21083 17454
19239 6862
10759 21779
18717 4861
8664 22351
6186 2107
5441 20581
22138 20894
22143 15471
7937 23001
17508 329
11713 12375
22929 16878
16650 601
1332 11911
10506 21954
2817 2398
20985 14625
17921 22955
5542 8715
16863 4744
8473 7896
14207 11756
18419 5897
12209 6139
3631 11220
22704 18455
18072 13357
5351 238
1033 15763
1726 2491
10019 2585
17169 1722
20648 4994
282 22274
2270 1576
10440 16099
10954 11848
18940 20300
6557 21241
15772 7892
126 8999
15467 7601
21021 7889
12726 22619
20377 13920
7789 16463
18035 938
2833 1902
8483 9284
21707 18955
16815 9588
8882 7732
7904 11370
8880 17392
585 8887
21101 17819
9974 16951
4742 4946
12759 20128
18798 11778
14041 13271
4697 10406
2336 14024
1081 3677
14631 6304
204 2439
6144 2396
1128 7191
11804 20785
14657 16421
18969 13642
22051 727
3336 15838
17036 2658
7816 21214
1169 15791
12037 4223
2543 18290
13543 16008
21637 22402
1775 10360
1180 15984
9650 14478
8483 15045
16552 11928
634 6880
8603 20383
11564 5465
18499 17324
13822 8979
7218 3034
16780 3892
19396 15312
5635 23567
10707 4550
19270 16256
18810 9657
10663 6864
1631 17503
11195 15934
20057 8440
18180 21773
9980 738
22211 5383
16536 744
1961 20788
989 18313
18577 2168
14560 8682
19168 5062
3083 6770
1307 23226
17077 18957
20155 4560
22318 13998
9567 10789
1196 10412
9008 23454
16187 19860
16070 12506
20272 19504
9116 22235
13040 3507
16618 17843
6242 7402
11486 17795
21653 8087
1187 1473
12085 15001
4192 19686
16636 19414
21850 15944
2993 7710
2583 10076
12330 21240
16115 1528
6780 21060
14268 19380
18314 3903
2755 1951
2593 2061
18470 20869
10322 13525
4182 22084
7451 16173
13031 6922
18262 17452
13927 23004
1035 5418
14435 10523
21803 19066
17962 16808
19341 21700
8356 12332
18168 15127
4205 18685
17958 15620
18123 3208
18243 7163
13825 18828
10096 18613
5954 15995
10368 15762
6913 4291
20212 19886
19187 17915
8848 11589
20480 6243
14044 11866
11531 8951
4052 19049
9505 19300
21314 7381
23179 17816
4134 20822
16873 20176
14590 6014
23442 14597
22499 15336
21564 8535
9686 9580
1310 4415
22055 19290
13516 12525
6731 14096
4770 3305
7138 18231
21230 15715
4216 22118
4853 598
19609 9346
3257 12798
18961 10988
2702 5118
8386 19923
16380 6009
6173 23141
22042 7502
3278 20615
14155 11183
5984 135
8772 17558
9031 5322
4786 17008
11463 3329
13676 10292
11370 1157
20406 16019
6671 18229
14070 12233
22352 18287
21475 6422
20818 18982
4169 10182
23417 3296
4183 189
12226 14602
19093 2774
9857 10100
6638 11401
19418 15976
22816 7989
12332 1102
15156 13411
19191 1280
4770 22304
6761 4217
14759 7242
16921 5203
22595 1176
2393 15607
2555 20302
10079 23162
946 8541
11094 2915
1099 17779
13990 22448
3740 19759
10243 8346
14792 22547
20182 22295
14693 4389
21829 23244
18768 5414
18009 16533
4741 9264
15638 16576
7317 20758
23372 18009
11555 14347
4961 23095
138 17961
14028 21317
929 15477
2295 21533
22224 13799
12872 7748
11359 4509
12591 22787
6479 13728
9537 21420
11309 16944
5569 17181
7607 9925
3128 7750
15954 3018
3189 10155
17586 633
20534 13155
4526 20384
1566 8075
17048 20488
17822 699
5154 18301
8160 7268
9040 22884
7322 21071
3619 19729
17569 18175
18508 4286
16769 8058
7297 3028
15290 22750
1371 16852
3195 4972
16392 7194
6488 18431
8154 19658
11593 1331
12321 21163
13291 13148
16475 19484
1831 10526
12782 12191
10082 10793
12276 3676
22911 20322
19812 5578
20378 8189
22863 20782
13888 3823
7719 10747
14949 12648
16518 4620
6069 4060
18434 9886
3559 18206
22276 8379
14170 21003
20088 9812
23034 7972
20177 12940
16073 10820
21173 9697
7804 7906
9558 16358
13216 10124
11505 13628
5188 7640
21056 3105
1422 21187
7530 5467
8374 17121
5867 7917
8052 8744
14087 15699
17339 16419
22313 2532
22067 9780
20022 12762
12954 6435
10443 17083
1855 19547
2719 8847
7549 15238
13414 32
1396 316
17833 23105
16669 20079
18832 1225
5146 10303
15781 4045
19781 19554
15343 10152
22786 2788
7996 640
7672 2264
2120 19723
16649 4504
16644 5480
15230 21942
2686 16849
23165 9362
3653 21440
8640 2090
22695 6172
5987 11666
20998 7177
22391 10145
22790 1749
12053 15811
19338 12517
20427 21711
18973 5739
9130 20165
19977 9143
9249 2696
12142 12799
20670 17006
13493 12003
4957 1627
10645 22003
5979 1863
17025 4596
9068 12203
13625 2429
2121 21698
8663 5803
20640 3446
3395 15536
1077 11796
22097 12774
10177 126
3753 4636
1524 8465
5031 742
23183 21401
5921 6656
7958 17090
21506 9971
12635 8994
10461 10685
16858 4705
10176 8174
3935 3498
14567 1064
20706 13036
7477 20141
23357 11818
12945 3057
22513 22227
3054 14336
10188 19606
17516 3909
1988 679
4426 20426
22012 11258
18485 17524
8658 17020
19174 16436
9230 19191
11229 17846
11843 18535
16280 23611
11234 18740
16866 7326
19433 12255
8428 18418
7986 21476
12530 19431
14481 11604
1624 3479
2548 9572
7936 2005
10872 14382
13225 6231
5723 20084
6604 21881
13517 428
7472 10132
3326 3065
21261 23507
22577 4845
21324 4876
7895 778
18507 20217
21743 13515
11084 20031
9182 4964
19766 15326
18897 1648
5735 11638
1813 11954
16003 13794
15239 3380
9415 15591
22331 9248
12265 9550
10220 22835
21686 8583
17531 16731
13152 13138
8027 23424
12892 19993
12973 14519
14417 15969
16316 22985
9428 5115
5987 8771
11914 9672
16320 19883
894 17507
5535 12581
15860 17414
10700 20788
21482 8404
20868 17512
13444 6440
9759 2457
10797 18115
17373 21407
5955 6800
15146 14711
13184 6704
17814 3316
21947 9979
22803 4008
1439 17191
19441 19574
19073 6604
15423 1623
8891 2802
3289 8769
11561 12089
16240 23281
20772 20254
20338 7704
23569 18925
21443 14478
3774 16909
10744 11920
22993 11088
5105 6851
751 11458
9196 21768
5268 13530
22674 271
20952 15706
15661 18782
8102 4219
21687 7385
20167 2696
7902 8292
9919 17858
22948 12900
15576 8511
22511 21880
15648 20441
11208 19184
17877 2132
20987 6052
13174 20006
19959 19614
5657 2080
22429 8949
8157 10141
15974 23411
18519 1401
15779 2907
13178 13942
11717 18588
10587 9312
17277 23401
12387 16871
6028 22762
14177 17235
8443 19082
1244 2888
21695 10564
5639 8701
5177 13067
11842 11448
5555 15762
13961 20841
22432 860
20743 1029
20653 10008
6590 21664
22326 10137
17163 1006
22194 20621
3698 5716
17562 10153
8156 18208
12203 10502
14099 10942
1249 17404
21720 3388
14112 1912
4724 11595
19893 4772
17494 2877
14243 16867
21364 12562
7591 10906
16983 4310
4434 14327
21141 5413
8579 7043
15820 5896
8513 15476
23005 5793
849 7896
22199 22899
2789 10606
20612 12654
11914 12705
3173 21424
3306 18597
5418 13910
14694 689
4785 20302
1875 7078
13967 19769
15684 9920
6913 2409
14882 4617
6718 12781
14999 12216
3480 5509
7778 10828
13189 12210
8279 7476
12498 15815
2637 1314
13960 5641
2791 13942
9157 14216
11009 20058
17030 21406
20415 14392
9489 16349
13295 1000
563 8847
3829 2413
11269 8633
3096 3995
2917 13090
16014 19591
20531 23409
20292 20262
20202 6709
18995 11440
547 2854
22209 20122
11004 12867
4111 22012
7239 296
17757 12297
18125 11694
16811 871
19597 846
10811 1589
7239 18511
9976 5506
1889 6190
13006 21753
2225 21887
21315 12586
13902 19777
21843 1966
16602 22487
15555 5806
1969 12212
7323 13337
5809 17148
4548 3688
16094 12925
13216 21154
9076 15983
7487 19305
22045 6047
2868 20687
734 6922
13557 4559
19195 7478
14214 3033
8807 11945
17935 5919
18146 4889
4374 13059
19328 14672
7559 22787
1590 21548
10153 17410
21652 10057
3054 14883
13598 1271
12433 11467
8609 2571
22417 19937
9054 13240
10233 20770
18362 7708
13148 14874
96 11141
11778 249
16465 16585
818 5866
13459 11233
13543 21077
16043 14845
3200 14130
22346 1545
18611 9846
16338 5913
17789 21990
10900 12609
13885 14609
5922 19227
12006 1123
244 7278
17686 20271
8985 6730
12463 5974
16098 23412
3318 18077
13814 5211
19350 8469
16430 4568
6087 16722
22403 19241
20482 736
874 301
1845 6243
4148 2215
22063 257
12661 5861
9873 12340
13818 23163
243 4940
6255 11245
6929 7846
9631 15375
22094 20317
20744 8507
19537 2601
7335 21102
4175 4905
4276 3250
4238 12964
639 9489
15836 9451
16212 22882
23566 6589
8739 3686
5991 1290
1088 3287
1731 10884
7612 23249
401 20836
2272 18005
6450 9894
2390 19815
2595 9671
18911 6404
21306 16790
5622 5446
5998 6536
2517 15523
9560 16719
19797 2671
18322 3511
22382 13100
14517 10519
18188 17237
7740 6672
10520 22369
8619 15578
12094 10437
21293 23324
9532 4385
984 134
16306 20741
1116 2169
18284 9404
10889 2282
6795 11965
14262 22545
22921 11343
8745 16807
1840 16025
12984 22492
2726 19535
15910 7327
18952 5661
18902 15333
22329 14771
680 5889
22009 11721
7625 215
934 2813
5223 4970
8517 23391
13067 5367
483 15271
16313 21173
6149 10867
23441 13255
7999 14779
7453 20554
13540 21767
8212 10957
15940 12313
13768 6203
19244 12672
3241 14818
8453 8396
20559 7030
8141 19010
15137 7805
15656 17565
13941 1250
22882 11539
284 10725
10993 19550
6039 20333
12905 5800
11728 10254
12425 4719
5516 10040
4544 10587
4878 9330
4457 14680
6551 19782
14911 9267
18352 8691
9454 8850
7484 9605
5281 11587
7932 9172
823 13325
5805 20097
1741 18704
13042 22384
18382 7530
18524 9854
847 17075
7241 13528
15132 9015
14304 15198
9883 14699
13382 5321
10873 5563
4011 387
4764 9701
4318 11411
22695 7013
12795 18327
349 21473
22392 17717
11831 1081
21695 11027
19065 2158
9261 18081
11408 20631
14009 14660
12264 23706
15443 22733
3818 23632
18079 13058
8494 10738
6027 7059
4995 12407
5947 17163
18542 20940
19129 6393
6527 11459
4610 23655
7951 22951
14457 11823
11341 20677
13480 18061
12981 19134
23430 2248
12456 2058
17742 3448
14459 448
14432 7821
23609 15813
22133 6995
12355 9319
18335 8642
7892 5068
14311 19917
958 11397
16549 13569
22155 15280
5587 13555
23184 1789
18892 4368
6738 7162
267 22309
7168 21959
10590 12253
7127 20953
10427 2671
2872 2656
15227 17106
16276 11377
19450 23406
22717 756
4822 19543
7099 22084
19395 15093
13870 16459
17002 16045
16647 12605
12248 9471
22204 23683
9363 11387
14664 5091
21013 907
17117 6208
5781 6843
22881 13990
4973 9863
3875 13702
1592 12110
5068 5230
16466 13615
14476 14653
6713 21182
14340 4438
8941 19810
18472 9745
15342 19108
2390 6385
822 5203
1155 11247
9327 11147
17444 6574
11980 12463
286 13496
13353 15913
21282 2098
17569 2497
14743 2179
12000 18676
1918 11339
20200 789
14678 23285
13008 11336
18630 8965
165 16051
20704 16519
8948 21946
8477 13802
10819 3383
23096 12786
2973 11882
4207 8288
16485 22153
11377 18244
19316 11230
7822 13302
4959 16173
10568 23072
4997 13843
5006 13288
17945 3085
17709 13018
13759 18403
9003 4439
4428 22755
16638 20216
20578 16913
14031 20247
6038 20324
1732 5695
3216 8146
19622 2223
10575 4160
14135 12674
18907 269
17938 18485
22207 15467
15627 18527
22476 18971
14907 14581
15930 11029
7462 1948
9914 4191
2245 8171
23634 1463
17593 18836
21647 7272
12731 5339
5336 12892
18641 8043
1004 23613
5922 4196
22002 5461
356 11010
2396 1525
21127 8734
20455 8946
982 16999
20917 6658
20404 7841
6191 14351
16626 5827
8732 7395
16647 14812
10636 5351
3715 10965
14614 6625
15481 16770
13108 16921
21292 9058
12431 21421
2534 21003
4725 7243
23643 21262
14339 2049
18065 17846
17903 6368
22732 5013
16849 22115
5047 1694
11889 12693
22073 3546
3082 18262
17655 2961
1960 17288
15524 4575
12758 20352
16584 22849
23181 3455
21569 5303
760 20491
16604 4179
5821 14746
10374 20649
20907 3189
1401 4975
64 9029
21393 14819
6062 2875
1533 21474
6882 5322
7579 14426
18323 6412
13030 7483
74 20124
113 5972
15184 20194
9789 13834
5014 3808
4303 21128
16549 11136
11263 7212
22875 19811
23372 10154
20784 3868
20420 23461
670 4323
29 6617
6393 11234
23266 3215
318 21068
10465 999
6988 3598
2376 16912
6831 11551
17887 20186
7402 20812
3568 20746
4593 3438
7812 23050
2540 18081
6694 22447
16675 12447
6255 10955
13122 19410
14706 14798
14015 8626
19993 7596
8522 23227
12940 17984
9549 6386
22101 7285
8872 19244
8952 5085
10873 56
16283 10617
3298 21376
6669 22116
14465 15922
12946 7007
14416 4099
15008 5117
20845 16834
4252 9287
23589 22379
15911 6848
5833 14251
1646 13961
14510 18259
21986 10971
7578 597
12240 12695
22425 22893
6924 22970
2646 15072
9167 22843
5026 3570
18656 4494
9292 3693
17455 9751
14165 5186
826 7317
8190 2457
424 8099
19480 15050
8442 12560
12776 15429
3038 308
1238 16052
18496 1625
3154 8949
18643 22836
5920 9683
11123 23676
10801 12459
19640 16757
9813 669
14900 1082
11329 23301
21225 6785
7827 21078
22195 2744
5862 14720
16495 14926
14404 6317
13282 58
4016 3278
22831 1563
14195 16066
17973 21422
6377 4659
17724 12549
5670 11172
6635 12569
1969 4180
15197 4058
22355 21619
6340 15499
14794 13237
4420 286
2602 10017
19867 20524
15368 15015
763 15992
19063 8324
2492 6937
6569 11216
7043 6116
7920 11627
6679 23058
4580 19694
7871 22693
19763 7733
7105 5636
1437 4165
6986 14326
11446 16294
18472 3362
11617 16941
6110 13726
21468 4578
14574 14607
21088 2842
5602 21283
14459 5971
13984 7888
12107 16023
681 19998
19582 11142
16097 2121
15171 15704
18806 3780
23500 9552
17735 8309
11760 137
21010 23613
5670 6423
23364 23131
12654 18461
13144 17497
5565 19844
12654 3656
519 13450
16140 13731
573 21322
16304 4999
22038 18171
3290 8529
21367 11965
3897 2313
15665 15174
8275 5381
8753 22815
21525 9856
5272 13557
20594 14773
16904 11998
3663 9598
21814 16470
1497 23424
3851 17876
21701 7511
10650 23046
17672 19336
15318 7294
21138 13391
22459 2039
17682 3633
22691 14625
5450 20121
21125 10454
21740 17231
11086 17516
20953 5533
5486 16928
13287 14256
2422 17692
18431 6951
485 23431
19870 17846
9936 7417
17106 10943
12055 21663
11079 2662
15192 5312
21329 15078
7540 4793
19827 5901
17364 8513
6167 23550
20260 10877
21776 8793
8414 10827
7759 19800
21425 21888
20975 22876
5437 16880
5459 10692
3801 933
593 21239
11436 23496
9736 5778
14803 1741
19494 1353
16029 9738
12975 12111
2722 22063
6251 9327
13011 21380
20342 2778
8630 3238
14688 12345
1682 14021
20663 19288
1588 19680
8641 20172
7409 245
15080 981
13298 10156
21699 12937
6142 10639
22942 1730
5899 19608
8035 14216
15348 12733
17840 21304
13159 16453
9757 11995
14950 18338
7916 3915
13649 8701
1421 14832
14969 19944
23143 14260
12989 7769
6697 14973
14032 19577
22622 1844
2901 14684
16951 12519
11136 13234
19127 4735
16258 10781
21663 12113
22982 22008
10440 516
14949 7333
16162 5310
18418 12304
19003 19513
16625 5222
5022 17769
19843 14295
13288 3555
9976 10335
9838 2274
14579 6323
10889 2227
8634 18957
9869 15723
17824 11612
3263 23383
9423 10826
2719 13383
11726 8193
12054 8236
21926 9862
1120 3222
3271 4527
11590 3857
4314 9839
10509 12065
14659 16477
17164 2266
6741 23661
5149 22490
3647 23243
11637 8415
2075 8512
11749 20430
7170 11443
22871 16082
5214 4003
21917 9587
20935 20720
16998 19283
22581 3379
14041 12481
18338 10271
17755 9667
13308 6094
23079 4653
13634 11256
9412 11974
22131 16732
3555 22811
19215 22824
11069 541
4812 22927
3230 1767
16986 19483
19819 14314
15151 18776
9688 5086
23558 20022
23709 9203
7290 18811
1197 14321
7675 5891
5988 8747
15000 10010
6165 316
9520 10260
14268 22740
3831 10270
5540 21344
4686 9991
1930 10078
8214 8089
4506 7718
13013 16897
18165 2977
8637 16813
18385 599
13053 14214
18070 20970
23045 4980
2664 19259
16530 9405
634 12239
20678 12677
5204 751
10798 18260
21665 241
13449 14054
22066 4882
13717 20623
15819 13638
12275 10987
11057 7225
9036 22543
4731 2815
18003 6324
1125 1539
432 851
20302 10664
13995 14911
5435 21739
11192 15740
10230 12356
19005 22739
15504 15775
10387 14817
5382 9267
11979 3443
2173 8653
12001 8580
9731 5394
17537 3439
12530 8268
17717 12649
15459 22519
11000 16595
11107 10533
305 7236
10271 7847
11782 19757
18230 7537
10582 8358
20823 9301
9394 18425
4181 15081
5739 6705
16185 12020
13183 22612
16974 18090
78 11232
3915 656
511 10631
22520 13793
9664 16564
6694 13735
9087 2649
799 2190
13159 14409
14517 23548
2990 8716
4791 22852
5511 1524
4553 15879
19967 8979
20511 22922
13334 5309
11241 18208
3443 17613
8512 9924
10005 2585
12527 21383
7871 4559
8221 5293
1796 18361
19186 15797
9479 13028
20470 2740
10255 14387
21453 2206
419 3089
10044 7648
6394 3288
16392 16068
8823 17395
14490 2450
11081 15841
243 19731
4617 13794
14627 13623
12135 9965
16293 22055
6363 1987
22964 3521
17974 2519
23377 2095
6861 15685
6906 13637
4412 15853
13023 11443
16159 18732
18086 16060
10567 2945
13913 12751
2658 3717
7310 216
14062 13640
20479 13529
5764 10117
10050 18316
12286 21370
11930 4893
7993 19761
11071 4113
12014 1172
23410 7722
11325 20253
20603 15715
11580 20508
747 6495
6793 15984
17483 3144
14686 4407
8283 14927
5150 13625
17971 17314
23444 12069
14015 12016
18804 5399
16236 6271
9017 13552
17856 14271
9456 1776
22176 5033
4586 16369
10441 2326
19351 22766
7845 19326
16102 2459
617 18126
10126 17479
13626 16127
5333 770
2312 1274
1809 1190
17773 20720
4799 2379
4550 1658
14127 22050
12951 17745
22035 23045
1954 18824
20759 9257
4774 22849
6184 8181
964 6465
14116 21763
5207 12686
3125 21691
22041 8838
817 10274
15466 16320
11620 7854
17769 3130
4469 14668
13279 6353
4304 9167
2372 18903
17704 5461
6496 2315
6398 17076
2278 17084
19236 9548
11432 10258
502 11367
8209 6107
10578 334
9339 8982
17976 17033
14923 6641
1071 23137
7300 16942
12124 19092
18775 4356
7173 11758
6372 13602
22039 22241
6364 7191
228 16382
16599 12964
7200 7261
3520 18090
8448 21299
14911 21314
8465 7485
537 10896
5064 20501
8878 16024
9803 13623
21130 1213
356 5292
4769 17763
9006 6909
1583 17765
23002 15956
11080 13039
16248 18881
14347 19200
281 17568
10264 520
21304 9432
4277 4848
399 17909
9278 15570
17523 16707
6119 18947
5476 1794
14752 16346
4796 13905
178 6227
8184 12495
12518 2050
3330 17094
7770 3264
6763 6420
8349 15113
11042 11010
20965 10542
12923 16171
1223 7044
16484 1872
10852 23405
10306 6146
2468 20417
1671 5323
18607 17813
3176 3697
5994 21241
13273 16684
1328 16745
2756 22829
15601 11549
13515 19510
12572 22584
18415 3250
18082 5668
3800 11169
18944 20355
15666 17413
19462 18318
10365 13069
11118 10518
10200 17802
23455 11391
9967 22368
20356 12147
10287 9154
14397 577
17732 20072
8942 14046
13809 21774
4490 4932
19074 16315
8439 18332
15617 6302
15946 9222
16658 12078
3097 23237
22206 3944
6040 22611
21367 7676
16629 5763
18441 7245
10683 11110
16133 21952
479 12821
2081 1059
4570 2799
17722 8751
2366 20381
7910 19430
11103 7500
7674 2376
5521 7745
17286 21580
14781 1699
5732 1628
10504 11426
7546 14539
4004 11491
3420 7494
22697 22790
7704 13050
16449 18049
11361 2688
10918 9807
14948 12786
11431 19375
6791 8396
2240 14556
23307 13817
19616 4010
9879 7131
10237 4422
20051 10744
12319 3905
8712 18402
21201 10244
19478 19824
9112 1305
6198 1524
23153 7707
18277 9291
5009 12780
4801 12036
8873 5152
17916 19882
22041 2319
20432 9240
20610 18996
9234 20753
18186 19741
15898 7459
21353 9685
7101 4230
15269 8935
14545 4325
123 20068
13758 3868
3161 14111
18415 12143
14363 23467
5536 2801
6549 6491
4246 13799
22900 8290
6085 10569
2455 2136
20506 7061
392 10185
20617 23144
17398 7320
15209 19500
9080 22194
10673 18358
14828 22969
18174 11501
777 19284
11421 6127
14805 13855
5881 17987
20561 12387
3033 17995
15625 813
7820 21635
16882 6122
43 15944
3532 23498
1557 21497
17908 10296
7730 1333
5115 5306
23380 6940
10901 15698
12263 16922
17479 12713
22667 13414
1037 14779
9919 11994
11667 16852
19737 21964
20731 4589
548 18896
19320 18369
562 23226
4670 12098
13076 9978
9895 11706
22472 9943
7878 9632
11169 22968
5667 20500
15409 3182
9595 16237
15134 165
20931 18038
17886 13475
2191 10594
4713 14857
16566 1551
22691 7544
5722 18633
19040 7716
17293 5243
8826 4145
23582 5155
19581 16571
17874 8877
20404 19833
9892 16966
12415 19516
7406 19901
18169 10403
7562 1206
11186 13432
11668 16924
2738 21010
11738 4079
16266 21096
19951 6214
15157 22145
8807 8808
15767 21227
18981 4489
10761 8071
1482 15598
17243 15506
1074 2221
8057 6876
1004 13877
18871 9489
17994 16004
8375 9515
1409 5185
6281 22655
17922 5377
18387 653
21384 15243
7765 23103
1335 1888
801 6423
14703 23669
3873 9046
22327 301
17640 23218
8761 5511
21651 11030
6177 19776
18834 18398
17220 13762
932 19110
19602 8877
4212 22594
9765 23059
15661 1189
21279 19456
5796 3427
3772 16598
14438 138
16167 23617
15957 19448
12025 4699
5144 17061
13109 12720
16654 5551
2326 2482
14068 715
6567 3176
8423 20487
3009 20803
5440 19083
19726 23464
17529 22261
10591 21086
22141 12354
9334 7843
12896 18477
23468 12792
2766 22105
17919 18228
17308 19527
15677 497
186 19786
1808 7037
20416 18865
906 23090
14141 10510
13388 12000
23673 13389
21592 12582
12991 2579
8226 14775
799 22328
22341 4916
19562 14075
7722 5942
7475 18171
13560 4949
7402 5198
10933 3841
13379 22184
17784 17185
6022 18436
18397 318
4899 15029
3567 4597
23062 21747
18500 4266
8483 17088
7304 5528
4134 16743
5919 2730
1268 13279
14539 17714
7878 8301
2871 14233
13299 3785
7088 15463
18473 13356
19423 19958
7085 21564
18354 5677
21215 16632
19855 19947
9899 12490
9205 12337
3495 15594
11329 2588
16828 23237
13176 14473
9511 5850
8375 9491
5850 15295
10915 11901
20448 1205
478 19004
16308 9562
18928 18901
11795 5992
18626 20342
5507 19769
19093 16011
11507 11277
1708 6921
3727 10345
2411 4938
6447 4593
9729 8692
176 15903
21226 9788
192 13435
19826 4025
20338 18932
6610 10198
13701 4762
6855 1319
10916 17060
12580 183
12958 10746
13158 2588
13662 19326
1380 23501
15408 7104
1955 13439
2223 7315
20303 1026
16895 16401
7283 18359
17055 14598
10108 11195
22770 5376
18780 7493
4621 14422
16300 23468
1628 6115
18968 20662
8561 7882
17876 4139
22487 5649
1505 5926
2717 16409
13828 2975
8962 7642
667 17344
5564 17792
21296 1480
13020 14002
586 6101
4533 2669
5596 13623
17351 12775
19752 8293
18311 21799
21079 4788
7458 17476
8612 19867
17867 9316
7247 20388
1860 190
15046 22139
23005 2176
6861 21609
4812 21794
23429 136
16086 18124
14810 20385
7858 1647
13621 12127
22351 20594
3101 19211
20040 16495
19424 18118
22585 13564
5942 15670
14208 16500
3741 11407
21965 14985
3074 2980
21946 15081
14968 13192
3678 9201
4915 391
6818 21428
20424 19753
7782 731
19373 15952
6379 8535
6520 17024
4782 2111
4059 17013
11517 13399
5611 6692
10441 227
4091 3485
5515 10986
7672 16429
11247 4027
5396 18483
9737 3743
8615 11177
8248 3136
23250 10321
5034 18621
7825 22122
4592 21298
18431 3966
20222 1115
17988 8277
3737 16413
15246 5121
8999 15171
11902 18172
19907 22209
12420 5943
1532 12796
17396 4585
21754 16286
6282 9993
4562 13039
376 6269
5657 3750
1669 14857
22601 9708
12001 1947
15749 14570
17732 20181
16001 19432
21702 2623
778 3696
1779 9320
18769 5452
7069 16343
18036 3129
19088 12493
12930 20263
19428 13948
12254 2733
12999 12189
20216 2162
8374 10363
4282 13348
12101 14271
10962 10866
23443 12887
20739 20559
10467 11617
16469 21971
17240 4819
14206 12311
13725 17365
7084 6405
16497 8832
9458 7315
21437 3777
863 5423
22772 21517
94 21232
7207 8967
7237 19317
20887 9893
21573 20414
23574 22707
6396 4084
1204 2906
21679 15485
6633 23660
4745 10897
17759 12965
15178 963
1450 18464
4067 3162
20380 1821
4185 12893
13611 15857
2668 184
18134 15474
21150 13059
16677 23319
7252 9694
9686 11858
1044 8685
4376 6024
16296 11524
10256 6480
10726 7894
22 5815
14029 2877
13358 23060
12148 19825
8819 17633
19516 22059
709 19520
20058 20613
12365 15580
12446 17627
4345 1048
19563 15276
13025 18534
17401 433
2788 8326
3821 2576
197 19514
1772 4782
10270 11734
19497 18408
2603 18823
6407 14533
10970 4662
21560 20851
14728 624
6185 8566
20266 12328
13602 8970
2360 15841
12095 17140
3815 611
10162 17784
6030 21983
19935 4418
18876 15110
2139 22162
15605 13070
4163 3905
17357 7790
19601 7868
6149 15146
22290 17436
23344 990
18540 10796
17992 7418
1558 20430
71 23513
13345 20435
11815 4513
9221 10493
20222 21047
14631 14561
20158 7115
11737 20416
9221 20543
8899 9579
11217 1299
2787 1614
9299 19251
22674 5826
15670 14854
21989 15532
9095 5577
17950 14623
1604 13799
15496 20441
12329 2043
8822 5180
13189 12344
22749 13881
6455 16688
18191 7617
18382 12306
19354 20826
7261 13592
10966 5278
8169 16404
2973 3940
17345 8870
5183 23093
9175 11366
2581 14726
19888 12172
3200 20646
4936 17051
22421 23631
16769 20050
19177 4211
19208 16073
22085 11017
16957 17788
18941 11539
16882 22858
20977 9016
15336 3930
16934 13196
6512 10797
3003 3336
13783 7371
19565 7461
21719 2348
1208 13166
12926 214
9186 14339
22484 17191
20351 9529
13872 11865
11751 3715
2488 13014
7170 22432
2506 6018
6611 15611
16358 11596
2076 3107
8756 2354
644 1001
15374 10913
3987 5731
913 1084
15895 3637
2856 3797
5936 12336
3693 3328
21438 19268
12639 22072
22598 1758
10570 22681
14079 137
12460 3364
686 11407
18581 20980
23393 2794
17069 10947
22490 17448
196 5387
21849 7060
22450 6993
3824 13832
17161 9076
6445 18532
7426 16909
8449 21590
9100 4469
4147 15722
8393 13577
12434 1881
16661 22527
23173 3523
6234 8440
10314 18238
5826 614
12894 6141
16574 4151
8872 2447
21236 22099
15114 5523
20991 13328
14412 13820
16438 12508
2292 22462
9231 19925
6509 3874
7019 296
14327 21914
15729 11739
9326 13207
3105 6836
17049 18989
11547 22110
17927 14370
15136 11526
21391 16841
13791 5309
13083 19090
16553 3076
6491 13109
5458 11055
10689 18137
19098 12287
18701 21955
11821 14105
21635 10663
6913 21141
18572 6582
4583 7000
22237 14903
2219 8274
20119 4566
10620 2978
2106 2737
21696 6680
20285 9641
1638 11482
16693 13679
15361 22668
13369 21093
11255 19476
16678 21926
594 13053
9916 14878
19570 12320
3595 10660
12507 988
10350 2340
4425 14875
7924 16527
12492 18311
9816 9633
2082 8042
14494 8570
3329 19785
11664 6459
6985 16709
8787 688
17278 1917
18873 14047
6118 18245
20745 5914
1204 15988
13791 1873
20775 14477
3198 4739
9042 18383
14516 11289
9215 1262
2767 19574
1110 3917
20387 1593
5649 15973
20252 746
7901 10268
6400 5415
2100 18962
18569 7166
7370 10504
14734 12751
1988 14957
14520 15106
22497 10480
23025 6675
1722 20084
21885 22311
8295 16989
11044 15492
22025 5309
5733 3596
19412 9312
14750 7934
16005 21642
8913 4246
4393 1994
22372 20346
19721 17999
4559 21327
19564 1028
22499 6905
21742 6853
4595 18437
2921 18834
8729 13964
12208 22256
10530 13123
10721 15684
10905 466
7636 23178
17680 16288
10007 1169
5038 1742
19364 7587
11328 1876
8487 7997
10184 786
2269 13324
14520 13856
21459 11967
4073 18418
14483 13295
12382 8318
4242 364
9672 13611
6328 21129
1856 987
10236 15372
17405 18252
7409 3661
22193 14148
9152 21044
4580 23220
10066 14971
4817 18709
14635 8061
10710 6057
5493 1795
12168 13632
15787 10273
22714 11472
20850 11728
15956 10785
21494 22769
9478 19718
22980 1431
8273 23010
16641 2119
21093 21096
11287 17970
18745 1138
14179 17615
8125 20964
2214 5018
10144 21136
16724 12935
6928 6530
8004 8267
23087 14636
16702 23162
14828 5845
2806 12632
14910 23700
143 18728
20379 11472
10645 8390
10736 18857
21313 22062
23670 2641
44 15462
19749 22373
4412 20761
18110 18553
6501 7135
18708 11335
21396 20526
4724 1837
16400 10319
19622 3849
5419 21141
16754 6051
8215 2894
7361 6670
5119 6673
10670 809
12749 13710
12147 21928
9324 21036
338 7993
2838 14713
11426 14214
18594 20753
4818 13825
9199 19317
683 5494
22289 17101
5113 3058
18193 20997
15167 142
12496 17074
20629 2885
19460 11660
6101 3198
14975 13444
11436 13055
17463 14498
23032 12300
3453 21484
11104 14891
16790 15326
19178 1525
16832 17135
22210 19695
21674 13863
12464 22858
21611 18736
15757 3486
13886 13794
11783 22958
8249 8885
952 22779
12250 7372
12524 16124
2942 11521
21071 13646
8975 22712
15358 17501
12711 9071
7094 1703
13753 8672
32 8904
12225 13005
4482 4930
14512 11025
22305 2920
11849 4590
10572 17973
12105 19648
13520 14180
19096 9866
19052 4371
22404 7502
12624 1095
22815 23395
16521 4955
14146 5956
23445 19511
22339 12909
11942 4551
10698 22959
10739 5559
1478 14313
16614 3142
3170 19951
15372 13662
491 17866
12942 10531
9944 5123
13416 15876
18657 22950
20680 15064
3911 13961
9821 10143
9183 12115
11252 13372
2632 7155
13510 12348
8991 10140
6123 23578
23474 18820
19645 7352
17359 18644
7806 5771
6091 23156
16074 16806
6810 17871
10779 23695
16400 3047
4635 16675
6711 2706
17513 5014
1173 17868
22940 20986
14753 16097
17274 2886
12983 16677
10615 2817
7384 12313
22216 21274
15893 20944
22295 4024
16730 13932
14396 12191
8591 19420
3668 10224
5719 18831
11543 13389
7514 22810
3122 20244
3475 16787
15974 63
11144 15299
10046 19833
2452 23492
19788 12371
6805 15469
10373 577
3252 16255
18069 9788
21478 1370
20566 22935
1833 398
11364 16293
6196 4608
20931 20166
1583 20181
1779 9998
12269 18670
19517 3904
20118 20681
21829 23273
3566 16193
22721 3552
5301 11449
8608 19944
17769 19419
1506 1009
6688 12238
16812 14963
12191 3941
11183 22645
15152 12680
18672 10514
20946 10496
18600 7292
2131 23456
15635 7944
16392 8458
13931 18191
6152 5547
23207 477
17153 17745
11698 9078
2316 7322
22183 3946
18960 49
1778 16843
18867 22019
22439 18078
4494 3858
12046 19214
7664 20658
7466 7381
15078 5987
11544 1043
15820 9219
20423 17073
19375 8644
19746 23448
18694 5989
14970 2931
18581 9053
10701 252
11732 8183
2546 22677
15531 3629
8065 23693
3425 13934
19523 22650
1856 3814
688 17750
7306 563
21234 22996
9959 11574
1479 1676
8335 12347
2507 3960
2686 9354
10055 15791
21558 10011
8173 3607
22709 4075
10658 12345
19027 10688
15765 5148
2022 13666
12004 5792
19145 3433
14359 1285
16739 23087
13169 22961
4944 575
18853 14772
5018 772
21211 9853
22620 16010
1163 6048
17949 21701
13135 13349
21353 5190
13900 5015
796 3579
7841 977
16758 5130
8701 18783
12039 11519
9464 21956
16256 5463
16414 12169
18642 9485
3039 978
16633 16967
20252 3988
15233 16001
1023 283
15391 5935
14632 4062
7990 23640
651 23623
18058 4441
21426 21616
15747 9553
4834 1958
10349 4984
14301 11109
11780 20514
22116 16685
22631 22138
3912 8764
14316 834
9150 20997
20143 18703
16277 13081
19220 1968
18652 20409
15359 16309
18428 19258
17774 577
7256 12036
317 12310
21438 3888
7064 5918
168 11777
17007 7436
12628 2801
12700 16059
4043 8515
13309 369
14594 1893
8892 5121
1090 1150
20410 4773
22727 1403
19751 14006
13052 12599
607 1871
22882 10876
17075 13840
14501 636
16390 17646
5638 16484
5754 4639
16583 6485
14888 1285
14332 4395
7071 10036
18280 9135
2105 21737
4359 17766
11387 20276
6064 8102
11202 14722
14776 5827
7079 8302
11228 12238
23003 15034
6270 6181
1449 13460
4777 3681
1286 21120
10698 2989
8025 8813
73 11435
13341 21281
17977 11790
695 22174
18278 11599
21003 18987
2400 5519
12609 10319
3955 3201
14202 20942
19002 11045
15439 6925
13363 7878
13775 17982
5469 209
16115 17154
11864 20686
18989 13782
16112 9989
6152 5086
10668 8810
7012 23426
8839 12660
13937 8968
23273 9989
20765 12286
4449 6227
9156 12359
13349 23069
14187 22258
2745 13774
22798 18984
15584 10656
2754 20886
2446 3409
4475 17085
13907 3141
7850 15035
1556 22582
3573 8051
6916 21353
1195 19263
5004 21218
4611 19627
15422 6559
3855 10863
22073 5027
16124 302
7238 12387
5631 23196
20037 3597
426 4098
6779 21714
10682 6790
1895 7635
4050 2805
8029 12390
14919 20279
9010 111
2633 15501
20990 22495
19978 740
5372 4025
2704 9742
13184 16979
21287 2993
21026 6145
15665 11978
16970 16216
5208 22609
15774 19158
9403 2726
18730 3869
13118 20295
12744 9492
22738 20502
23615 22726
17448 22531
3131 8002
22819 22133
13403 18450
17601 1291
4735 3921
12698 7257
18763 11021
18172 21789
13534 3591
1294 21998
8963 13593
13331 20685
15650 19395
11201 16597
12886 18525
4127 4015
8010 9566
8667 10063
14725 9911
11795 17776
7581 20483
22705 15649
1667 18444
12476 21813
1300 20366
903 8713
13127 15368
17210 4677
21298 1043
2567 2991
19858 13898
19211 22498
23637 5486
15408 12622
17695 13580
15158 7370
20571 22915
18808 6444
18879 1812
17953 18586
12671 18571
11897 7509
20061 10301
5642 1933
8728 15398
19500 23199
20628 4100
12521 11910
11951 19306
10125 8463
20100 8276
20382 1638
3549 197
3937 16098
22784 13876
17951 15694
12421 16984
22844 13605
20209 18791
10591 2902
16341 18610
10635 20476
10559 16000
2591 4109
13054 23333
23296 11122
14802 215
4594 22830
651 5324
21023 2623
8902 12612
15511 14182
2770 7620
18697 1791
6750 20456
4242 9683
19737 1331
13938 1728
3522 5808
6532 1047
21077 13587
15677 17722
7272 11580
7224 12788
20261 3004
1360 3325
11069 5976
18271 8233
20668 15870
15450 4168
8495 10348
15995 13819
10619 7284
3655 635
9039 22960
2749 7485
15841 6336
13100 2902
21262 11127
17316 18977
22795 14307
12766 19904
6511 12107
20562 20954
4119 2435
6784 5089
2557 2489
18741 22344
1964 15911
12593 12224
7855 8402
7757 16416
12407 9873
17248 11060
23204 14058
16578 3042
3400 6160
22663 19159
18055 7282
14698 22975
2861 18852
16884 10970
13735 11452
23639 732
17015 16340
12612 8961
16311 15761
4933 19334
7569 16842
13861 23477
21805 14146
733 20945
10579 2497
4123 23173
9862 21465
17574 6667
14029 14219
13043 3714
16897 3071
1835 4522
17594 782
19897 11849
10550 9401
21333 20311
12823 23234
2843 15629
6137 6822
9715 4318
3961 19631
14896 4001
10768 11389
9859 6551
9038 7877
15394 2254
4680 3179
5588 12887
5275 11981
1800 9954
11583 23595
20705 11863
1093 22093
18633 2674
3055 20457
10707 21139
12940 22983
3349 21255
11860 8174
3951 16689
9586 19897
2302 7820
14250 21163
17504 12700
15725 8090
10994 14492
20488 14375
14523 9054
15552 17538
21971 4957
3306 19927
6927 19370
14093 8268
23626 1788
2192 13737
12294 15546
12807 15864
18727 13950
2475 20895
2020 20267
13526 22648
8860 8261
6891 7801
15547 3976
9379 22340
8705 23113
8848 4954
22294 7593
3880 23326
7836 20933
5624 19853
5916 19554
23158 11902
659 17783
5659 7387
966 20348
20189 5130
2496 15177
4899 10963
22949 7145
3782 2363
8661 5254
4198 3393
13578 19049
5209 6671
7256 19977
15130 13479
9819 15003
18635 16267
9985 22231
9912 19426
972 12170
2147 5766
22011 9906
10811 20400
5505 14309
16423 21413
14119 2570
20331 5577
5030 13500
23583 14731
13149 15386
13876 9381
6417 10600
9222 7425
13250 22309
21959 1387
3216 23004
4891 22767
4833 18395
14399 7700
15222 18675
8433 20310
1316 16520
9117 1212
11506 6410
15505 15908
6408 17992
14049 8172
22807 22697
19594 870
2210 10977
16048 16348
12809 8312
14155 15002
9031 12600
13862 18942
22726 8022
14749 17887
15485 18998
6473 13405
10724 21432
10035 14633
18175 19004
7781 5553
918 14293
507 6551
7812 15718
12635 8879
4425 11005
10058 13639
6163 5980
20460 16356
14993 18910
4016 8760
13 8867
14343 14791
19635 23126
1394 18137
11770 15025
12592 17722
23248 19825
20040 749
2178 2746
3232 20524
16209 6388
2442 14797
20823 9817
20586 9549
5723 9965
10243 6427
8073 13456
8706 18049
15967 5000
2220 10681
19662 22941
12823 6511
12013 6831
9771 10725
1467 18247
1386 4242
13468 5810
18920 21446
2063 12911
16191 10284
4100 2574
9365 2652
21505 19197
11065 17852
14057 7404
22335 1375
8142 22842
4841 22222
23565 9003
20524 6401
2916 11159
8079 10217
23335 277
3784 6449
21188 439
8804 17397
20158 23628
1935 93
12685 10315
1841 4690
3649 7506
8793 1941
3110 17125
3687 6981
7831 3008
7424 12099
14275 7622
12874 12158
357 4167
8576 16535
12401 9803
6709 15281
4218 6524
19565 22967
1230 6717
22030 8183
10865 22911
21398 12104
3139 8969
21169 6846
11049 12880
21799 10102
13420 9974
1681 17002
19231 16140
17714 21293
10674 12358
19285 14483
21169 18907
21939 11423
6065 12484
6525 21176
21110 9142
371 11024
405 23145
19808 19197
9741 4819
5996 23546
10189 18199
5872 1477
14982 20734
9719 691
6524 22453
412 17383
10127 13570
14427 12014
17222 22677
14468 21119
16215 10459
10462 22420
18341 11571
10128 15739
22092 19257
365 23042
16172 22537
7463 4802
15534 857
22710 7911
3061 3630
71 22371
10698 1884
8118 8933
9651 7762
8200 5082
22792 9801
4189 10547
21219 20818
21559 2697
19025 2577
3992 6563
14745 5480
4336 22362
5095 22014
2389 7403
13772 10501
13873 13531
14029 13529
17194 7669
18819 1887
11255 8546
1476 21275
21174 1820
865 15806
7775 20113
2193 2443
8304 360
13150 17988
22097 290
17753 10616
15759 13737
10116 12663
12045 10837
11617 13635
9506 3776
5084 10920
4201 20422
5733 544
4692 2763
16814 5595
14217 14806
6520 9469
5691 13864
1707 17784
653 7844
12846 9554
15965 1652
22477 10247
3922 22171
21494 4903
9997 8047
10847 15259
1780 13797
17478 13065
6716 15890
3225 8499
1404 21244
8072 18297
15991 1417
18491 4925
22270 15489
16441 16357
20838 12682
5596 4973
7651 1850
23263 5397
4587 10169
13624 2198
4543 18988
1387 17490
7012 10407
13369 16242
14171 8779
7363 20620
23578 21369
7954 9252
21264 20619
22423 9936
23408 17939
15224 4523
15103 5713
23602 7184
14582 13949
4107 23274
1522 17170
20141 16199
9637 1703
8494 10797
51 12239
4621 15119
14572 4503
22721 16071
10860 229
16860 4577
10089 9227
11398 20354
18672 15997
5833 22217
1721 18149
6035 19245
10557 229
5485 14906
7169 18482
18726 9484
19367 10283
20945 6588
21596 8933
7458 312
429 23209
23092 21155
11786 10584
15076 9667
13035 8661
11556 6009
18494 6075
17427 2834
20791 20061
16463 12416
21186 17695
8673 21638
11896 11879
9386 8188
17406 11817
11139 15029
4846 2956
9767 18189
40 3804
22320 5067
14845 15480
17207 18323
482 5816
11843 16589
4508 19475
8574 11117
787 8023
12305 4165
4871 11065
14778 1627
9889 22544
20054 20363
3984 23642
18549 19163
13810 8611
17128 4962
21084 21166
8123 441
16894 11494
13512 21708
5812 1806
6827 12978
20607 12908
175 12662
19830 2433
11093 4360
4514 15400
7955 17615
6986 2295
19409 900
21615 7526
18601 13215
1405 12992
7448 12007
1659 7724
8838 16255
9033 19937
3948 14277
8788 3138
21062 20744
15163 1417
17305 20947
23212 916
7760 21824
13618 7
18875 22242
18769 2131
13800 1560
10492 7158
16301 23574
1612 13366
5941 6101
1102 9988
2876 14644
8765 15518
7271 19674
2829 12950
17565 21429
19622 5105
3897 14141
2998 22101
18486 13636
4755 22213
9410 3334
22630 5316
14161 878
4289 12155
20772 18184
15201 23483
15980 6212
10553 17710
5175 17658
1649 22839
20121 15262
9280 13500
18954 18741
9064 21195
21936 16451
3303 13508
12301 11908
15243 12056
4170 2014
8435 8848
11384 17160
1699 13918
1181 20691
8899 14815
18798 1611
7528 1216
12498 6464
19634 3050
21873 17909
2175 20666
4333 2199
14490 5190
23331 4859
6257 15418
3175 18645
11007 1578
17003 17529
4920 15502
10602 23563
4252 16503
8339 11034
12082 12587
10367 17894
12083 2192
1065 20665
14211 8441
21415 23630
4288 648
7316 12865
8297 12031
3760 16755
14390 15718
5405 2519
14995 2228
23145 17525
21156 21178
16605 6901
7154 3246
19971 2857
15069 11212
15933 8452
13929 10702
21314 4475
21819 10028
4394 16538
2306 10180
19970 14061
1257 9159
17450 10783
785 13891
16033 5287
22255 3581
11264 17639
2056 7677
5498 4126
17532 5357
1527 1529
7160 21177
18377 7076
21723 2634
20613 7829
19461 20638
17078 11626
12477 21110
1812 21164
21779 10077
20173 19144
11985 1683
4659 9010
920 1960
4934 12687
21603 908
21949 2264
20032 15271
6540 18613
19346 18040
10236 6880
10631 3075
15614 13656
1973 11792
9950 18355
3932 12467
20436 17530
10992 9712
803 20383
6370 22253
15384 22662
6003 2534
7775 12697
16497 10672
21048 12285
18793 19047
2992 7555
2617 12583
5255 19365
5182 16175
23135 15896
17278 9946
12318 20379
19769 8285
14210 1590
15377 21971
5076 20557
18122 1454
9530 16155
21196 21743
18968 3648
3249 12207
21247 18021
6198 716
15609 20248
18189 12033
11527 7799
21850 22509
19047 3895
13890 9067
5904 2247
20905 11484
9571 3155
16632 15236
15404 9026
11832 21968
4141 22117
13469 10991
11735 4178
21183 7891
2092 2852
17124 275
21229 10323
249 18711
8765 2212
2023 2902
16316 20191
17918 10801
19493 1928
5037 583
22927 20279
17031 23594
5287 2841
19361 2803
6522 18821
9228 1287
1347 20673
6308 2048
11735 3322
2302 15013
6904 8228
13194 22947
10512 1784
1636 573
7536 12575
22718 8219
11449 6244
21768 4473
8800 16846
10234 3547
1494 23235
12715 18305
22323 8013
17606 17093
8207 10357
2275 2135
5932 9043
8826 2737
3533 23091
2496 10550
23212 3280
11567 11637
19710 15247
15727 17491
22507 14117
21304 15138
6174 16984
12316 13652
16073 13324
17523 5945
15758 12510
18536 22378
5610 3749
4447 7687
22834 1928
22830 11731
9847 6918
6868 4764
2364 8533
14507 11385
2104 19135
7728 7537
8628 15617
9276 18790
2003 11421
14485 7722
16368 3410
15608 21213
15916 5902
14459 61
11561 10111
21443 19689
18366 17862
15075 10762
8956 11743
15693 18625
9985 20569
16893 5065
1292 16534
3284 6536
15093 20201
13368 5975
18145 14725
3464 17949
12892 5429
14234 11599
12773 15052
13309 9676
19196 16925
15632 14225
16995 7072
9446 21472
8408 19897
23029 7646
2022 18954
2871 16735
8184 19093
21738 19721
6509 15927
9763 5129
645 8394
11821 7206
15459 15527
6582 6918
21675 4876
8910 620
6171 11605
8739 265
13817 15479
23666 4206
2155 21752
18604 6429
3228 4323
14850 6282
20115 18983
15439 4279
18643 14738
1874 16178
7678 10250
17252 17144
12345 18844
22921 10454
20229 11979
3808 16387
22110 5690
15513 12190
8575 8441
4284 7582
22979 15818
13798 5282
2636 12381
8090 5855
9086 17394
1914 10203
244 454
7014 968
5933 4888
1572 20620
7515 12848
4885 3926
771 17057
747 11632
15503 21296
17632 19915
16486 15899
7635 14607
2394 5600
2864 4144
22488 895
18191 11759
936 2034
5080 20848
3314 14005
22845 10172
327 19575
10207 21459
11292 328
15313 14815
11767 19508
9945 5897
22198 10175
20737 2492
22124 20096
13584 6067
12001 11323
14327 17314
11932 10952
16089 3800
10684 10370
23189 12626
10298 3045
1799 8516
1607 9882
14772 6484
17711 11933
22895 6423
13256 4467
18056 15195
10095 20392
14198 12349
2475 19779
6120 1397
2773 5303
21178 7985
19408 14655
3094 5090
10012 6437
12702 23610
1171 11293
14652 4093
13164 885
16428 10793
5924 16838
10390 5401
15469 7319
6514 6554
8666 11824
1945 14562
5504 1648
22882 12307
23078 8387
15872 14162
22081 17444
11383 21272
11532 16444
10191 15333
10199 10948
8038 9285
16261 907
9431 16415
19498 23430
2667 2716
11785 17016
15528 22381
22604 10883
9184 5872
3562 13791
574 12703
15430 2804
1644 5940
20665 17379
13009 2859
13232 9197
10661 18567
22902 19934
6724 2792
3356 14369
4961 18388
21005 609
17414 7599
2166 20812
22528 23675
15938 12473
18312 20060
2681 417
15332 12984
13563 15464
7237 15162
12274 14593
3051 7152
14395 22887
6277 10591
10145 8103
8224 13518
5470 19245
18399 3587
17981 14577
23287 9749
19576 11836
2282 886
5720 13932
16700 11895
128 13419
13739 19242
21621 22767
2169 19756
2413 9240
21238 18662
1130 20561
15639 3333
11473 6339
19282 3306
3880 13517
10141 14839
22536 14724
5438 14330
16188 12596
10917 23074
7286 10088
15803 20348
23496 3254
23013 17651
20714 4342
17266 14045
18868 3406
22583 19248
4123 12640
2698 21017
9524 16214
18720 23287
12574 6043
14983 20864
13045 12983
21040 14298
2601 11869
2679 13141
3261 14747
3210 3068
14504 6747
13210 15173
12838 16561
6955 1783
10331 12249
10008 14647
6482 2112
1978 18391
3767 15754
10601 18822
17869 22547
21367 10221
5451 4166
16305 21740
10977 20857
5136 13149
10809 14371
433 21188
4740 3094
21996 2858
22326 994
21348 7399
10589 13177
22850 3912
7495 6747
13154 8360
8891 11498
9107 6592
21962 3054
9022 5257
4845 12553
20026 3474
2966 14428
16765 2809
6418 17121
11547 19261
5793 16450
2567 16434
21648 7604
4886 1347
1560 2290
2645 12093
10422 20251
8562 18283
12338 12274
1404 9512
12181 6079
15798 10850
6423 4019
12820 21806
9236 3378
1909 16201
1649 838
19059 5513
346 22304
3927 1522
5423 2176
19467 3676
8545 6689
5341 16963
14155 8008
18608 20435
6910 21741
2621 12161
21288 9181
11273 10359
21642 18819
21496 7124
4280 14977
13420 8388
8245 23431
9161 16408
18791 18156
6384 19569
3642 16505
14566 13408
15373 20437
15039 15466
8510 11315
9279 9997
11746 13175
2340 12340
21075 8105
14240 9501
10553 9805
5380 14014
2842 11030
17299 10426
3164 22634
20428 5627
10718 13323
3544 14809
19086 4348
7921 5503
23543 21748
21489 435
15669 12748
16910 2544
18136 19126
17793 169
16593 23544
12879 2181
15289 5493
5538 7349
18857 13042
10588 13825
7144 11184
14356 5971
17905 8595
2034 1816
15391 13150
8482 12410
8273 19446
21604 6090
14881 22832
22758 5748
17968 15816
7562 11291
5545 1302
9855 8226
7821 12736
17718 5484
23331 12864
12097 15223
1315 20773
21953 21262
17771 21379
3879 6747
1762 1070
17031 16942
21713 14760
16725 2836
16818 21524
70 16028
11606 22368
16607 781
1766 10309
3868 4227
4557 20604
12967 150
6503 20139
11436 6790
18777 20958
16715 7035
8365 10311
12809 20027
15222 7492
12703 22656
20568 23351
7213 17069
1842 7378
21115 7667
2935 8752
2494 16646
11977 18763
12247 2691
16581 9525
20000 2672
5757 5908
14172 8895
19664 23595
10875 23511
16584 9901
21105 13881
13279 22878
13376 19826
2779 7702
18573 9150
21278 2544
11570 9069
3937 22000
4432 8095
20231 21905
10834 22223
22018 21230
52 22958
17188 22044
21753 669
1069 14102
13771 13891
5208 2387
16508 8818
8882 8990
16065 9133
14794 19415
1683 719
16263 9347
15941 13750
6375 9793
21300 15182
10084 14126
1259 12852
23674 20559
23303 3029
3212 14655
11128 5732
14674 8567
12049 16541
18250 9946
13875 9180
20832 2990
680 8146
16116 22650
11385 3682
22017 20845
12231 2441
16605 20726
20087 16902
8265 22748
1798 11411
2837 8888
5886 17441
17154 13482
4959 3843
18551 15251
3189 1921
3495 11587
3694 16789
11772 5163
13573 23161
16160 12443
2665 19816
10093 470
23684 15733
22456 21362
21931 18913
11958 801
9588 1974
120 17186
18614 14617
13186 9848
13271 14008
16863 18523
22750 427
8337 22159
19193 22077
3672 18811
1954 23467
14415 1548
12628 10289
15622 1665
9174 2686
5311 675
15680 21594
11781 20309
10594 6846
7048 13182
5671 12145
16131 11039
6867 19020
7717 21916
8637 12408
18622 14865
4321 17443
12408 3817
10110 3259
8667 21469
13895 17434
6025 6229
6517 2724
12935 4164
7753 12423
11316 14373
14363 20870
8570 13420
7207 21727
19274 1902
16735 433
11351 3638
15996 10254
4042 4292
2474 21002
20034 22172
14996 21830
18364 10660
21731 8346
1412 9553
16428 12797
17127 960
13014 5067
859 1532
5944 5809
18134 2098
3359 9181
20899 743
19213 1255
17660 23387
21665 6624
2840 2634
16144 1528
1538 3887
21019 1806
12090 14387
9919 1943
19999 15107
15721 18690
6588 13065
19705 22524
19045 17895
15536 23474
560 3769
18582 20204
17884 21470
23619 6649
20858 11330
7511 15189
2578 10587
4140 21375
12385 1616
14083 11092
22561 2510
11807 23001
1437 13281
18875 5796
5352 16397
21347 17928
2483 18290
12022 4844
8275 15206
5558 10249
23490 20598
20256 1312
3847 2096
17401 14529
20534 9590
20697 18489
22666 4046
9482 135
15717 19506
22448 6436
15864 22723
16040 17246
10253 18407
4010 18144
1040 18678
6942 23065
13193 14307
15168 14767
21194 492
8527 23180
19074 20919
11540 8988
16447 6610
12327 7969
12101 21103
21527 15177
11216 13784
17667 14795
19766 9040
17768 2052
19769 7053
14220 4961
11149 20979
20625 9843
16345 4257
8077 17905
4867 2344
2886 13006
22247 22188
10605 4378
10705 18799
10121 4648
14546 23022
8705 19369
460 23032
3640 21467
14941 3510
8152 22865
8762 9509
15939 13810
8256 11214
8558 461
7843 17983
10245 609
20312 17525
350 4954
20207 17255
4474 9634
9875 10129
18080 6757
22639 10187
11738 11151
1095 7821
14064 11496
7872 11648
15472 20474
18098 12517
18340 8699
9045 23295
10913 12529
3384 280
16592 19170
13669 3004
12984 18347
2240 11039
10089 6760
17411 8835
564 13925
16006 22819
19439 22962
391 10384
1002 16749
11896 10778
6771 3551
14648 22299
6653 22135
21985 10262
14779 1384
17697 1891
9840 2569
7987 2160
530 2740
14666 15565
17105 12370
11555 23639
16458 8942
4505 15135
8355 20409
12114 21702
655 11857
10106 4779
3323 7105
17365 15203
21670 7322
273 22943
2722 5894
17206 5830
10779 4770
10019 22065
22790 14206
5037 20969
17230 13410
15956 7148
2099 4923
367 17660
6206 9059
1507 18267
13947 1804
18773 21684
6299 6336
12876 2118
12524 16
12671 4016
23604 22602
2832 4164
21582 2476
16494 6955
6750 1205
10291 11447
7754 1920
21611 22079
21417 2838
6067 18119
1089 20527
17303 8301
12478 14116
99 23642
5704 20564
13885 12763
10363 15026
2140 14421
20039 17282
20556 3513
4743 2625
15455 13220
15433 8336
4043 13330
10937 20849
21978 12957
9497 6131
2113 23624
6323 8857
4300 18369
14639 12480
10318 349
16597 9927
11754 7379
19661 5392
8297 7295
13605 7928
3016 10328
3282 23231
2186 15079
12374 14984
18849 16095
23705 19687
10081 5345
22087 4842
13443 17985
15586 6710
3844 6380
4787 15670
16246 20954
17056 1137
7001 3111
12566 6707
6755 21881
8254 1647
7249 5325
3206 17966
7217 15331
17539 20320
10967 15108
17187 18232
18364 4295
19865 3866
4618 5535
11771 11736
17129 5608
2465 3768
22659 422
6866 21357
16590 8412
14582 16284
9481 22988
20698 17366
2945 13151
18091 15799
20813 1868
2566 12696
3341 3911
113 21086
8636 17781
6860 7270
12299 21140
17449 41
17102 5829
14679 19473
10436 20507
10676 5749
15419 11584
17872 15343
3116 7274
16118 15451
5332 644
3518 305
21657 15435
15745 7901
647 155
2294 4984
18929 22802
13796 8829
12297 7011
860 10614
19170 18528
19471 4493
9436 21693
8758 4715
4427 16627
19659 5654
19434 2824
6327 3839
3016 21502
8278 7772
6912 6050
1673 20147
11119 9604
3300 6976
15589 10733
19091 10464
6963 3098
16733 23033
17941 18653
22319 21358
22362 6881
4313 10985
14090 17308
2130 13583
14399 15691
15662 19322
6803 437
15487 13210
15050 12517
2204 3445
21041 11062
21217 13792
2785 15858
21639 17403
13204 21975
17439 6253
19190 7855
8227 22152
21350 13457
15549 22362
6760 21047
10975 19734
442 3273
12373 6995
17507 3098
1654 14178
23423 9923
19974 1073
6037 16915
4244 4260
12633 14410
22944 13835
21343 1949
19056 2628
11155 6748
13514 2341
16099 20041
7513 12783
10112 18462
11668 6682
15129 2160
13735 18310
17600 21315
18273 13509
20065 6046
16240 19007
19843 7396
13949 8076
19771 4614
7599 18122
23252 2356
5529 22884
13723 7673
6695 8746
832 13265
23613 1304
20915 903
141 745
3041 1085
11600 21274
3368 721
15749 6213
12726 5564
21571 20104
10530 10715
5601 11588
4981 2811
19469 10917
13872 10163
15371 17276
14405 7767
14972 10456
19155 7441
15033 9196
17740 16124
10754 22187
35 21460
6 9362
3626 1017
17990 8623
14709 15589
10402 18890
12298 23100
7182 15303
10453 16745
21513 15817
9144 23044
21924 330
12541 18632
1985 22140
6958 14434
4576 2132
732 21215
4335 18970
15516 6097
14252 8029
2002 11321
5583 9569
15125 20285
21442 21834
4406 20073
3746 2224
783 525
9956 1694
14859 21652
9345 6425
1748 20517
21450 21937
22841 22898
14772 22806
1822 12155
2970 12621
8503 5763
4468 5819
8857 7186
18611 6710
22148 6295
12835 7108
14472 16662
14595 17812
653 10095
14668 16087
5408 995
9958 5093
18800 16474
2887 10313
5948 15038
11113 18003
8382 12917
18909 17149
8384 4075
13347 20475
5814 8371
13105 12193
4833 20360
17205 3448
704 9601
22191 18619
10755 16281
21773 21137
2513 11918
10810 15185
8668 3058
306 8259
14322 13049
7200 18409
1591 10745
17803 11237
13609 21082
2679 7003
7227 20565
20853 11878
11225 21839
6470 6904
22984 5484
10936 17284
21975 10998
15475 16832
11301 17708
6141 6420
1474 5686
6900 5822
22992 4022
21129 3353
6189 1259
20716 12643
1005 14765
6105 16588
15118 6627
20645 3339
993 19258
957 14800
5880 15824
1019 16307
19838 18033
15578 16011
12299 1864
5159 14628
15454 14224
6637 22458
20441 8701
12169 4009
21440 12318
17822 10717
2131 6645
14793 5672
1423 9340
15170 1884
15415 8220
22758 17301
11461 16519
9246 9899
14925 22818
22630 13640
18455 8097
1392 19393
1184 22797
9448 11225
12735 8179
11020 13760
11716 18606
20043 3511
21038 15618
3143 13523
6828 14884
18528 17890
12404 14209
23358 21532
11367 10677
2097 1568
13288 4812
1101 13193
1959 7440
493 19605
11355 22690
8604 7653
11312 11504
9428 3033
4639 21287
19136 16231
6902 11087
23485 18163
8899 19882
19876 2863
5562 23044
11107 23523
23170 6273
1643 22866
21051 11682
2515 7599
4635 6447
11814 9423
21969 23499
22460 18814
10331 15355
14442 5477
9075 8557
13062 8062
278 13784
11449 14612
15154 3722
17147 6631
19577 23381
10097 23069
15631 9876
21759 13883
5222 9245
2800 13453
5907 8879
17407 4264
15301 1048
5911 13115
7050 1869
10312 8914
14778 20940
7663 9387
23572 12437
17202 11919
15314 13836
18124 17873
7919 22646
7138 20599
16005 10714
9141 608
3413 22439
7781 10772
9996 17636
14032 7255
16112 2688
2317 21149
6852 7195
14050 8874
4593 5097
10261 15785
16269 20176
11940 3168
11690 13328
11212 11725
17842 10552
168 16994
23007 9203
5527 10527
14364 3832
14120 17711
14072 1643
17973 3520
18377 10179
7696 8746
22950 4538
10890 22014
9814 10397
15156 16422
18379 8167
22643 2663
20361 11813
2143 3585
8798 19786
1364 13016
19398 19146
6856 20640
3541 3724
9670 15924
7446 14455
21725 15236
15324 7477
9490 11747
3596 23126
7826 20478
20071 6136
21964 345
17067 8525
22634 6503
21051 23341
9979 1386
22827 1181
3172 809
15194 7346
22071 11293
17780 9843
18593 4030
14377 5103
7722 21409
3610 8011
12935 9614
10264 17868
17421 19188
2249 17888
21966 6562
8978 11976
14439 2901
14433 3476
13708 18226
18816 3163
4658 17964
7257 4261
23101 377
160 14383
4728 10164
16268 7028
4024 12707
12052 12573
14481 2930
5010 6414
16920 7203
17840 5867
18211 22228
6391 19489
4671 14909
8271 11097
70 20636
4786 13755
16636 10874
13333 19638
13001 13797
16067 3751
21033 19683
19753 2061
10670 16809
14481 17945
4423 11858
21123 8092
13099 22623
13173 6671
18586 15329
13301 9338
16418 8066
8312 19766
11679 15183
14045 953
14622 2477
21868 23395
11559 4802
5278 9186
4629 5409
14066 8903
3541 16232
19904 13939
10938 19128
23489 9882
1707 20858
5302 6139
21987 16213
4014 16829
8971 9593
14880 12290
18576 698
12167 2787
8858 13464
6372 9271
15903 12018
14703 12176
4854 18646
18856 4023
8560 13764
14268 6515
8432 21133
13790 21761
3720 5092
8241 2053
23481 4181
10085 5795
20075 20250
2245 22044
15244 18950
5948 11838
9957 10487
22656 1247
3783 22271
7320 20733
12031 16263
12046 17865
9516 11602
1962 23087
11577 7349
14203 15653
14069 9015
18506 9202
3279 1939
6407 15894
20610 6866
14650 15563
19147 10590
3380 21077
12805 13488
809 13175
12856 17951
19135 3609
22880 17052
17239 23470
15800 5411
23679 4869
16827 1005
9521 55
4694 1164
8915 8702
11237 4070
4024 1404
10522 9080
11636 12057
8827 4109
22497 8408
16523 10932
17972 1619
15436 19404
13052 12432
22929 586
5853 7497
364 14372
20722 6067
1653 22154
12874 9507
1547 10340
17482 1829
19336 22833
9376 8762
9994 13297
394 19501
7853 12700
20657 17917
18842 5682
23469 15473
15935 264
1012 20375
5624 2775
6431 4353
4504 6126
7350 4143
23202 689
412 11257
7479 18668
8181 16132
21625 6959
3940 12679
4776 16089
882 14196
21224 691
22610 15368
11742 10983
12236 5448
8094 792
22027 11227
15305 21894
22003 19041
5192 1497
2322 13239
12571 466
8049 21736
5600 19250
14901 7089
12864 10713
3327 12384
19910 3959
20158 12826
144 17053
3678 19477
6549 12894
14644 15558
10114 19618
18975 3934
23710 16982
12578 11073
18950 23056
2997 19685
23016 8283
842 9743
10542 16265
1665 10950
19486 15676
17863 9662
22761 20358
22038 7601
20047 9205
11056 9277
14896 11427
19333 21837
19955 13483
2167 14199
14598 12556
15965 23495
17575 719
4352 4143
20418 18624
4957 3943
11188 12160
4165 23609
11399 5389
10924 18155
5195 3573
20602 1660
18149 7663
21305 2895
18351 21099
17936 13622
22791 5313
22047 19341
11095 9753
12992 14555
4411 696
3473 6593
240 7893
1785 17660
13949 15051
11534 4424
156 21598
6321 19735
6957 12331
10832 6134
11851 7077
22070 21540
804 9227
4512 16559
11645 22477
6754 7896
3423 22354
4537 23262
6083 22243
19988 10193
21244 15686
12694 16390
1572 21033
2296 16659
2372 17898
8084 20290
16781 1136
12509 11493
1052 3534
1925 7428
7581 20905
1435 19228
21350 13838
10678 2144
5555 6794
2161 4288
16164 22383
3922 22348
16143 21131
9516 1328
13816 9072
14542 10650
9311 9921
14954 6784
15018 6384
10316 497
3615 12447
3671 20485
14706 6407
10485 22750
20023 1143
14720 22483
1983 15947
23305 13734
8472 21451
19421 154
12411 22989
7574 17604
9860 11213
2776 11074
17887 22702
18717 13889
1840 16783
1687 10389
15657 18707
5590 20019
10219 14623
8109 9331
7700 17109
6322 15734
7521 19764
20680 16129
13608 18024
18381 5970
1541 2682
5457 15533
6093 3286
2843 13111
3594 8758
13685 16014
22298 3021
12200 6160
8841 10679
115 19995
18349 3571
7952 9450
22486 8065
11724 5736
16530 22383
21858 13000
6444 1883
951 1597
16317 14325
806 6926
6555 18490
2703 10942
21773 2265
12997 4993
3300 19851
9811 4911
1724 9832
9634 6675
11744 18230
7584 18315
22422 1974
1847 14173
15218 19797
21970 18682
19132 15238
5546 16830
14547 2828
23597 7338
9456 17031
22709 542
20150 14230
21686 10216
15818 948
18484 3768
9465 15922
8288 13833
173 8886
10764 12743
12148 15809
16287 21909
11780 10311
22135 9598
10557 5955
4476 7608
20728 17508
22346 9764
4027 20617
2305 1105
4451 20540
12737 21211
1596 4775
9915 13374
21892 13477
7413 12834
3973 4825
14168 2749
7178 4466
18280 14452
19524 15591
19892 5931
7268 18300
14600 15750
17587 9099
3332 19152
9942 20125
17456 22188
14727 5406
12998 5825
521 21473
3675 17792
720 16179
14841 19846
11344 18049
4933 10415
13711 9711
9820 3633
9626 1618
19155 3816
1414 7966
9051 20463
20944 14290
16919 6902
7723 4937
17894 22064
3229 6691
12586 3241
21908 6271
7197 8749
18439 6080
17051 16249
21301 18426
8159 4724
17716 23269
19173 12290
14703 2142
15180 10689
849 12485
12757 22261
15393 3608
13876 12804
22939 320
6396 13949
13249 5182
6284 18675
2103 22509
773 17023
1804 15862
890 19717
4969 18183
17745 10554
626 13375
903 222
12154 22814
4688 9656
11305 22156
5056 4251
20948 8321
11960 11012
13111 2304
7499 10876
20876 7632
12596 8574
5133 17245
1395 9836
16908 22652
17258 3344
5367 16808
3069 16528
16526 3369
17429 7813
23339 9105
4635 19112
1869 23413
21569 11645
185 22676
5110 19438
14523 22571
10626 9213
22431 9885
11698 16002
7005 13489
8131 14543
19025 15312
21589 12625
10561 21722
19125 20692
12600 9580
19468 4507
12657 11489
1121 866
11550 1342
8177 18536
8280 12335
6665 4666
17950 16772
11109 13206
11125 16959
166 13428
20257 17859
12042 6188
3639 19867
1267 16555
11656 3218
3070 7148
12478 18019
11804 7845
17765 3680
11021 3013
7570 18731
11420 20144
3589 1682
17844 16280
3718 10554
5224 8672
3881 11141
19552 14042
14101 6623
21891 19727
13144 4451
7627 11616
5557 928
5651 12205
4978 21910
14308 67
8962 20258
2673 16493
11800 16954
2902 10450
7909 16482
21153 21569
22734 18344
8884 3806
11747 14469
3872 23662
3947 7163
4258 2772
5700 17524
8858 11541
11795 11352
845 20455
21670 5906
9933 2561
10677 4303
22995 16699
12123 21578
167 16254
5347 14323
10274 13433
19271 10629
2771 11143
16182 18111
14320 12842
21011 6535
17847 11575
13677 6504
7161 1516
17733 17986
7247 19776
10272 22524
23077 3269
16094 7607
1376 13148
3252 12397
17467 19379
19765 3962
21920 14007
409 18530
18543 6508
17722 10825
16943 16185
16153 16361
17317 1379
22024 1921
11109 20533
731 23640
199 932
19063 18052
11474 21138
2467 6688
13214 22956
22249 3610
15185 4861
4088 15334
662 13111
5210 2139
7998 15568
18116 7071
22214 11989
16426 7603
1324 1142
8601 506
503 6378
4863 10600
4811 1650
8837 20021
18852 9982
22301 20107
7173 8167
1247 1277
18797 16337
18210 16169
22456 11571
4195 3711
10980 11348
18258 4127
2369 9653
3602 20589
5680 14394
18567 11901
8434 15179
5115 21785
12886 23696
11273 9137
2925 8000
8803 6754
21023 10186
19612 5856
9595 7062
20004 9340
20013 8093
20289 16630
5329 583
9698 22039
14407 15774
14694 1295
22576 3854
3109 550
7137 22099
17573 1617
9209 5258
2246 2191
11545 8619
1079 4805
2460 12702
2349 22958
8215 12770
10088 8516
22096 11121
19699 8242
17702 14178
9132 21546
19911 19047
11739 16283
14450 11134
17586 22444
10226 19128
9044 18565
19960 10485
1378 845
9025 2959
21766 3588
2976 19610
21360 4956
1067 1112
9605 1627
157 11317
8201 23378
14117 6223
12293 911
1708 22390
16139 15257
21999 18789
5877 20930
5508 22239
13558 11096
2805 14316
13441 15777
8282 18219
1634 18965
979 12845
13814 2368
5631 11907
3319 16463
17360 16510
1797 10402
8015 915
2876 11238
17014 16288
19367 19330
8773 14537
19982 6933
15357 23312
3483 4603
12787 11922
6390 11984
15335 6634
22445 21290
136 2090
11076 13807
3675 5794
6871 10123
3668 8293
9335 12362
22054 20521
20653 19877
4169 9925
10018 15339
9862 10691
23365 4188
12313 22442
3589 10309
9175 23403
10103 17409
10511 11461
6389 3679
11530 18435
13348 10217
1300 6509
20527 5026
8517 9799
8162 13895
15792 22719
6216 4825
17053 16532
6964 7570
7760 19659
18387 14796
14499 13609
6094 2735
23010 17955
20504 17681
19040 13927
17828 9655
4548 13996
17363 5730
6943 14837
21542 21495
3943 8859
18965 7459
11776 9096
5560 10521
4339 10320
19991 18351
8346 20226
12325 11422
7584 4721
20037 3887
17395 19377
16991 8084
8614 14354
2644 20084
10955 20787
8426 10021
5127 10470
320 7414
12104 17399
2560 16558
3796 9354
15776 22164
15475 19669
12710 17440
1860 16038
22395 11602
925 19992
10624 14504
21746 13683
21253 22926
11503 16844
23638 591
102 11010
5827 4914
8128 13738
7582 21859
6375 18147
14287 22431
12137 19619
19201 6362
17181 5067
7149 9828
7818 17035
3315 18809
10586 21464
1349 20796
22600 9679
19491 16126
825 22010
6632 4368
2532 9173
7359 15235
14387 9875
12372 21907
21930 10414
3558 7262
18154 17146
22762 8269
4921 6566
22473 1797
18752 2668
1008 15746
5733 19368
197 10202
21502 9616
17105 11744
16058 10720
3593 11445
18671 8457
5074 5050
22634 6335
7287 10327
18904 15975
4136 9263
3017 23148
9378 15050
17435 190
15258 9909
10813 18016
11229 10841
4412 8497
17371 6598
13804 15154
21570 13380
11449 918
5577 2428
12611 11324
10610 11056
17283 6884
20847 16869
9996 8330
15362 16087
11850 3886
8591 17639
12878 19986
20889 16568
22063 652
12817 22160
7208 21174
2562 15291
10205 7333
3167 20395
11196 8626
19037 16210
14997 1471
9723 10026
18892 4552
6156 13581
23473 14318
19868 21297
3659 8155
15722 6147
5101 618
571 22043
18069 5325
3301 1926
22142 22997
2960 23280
22500 10062
17411 21496
7759 15102
2338 13218
20465 20665
5692 12698
6225 23615
16194 2814
19274 11723
11964 17873
21948 8508
16792 16613
1370 16920
14402 13312
15053 22976
21174 21622
1007 19265
16128 394
18225 23363
19699 4596
2666 9171
5036 3347
9060 21840
11391 3038
5315 5233
19312 22857
15568 7764
14408 12803
12845 11439
6347 6938
6311 9940
10016 18489
14581 19791
19809 1399
15586 4410
11865 13110
1549 5348
16303 15259
22506 14446
6319 5163
22661 16107
18133 4682
8496 19283
16617 2397
21339 13983
16143 1439
16213 9417
9349 17448
4430 1217
13281 15470
8948 2454
20137 15255
18476 11259
18047 4482
1037 20593
2442 995
12079 7596
12896 18106
12946 10768
10567 18248
23280 10335
20149 12371
16125 6237
22332 14689
12654 5019
18329 22647
18793 10471
10910 13958
16768 13892
4461 2850
9120 8395
20128 7967
4277 20995
10429 6962
14330 12950
10971 19485
3957 19461
3509 22459
8214 61
6226 4298
13541 13398
3452 12054
7020 23676
2871 16012
17237 1544
10188 22059
4956 6539
14368 16367
21317 10465
17461 3906
1913 3324
12494 3043
5167 21120
19593 12612
10972 4053
19015 11925
17985 5562
8065 1282
4083 8358
1094 16454
4628 5537
5073 20774
896 3572
9779 1391
2629 224
4597 14389
8533 6969
16111 11962
17091 22446
23572 8414
13012 6606
4023 21901
8829 11756
20571 13332
15237 8485
3737 10431
3084 6184
3248 13027
14167 11512
11138 3725
7145 10367
23053 12065
13512 1278
8763 7733
1764 518
8501 5828
1382 4443
20597 17910
5084 224
13802 2434
2126 7700
616 11632
8731 4414
3666 18019
13889 18888
10009 2896
8489 11425
16370 5761
7329 15492
20904 17144
8852 18738
17039 18334
15861 9907
14508 21746
10297 13151
21954 21436
9782 20782
3826 2384
11369 2075
11029 22981
4462 3469
22106 21153
20010 17536
9128 20828
4087 18527
4901 9588
2438 21878
7731 9866
12913 16826
9623 21365
15308 1344
4720 7764
13793 13255
15012 5239
8929 23015
13091 14662
4905 22022
2548 21435
16403 8270
18398 15014
15201 332
14130 2873
4399 11453
18251 16379
4616 13746
23121 18643
2862 7336
7489 4946
14795 9280
5811 1517
4676 1852
8510 6654
1271 3770
8715 5421
3437 10602
1685 2254
21814 18102
21080 14964
5532 8553
14226 15150
22641 21993
4163 12689
15252 15992
20510 12068
17501 3226
14067 10728
4084 18061
390 12448
7365 13883
13640 14441
16688 5135
21614 14591
4069 10730
967 1732
1815 3921
14776 1349
20596 14058
8376 11947
12898 13475
7292 5496
4484 23625
16657 7878
6478 20690
4701 3139
12130 9407
10289 15354
15524 1552
17895 385
23356 23465
72 15069
2422 11744
13807 11887
3346 22435
3400 9947
12629 15845
16253 13874
8439 7402
12692 4618
10470 8062
22468 10369
22532 14264
19222 21031
759 14642
959 22286
12946 22260
10906 17282
17408 5016
14819 17103
10822 20861
8211 5606
2066 1365
7247 20261
6856 12995
12183 21476
4820 17467
7265 22207
285 1166
10550 20702
15878 11467
19038 21831
7450 16675
14759 11392
1068 22225
4823 20284
11700 15769
1896 17855
525 13859
10006 8115
19197 19097
13316 9652
12745 15352
8782 3866
10931 1495
8468 3939
22949 19477
2120 17540
10481 6390
3702 3775
19333 4121
16271 18890
23567 9405
4201 17641
1037 15074
11899 203
8629 14844
19628 19624
13152 11757
5166 19059
16648 22244
6634 23485
7864 656
14665 6325
9690 18546
15692 10016
3492 11809
12895 8531
5663 2656
18512 21538
6108 18420
2152 751
9104 5213
13709 21976
21928 13672
6247 12144
18519 1223
7247 20111
2857 23363
11547 3794
6887 10656
19057 21359
9803 637
6890 7701
1035 23384
23228 904
23096 9591
7695 9322
14533 179
1337 11761
6044 2848
10162 14587
18922 12007
4866 18476
3894 7731
7732 11718
8849 7425
11524 21562
13574 21733
2586 22232
1536 16396
248 20927
14988 22461
14755 7697
15856 15118
3829 14925
4443 16687
435 11421
17800 9357
12764 5340
18175 15784
15760 12016
14165 19596
13756 22349
14407 5183
525 18660
8986 19629
19051 446
14418 12430
8268 16947
9268 16191
4285 1062
2289 12513
15846 6405
17034 5917
13137 22259
14475 10077
15349 951
18500 22859
14916 15979
19983 16065
13665 5346
6123 9822
23514 10710
4328 6772
14578 21950
10979 14510
6426 14498
10647 15937
2229 17771
12292 21349
15803 22385
20619 11297
18870 4592
22166 15854
23238 3790
20718 3099
12353 20411
20281 14359
9411 20298
4372 4735
17092 23179
13392 5283
11410 8402
12895 10961
6289 23589
46 1057
9536 12532
11647 2994
2219 8449
9441 13024
14558 13340
5968 11912
17352 22875
9931 20452
7932 18740
14626 3557
14616 11080
12123 14579
10653 21292
9486 21405
4025 10480
8077 11916
6959 7058
14227 6598
379 9941
22933 4566
22235 6728
19527 23431
7721 15713
2736 16988
21802 20642
8690 1706
16211 8385
7328 21679
1900 11295
13562 6786
9483 7905
20298 23334
1447 3660
8387 9065
20506 19321
8244 5559
1252 18329
12885 5952
2508 19297
19628 23602
13858 10333
12118 3450
11892 15612
2845 3070
18349 20789
2311 21398
14765 11190
13222 14720
5058 2636
23356 9563
10620 18107
19014 14284
15464 8401
3193 9284
19276 3233
13956 21070
5161 8166
8445 23563
4089 21244
7923 19880
22866 6650
15524 15566
23144 13148
20942 14218
7882 15317
13391 17574
6063 21988
7593 22272
6109 20318
7428 19590
8421 16964
19324 5517
16425 18522
9153 15057
8797 2947
3521 9300
10173 8965
9312 10285
4672 19641
23496 13779
7097 11542
18575 17900
523 16279
16120 19221
5711 8580
16525 13733
1698 16025
19329 16269
9127 20187
3102 2571
13815 16122
5515 21856
4070 59
646 6503
16982 9993
19479 8227
2690 10442
9775 14470
22307 19926
4845 8101
179 15249
8502 10652
17013 7034
15 216
19722 663
17731 14050
7758 13034
16294 20296
12128 10875
9637 1632
20140 14715
17085 18454
15105 15843
5518 20818
23267 12526
5344 17393
3965 13015
14330 13894
8390 87
1679 12798
11157 9714
20138 13884
17937 15757
7767 7353
6964 17029
20770 16034
5225 5477
5816 3705
18586 10564
19623 9706
11711 3419
53 15920
14418 22591
18226 10446
8563 2660
17189 21630
20008 3622
386 12346
17319 23534
11298 6744
20993 77
9651 15141
23479 18610
7173 769
18768 12871
16612 14064
19223 7250
19886 16805
4175 17582
13348 3197
23246 15970
15323 9617
7280 2492
9965 1210
16906 9671
194 15264
19584 7899
8302 9123
1953 6973
13759 4598
8080 819
1585 22075
2086 21995
2954 22759
15865 5953
3195 11989
20799 12204
20063 4332
23164 11530
1531 48
6654 7373
181 8478
2058 13245
14503 10150
7346 3656
12256 4613
23043 16287
8238 19166
18468 1406
14279 4322
22579 490
8513 17439
6330 3231
17883 1923
13290 11264
2377 18968
20594 21620
19966 13155
4110 11037
10305 22227
13953 8262
3608 12987
4873 21835
15732 4895
3561 13457
14821 4993
8253 15001
17314 23062
7360 3242
2405 7658
16100 21364
10300 1436
22478 4989
12775 9223
13080 15694
23658 11637
3939 306
14310 5089
9216 15334
18713 15875
10644 309
10356 12377
23164 22942
9419 10166
5812 22780
7293 17077
3207 8050
6161 5101
14013 13984
6607 18680
9246 11971
2308 22046
12905 3335
2986 16285
21355 5525
11412 5514
12643 14139
3073 20380
12151 22169
17729 8750
288 15656
4192 15385
341 21825
15706 7230
20120 15749
6204 7922
12481 17010
657 22347
11344 4948
17078 3255
16480 17696
609 9948
11509 12161
284 4691
978 11012
14122 10947
16911 5465
3842 16793
19775 19485
21243 10052
4248 5502
16721 6168
20374 15359
10692 5042
14696 21029
17874 9976
17962 9212
5545 5829
16081 19265
15784 21002
16243 20513
5342 1577
15350 17759
9260 11688
2323 16751
11924 16547
9283 15877
12544 579
3140 18655
10906 5019
6205 2284
7840 22494
682 4536
22151 7483
23515 11662
3499 3031
1150 7382
19922 9689
8887 21841
8308 21111
11540 8839
6229 2338
4352 7345
2976 15345
4432 4785
12712 12288
836 12247
1294 14741
6859 17287
13149 13491
19114 18772
21235 586
23020 22446
20622 18040
18482 3005
1832 10478
4801 19968
9158 10213
13676 5409
3766 22191
13379 17408
5571 20944
19079 1772
11273 4867
4479 7853
18854 13933
3744 12708
17239 15168
4557 6675
16606 22581
8604 1150
1819 23140
14075 16263
19687 16304
11050 23255
15781 18307
16374 12036
403 3410
4022 8027
8051 13901
19538 20877
17719 19133
1537 5911
12974 8081
18941 19333
7805 23359
9796 17961
17261 18901
17285 9884
6142 13296
20233 14790
11258 13552
13783 11139
9191 22298
4546 6576
10775 4412
9578 23188
3044 22265
577 8854
14658 16780
14541 21378
20329 7147
6451 22952
19961 1172
22285 12439
13712 19252
20103 709
14604 14874
18560 7209
22796 13644
10655 738
17651 1495
10383 1463
1506 5502
18955 7365
14842 13946
10685 10089
11808 5106
7505 1421
13407 5875
20734 13468
17424 22600
20898 18038
15522 7554
3261 16727
23476 1464
8337 17728
6158 15105
19227 21011
4890 18261
3310 322
3056 13151
4409 19864
20351 9443
22102 19558
19448 18895
13690 1180
21678 22825
18669 17839
22435 21619
6179 5868
2224 5822
15737 19112
19268 16126
8738 14342
9496 5032
18181 9947
5345 4498
15290 23669
21086 10851
12773 20789
585 8928
18130 335
2449 18815
2045 2176
6464 13712
5041 5346
11614 5085
18978 4880
21066 12956
176 16488
1078 9368
11042 883
897 1673
23605 9543
15506 18720
7283 12106
12241 11086
6760 2740
3990 16178
19131 8691
3867 13102
23230 2268
7802 7995
2522 22512
1986 15315
17673 6883
14088 6056
17104 17421
22476 9508
10973 16265
592 12334
21434 15317
9628 17084
20865 18860
9027 14541
6014 4572
6064 16140
14924 3267
7723 6138
11072 7053
17705 15902
20595 4138
12860 19682
21017 1543
11140 23400
12971 22062
18268 10812
9812 7389
1775 13693
10365 3795
20822 3797
20756 18590
19641 2142
403 463
764 14906
23635 10534
22633 17750
2271 9681
6231 22212
15623 7270
16773 12913
5691 19916
15418 17862
14082 11757
18813 13914
21058 23598
18620 21997
14340 22666
6497 7047
11671 1060
10327 22889
22869 11122
20454 8031
2660 14123
10661 3740
2164 19331
16307 23530
6256 1653
12252 3767
11942 1640
802 837
23434 5996
23656 14182
2653 20066
4205 8471
9707 16728
4589 5710
5353 2205
17104 2100
8729 1242
9449 3859
22440 7422
1066 20807
2575 21577
7990 15315
12672 2045
11302 8178
13021 21337
20482 3771
18671 1552
23390 16637
2469 15247
7024 21717
15093 13974
18915 14351
2797 1666
22479 14886
7915 14475
6635 3208
18441 21790
18679 16924
114 8737
23323 23129
7545 22481
15601 1553
2237 10208
18751 7301
4081 4904
20725 9185
15036 1860
20393 16496
13235 9873
16295 15369
19106 18102
14400 2443
11526 22721
18787 12972
4668 1387
325 19146
8981 12542
5196 11719
22399 855
12965 14929
15568 2149
2131 4372
21755 16145
19639 2669
22289 11995
14093 12748
11689 2511
21567 7410
7713 983
23622 17736
20769 9028
17273 15578
9819 23109
17565 300
14889 12697
13143 12768
23112 15915
9635 21524
3484 17808
9910 2897
4867 10697
23585 9894
21656 8976
20110 7266
19566 12070
22153 14042
18740 20930
9380 4913
4938 2220
21081 7133
8814 15492
23159 9124
6499 2809
3684 5357
3535 8833
5146 1808
14751 2846
10374 415
16640 5747
15190 4199
9809 533
10837 5166
20031 18010
7775 15975
6414 19345
1650 18113
6523 20102
18462 9916
308 8252
1705 9845
23673 10878
13470 12489
18351 2187
5211 16436
11835 13335
13161 7051
3127 6613
12775 6786
20176 4584
22352 22677
16471 5927
7541 2029
7685 4998
5220 21778
13286 893
12012 9201
22102 22745
9497 5673
23704 14830
14654 22323
5716 14838
735 16221
20033 16057
8055 7280
21603 15930
19994 12531
15343 10964
1059 19823
11835 18627
8442 14959
1861 3218
17271 20425
13570 20821
6990 8539
7524 10411
23274 11350
9949 11556
15821 4604
5104 7430
19218 11676
21481 9979
15799 20684
14455 5668
12133 9198
2130 21877
19267 17505
18947 10029
13384 15238
3449 19639
7943 4132
3335 23552
5550 4246
14360 1853
18279 22465
4202 15594
3377 20340
19029 12996
5909 13686
5383 3602
13229 13421
8499 7262
7980 16365
12957 1286
9890 20964
12839 18285
8476 16973
13299 20545
18040 2679
5902 20132
8910 18966
8040 873
1042 14353
4563 15989
8287 13303
20106 5422
673 16102
21317 16801
10058 18994
7566 1284
21903 20760
16298 3561
6932 15606
7351 1475
22720 9543
4883 7291
20576 2177
11993 3873
5221 19957
10630 15714
7573 9512
22593 23100
11492 16978
20445 17710
5095 10586
8724 3566
17416 17245
7646 16944
17066 17830
22736 13965
6888 23562
4756 4119
6098 12399
9507 22233
7834 1099
2745 17991
12994 12718
6140 688
21774 254
21706 8862
7298 17907
16151 8654
22901 16683
8971 1701
22033 10947
9640 8903
11580 11303
22466 5841
20281 80
17121 15767
9987 17572
18384 3930
11974 14566
3250 20455
370 233
9566 2472
4616 11797
12474 7974
11858 2433
12057 1787
8679 10928
17291 20060
4725 22690
17081 8672
11438 15964
1251 20540
15898 2743
23524 8616
13749 22424
1232 4804
15464 12653
13629 10593
14220 6062
3860 20235
14411 20965
10161 11627
15489 12960
23465 2216
6596 10437
9291 15777
21607 11891
8352 3401
11737 13824
18778 7497
7849 9829
22539 3718
5265 13732
6585 6745
1456 2001
7527 7275
130 1421
6047 20375
15945 17544
18060 21188
469 11975
11700 970
572 16238
7623 17142
20178 12364
13801 19275
15729 13692
21889 15274
10353 13744
8558 19574
3971 6219
21658 1042
11227 7942
1260 965
15817 18528
13274 6352
17759 4496
3178 19426
23092 22523
14687 16872
1159 22714
11405 2192
8117 709
13662 21422
22738 19866
6462 21886
12196 12120
14036 5834
3239 1058
15147 21931
7267 398
13779 2849
7335 15543
20729 8366
19566 16870
18295 18204
14656 8785
20906 4303
8126 23427
18411 23628
2251 19203
1393 10773
6534 21362
18497 17385
7737 16289
20548 8748
2011 6539
30 19812
12299 15172
18578 18985
10410 22308
4931 20708
997 22692
18833 19391
6413 6599
968 5662
3469 14908
21570 9575
1417 21092
4315 16432
6638 19385
1324 16435
6280 21023
19254 225
15610 6417
9661 2545
23225 21737
10211 18095
213 2006
17320 15732
8036 23002
9758 10349
20459 7873
1848 17515
15346 14916
18662 14855
10856 16291
14716 20631
11406 3394
8783 186
388 105
14710 14191
2233 4908
18166 6549
22102 1697
15804 14848
15359 4273
880 5999
14576 10272
13430 14585
9581 8216
2698 6621
17295 11223
18200 18445
7183 9593
8332 11249
14290 14059
3805 22770
15995 10842
19918 17396
17531 15225
360 19482
20679 14782
19711 14548
11609 8107
19496 21013
9270 5919
15806 8655
8853 22500
5096 19694
1539 17954
10421 20085
10520 810
855 18609
3427 1204
16010 12146
21871 4804
1547 21531
16118 5274
21049 10959
23487 13082
23408 1241
16276 18835
18865 8334
7228 10329
9792 23186
14750 7543
1681 7929
17118 16013
18218 16995
12741 332
15503 21039
22341 2114
17134 2527
13628 12869
21507 7814
2220 9106
14634 5850
20651 1019
19600 17491
7108 10220
8803 19432
14555 8723
6775 18303
10654 4977
23489 146
16216 6542
12918 22778
8469 2546
21842 19186
2790 12843
20954 22385
11664 17950
12880 9393
12406 4097
21130 13897
22747 9878
14338 11796
388 8798
16739 15027
21790 5540
1333 6127
4034 7849
20132 15475
20075 23411
5768 13016
22923 20265
21053 3146
20462 4369
1948 15014
18062 23276
13035 4579
3574 6017
3166 15100
17386 14480
20569 12727
2984 7121
16990 8892
15367 6104
17268 14915
223 2976
5863 2859
22590 13571
12997 4363
10571 15618
7328 20000
7248 21373
1685 15813
10074 13281
23667 12531
21700 14100
20828 7107
17430 12980
16506 21703
18986 17369
11202 13810
3455 21486
22006 1827
5825 10026
4111 6286
6373 14340
16901 7520
10074 7115
7662 4845
16812 14299
18588 8379
13214 21027
1588 817
9340 13499
23534 18888
1449 17824
3363 9520
1078 20779
7025 71
10854 22632
11998 17446
20532 750
4910 7339
12740 10518
4356 23706
17348 15895
2515 12232
10279 9135
23034 11568
9279 22402
11157 2671
5950 9704
430 7027
3651 23281
13273 9632
9433 14575
8697 19087
4214 22800
7736 1203
10093 8251
2415 21466
84 20517
22215 3679
11154 1469
2567 20902
2151 6006
6886 9417
20876 20550
22208 12002
19762 15283
16092 5315
22150 1579
22139 3098
6329 3397
388 17004
21633 15186
12657 1519
10164 9517
5453 6408
4847 15624
16923 21777
1202 12854
1818 6847
21635 9154
22176 23681
22206 19099
7158 10290
22695 2597
19335 9523
5140 16637
12422 11485
1291 14109
14189 21345
820 7197
22615 20155
15795 19845
18786 16041
15292 10364
16767 8935
15812 23003
16907 16208
22085 14974
11182 8678
20617 851
11184 8956
232 5300
7087 6602
15043 11511
14456 16130
5185 18363
8934 350
20468 6535
4202 19632
10511 5620
21241 706
14059 23516
23185 15596
20656 22471
16009 6211
21699 23146
18745 20827
19978 23559
7705 19383
8209 4641
6906 15787
16400 14390
1344 7985
12466 22360
1641 16182
2063 21257
1228 4661
4931 11304
21457 18507
16094 22929
21136 18115
121 9144
12978 1531
3641 10406
5893 7725
19833 11764
5116 7193
12721 5169
8628 9401
10599 18432
11220 13436
8508 17511
17767 14285
20269 1642
11497 1723
12230 9603
6105 15812
17099 1227
21837 7653
20471 21402
230 22382
15735 9380
8882 12375
15731 15347
8297 10161
10903 11866
4977 5840
22219 6137
13071 13885
7076 20638
22558 7389
4456 1771
3041 6210
6565 13674
18236 3375
14174 23557
16650 3877
8067 7740
6562 6893
1683 4224
937 8681
18520 23334
545 13089
15968 13931
13884 9491
6303 8333
7552 9481
11861 2384
6207 11483
1858 13185
14886 1242
891 21264
14325 9880
18856 11654
4334 16364
23515 17321
9617 21990
11924 12136
4754 3810
21516 10389
20227 2592
21812 14115
2349 12031
22096 22451
12047 15127
12754 15619
19442 11745
5516 23125
2358 7870
16903 1792
21417 20940
22866 509
1316 741
15527 16670
15749 3757
14713 15141
2004 2232
17111 2563
20477 8536
23008 9010
22107 7272
13657 6205
3045 19243
6843 18177
17942 20732
7010 13395
8405 9402
7415 10433
21736 16268
12933 2707
11329 7277
3637 22861
19147 23310
6614 22965
790 22883
6287 9544
19458 17935
12141 1496
5737 15676
22801 5776
12428 17191
7965 6022
17370 9462
4254 11447
20583 1036
11437 1410
1751 11276
1533 22896
6004 21973
10289 7335
19437 829
6683 19952
7426 9604
14659 8746
8271 10232
17609 9019
12257 853
21698 20893
17500 18406
20915 14657
5973 14782
3835 5460
11083 19811
21139 10052
14439 6084
10740 10183
4750 16096
11833 11018
22659 2176
6148 3996
12485 12413
11990 19588
21320 18779
17829 19531
23056 9936
122 12098
22219 13461
9742 20105
13095 4042
14019 20330
9433 19987
18347 6283
18716 8982
17397 21110
645 15197
23436 3835
18850 11486
10946 20982
444 20553
2451 20829
14095 9269
6822 12043
17170 21993
18155 20052
19848 16009
12756 15490
4874 12231
17143 13870
3011 6812
17361 19643
3728 911
19440 6800
6474 3018
8496 8361
10159 6190
16080 3683
8301 7492
6735 16675
19870 1578
18878 7353
10472 7499
2640 7043
12684 1337
23381 15047
1205 19032
22107 16348
4160 7791
6846 12390
20701 15875
18042 12436
242 1752
19145 21523
204 3316
12505 20878
19093 7315
20591 2627
23225 16032
13257 9997
4682 19728
17270 20382
18655 3622
23029 21410
12659 8911
13772 21541
15442 2894
16809 20716
1466 23485
17556 3889
13256 3465
12341 10679
610 4222
1373 4774
2589 14548
10326 6937
20175 22131
13705 16755
15332 4523
18370 17642
10983 6169
15185 289
12032 11523
5775 20772
17396 18347
10775 12606
23041 2846
1609 2812
18366 12301
15290 22882
7447 7438
14972 10609
16862 8619
5795 21233
4068 7834
18227 17366
16871 15897
22889 13671
18988 1808
3327 6341
17449 7172
8296 9725
15060 8757
15198 22912
12536 21256
23420 21175
21561 20749
17547 1554
13587 18478
16141 1408
22160 9332
3428 16608
21504 14219
6304 10455
11552 18794
1 2622
10128 13014
1877 3685
22743 1143
11413 20975
1067 17925
7746 8628
1256 22862
8459 3266
14894 522
21747 1791
12791 17646
5731 7212
7792 163
17870 1664
18376 18407
9783 5251
16665 13064
17118 13473
13198 18580
8460 12732
9429 12909
21543 2362
14350 19835
2199 18388
18227 7299
20207 7632
3548 8102
11538 23335
16774 8524
595 597
5362 18095
21460 15062
6277 14390
21042 14879
16341 17869
2105 4807
2469 12853
4531 13749
10791 4905
16216 21443
5873 1944
2314 4611
8377 4087
23488 22689
12273 11565
12773 15253
10923 6704
7637 5595
2463 5248
21146 11302
16988 1158
11303 16300
13826 9615
2900 4435
13585 21221
22061 14637
7247 22303
18234 21322
19334 3702
1536 14167
4226 20485
7743 21190
18911 20199
12265 16898
13592 7766
14257 17090
20219 13698
15173 6850
7143 11134
2496 7655
16511 22095
2523 13209
21322 19814
21496 6830
8536 17571
23687 21090
22352 17276
440 15865
6340 22994
20214 3953
23154 9843
5152 7795
23667 12263
1102 12874
20025 2292
5887 2067
443 1520
16345 20363
23029 4362
15131 18376
17082 14435
14671 14775
687 9653
1433 19500
13244 10623
22852 21682
20466 1605
3731 14786
2518 4536
17754 9672
8323 6856
17254 23419
15535 10065
21961 22546
3047 17630
22626 17264
14704 20319
9050 14568
5293 9799
11036 18668
17531 9817
21039 3552
17545 17675
20870 15404
17111 20508
8434 2690
993 21264
16257 22595
8981 21300
2138 7885
1432 8469
20054 8844
7823 3599
11231 3090
19998 15350
7859 1335
21253 16339
10336 18930
3096 12366
8736 17751
18212 14905
5710 17233
11454 458
541 11327
16336 11401
21379 17080
9590 16747
17310 11211
1299 18523
18003 3258
18194 5868
22305 19457
3280 13827
1637 5433
21879 1290
16057 2817
19100 2820
5378 20575
22007 53
7421 18658
8328 3392
11773 9327
12459 17661
20305 20291
5877 10039
19019 8604
9951 21318
3432 1435
1118 10786
8547 4855
13344 20994
3477 6241
6783 19990
19995 15444
23213 5252
10558 20387
980 7166
3092 6132
4910 17548
144 2426
4967 6246
14666 8176
3750 23524
4251 8820
3198 9444
15026 15807
8486 21789
3244 17148
297 13202
6486 17474
21319 1913
20909 22727
11151 22014
2547 1883
4567 22925
12768 11588
5730 8346
17350 2876
20309 18205
16369 7667
14986 12725
7779 19004
21055 1533
19108 19532
11859 14652
11201 5775
10058 4157
13203 11323
15633 21672
23311 12179
13770 11594
17837 18327
7331 11398
12778 8303
16537 18995
19957 5472
2249 7723
9723 6629
17881 2313
18277 7275
13883 2375
20359 2208
9107 16594
10674 4663
6836 19960
23594 8780
343 13858
22196 5156
6465 4535
17629 20686
19183 21388
23657 15403
11428 20857
42 17499
11722 22213
16426 14827
20370 13264
22981 14518
3544 3095
3483 13139
18264 18628
17392 7223
3127 2599
6054 12693
22582 17428
22685 11741
18873 16657
14439 9162
9027 3910
882 10486
4653 3188
3349 23250
21600 20602
4004 982
21171 9365
10170 19467
7838 8387
12287 16422
2262 9126
5454 13480
19305 23560
4544 20245
13018 315
21944 11401
1091 21412
261 18979
16824 17042
12803 3546
11282 14941
9536 10018
19771 14976
3220 8656
4310 22775
5136 1987
6745 13099
3761 11318
19715 17163
21285 6294
4760 14430
4287 5777
7011 17387
9507 6210
12139 20237
9970 11587
1024 13562
897 2958
9537 14012
7528 21641
7381 16319
2074 14557
16478 12599
10142 10962
20854 1834
10940 7250
19191 8522
16067 3389
17742 5628
6785 19975
10531 15175
6828 8485
22260 20674
22412 14904
22401 22232
17487 12583
16822 2499
4406 21815
8150 255
13399 5621
9713 20092
21883 18429
11257 22099
18253 22267
23011 3661
14577 3103
1433 21997
9472 7846
8100 13713
17131 19709
4804 18461
3369 10863
11329 4395
7561 1778
3712 4199
14719 10398
18137 20391
20751 7110
239 6402
22627 6491
15338 2692
12999 6067
15501 6677
20142 22776
16563 4308
19370 20534
7443 3255
596 22098
3209 2069
21943 1987
21706 1250
17247 12104
13230 20978
7006 20308
9815 13816
5752 4644
8534 18917
7006 3182
21084 5054
1736 20503
22526 20805
16464 17532
15460 20901
5254 20265
9864 18664
15873 1398
5856 22706
3265 15504
13171 8149
22605 8416
2495 1755
8977 2182
2281 16328
23185 23629
4599 8069
8150 12407
3186 14009
20446 3002
18162 10861
17869 19952
12465 16167
7598 4107
10612 16293
2607 22312
13155 13638
18765 18425
7676 3711
8520 9088
13455 5923
13414 19763
19069 1408
1543 16577
7352 20288
11272 5355
10982 22544
12200 9248
21673 12062
5213 3909
13224 2414
761 4251
20034 3262
11887 23207
23153 1063
6887 16441
22868 2479
21688 8848
15747 1734
15130 14502
4064 537
15663 20211
8490 22029
3899 16109
6644 15756
11938 14552
5348 1154
22744 2488
12712 15921
1606 78
19528 16915
1020 6432
2393 3965
23142 22939
12868 10285
16519 7041
16534 10195
19064 20489
19966 21941
23332 2580
16034 2505
6032 16301
4215 18580
6611 441
16038 17223
22638 640
1994 5596
4829 1914
160 13379
6692 19889
18510 14458
16062 21958
3222 13451
21059 8822
2691 13004
2946 14403
11188 12120
20965 11800
19714 11834
11158 11402
20906 6134
4423 6155
12984 9234
3658 12310
16938 18621
2975 22221
19587 8703
18087 17545
13931 12107
4668 20208
15823 5825
2264 7364
1089 6193
15356 18004
16190 4221
20781 3953
14377 12842
8451 10328
3958 8599
11300 19863
19884 16868
21780 8127
15274 15322
23503 8270
20105 13398
8520 19424
14090 17151
3813 10831
21586 9807
8380 11794
700 17022
21213 17829
21096 2625
23518 18949
21200 19851
21770 3673
8135 23484
21365 13378
7970 22732
12567 17635
21511 11261
23435 17493
9306 12225
23522 539
20029 13135
10196 10781
14897 4849
4634 11288
7824 21200
10 11205
14942 623
17202 2321
2599 10896
12939 2648
11371 8740
21768 14734
7049 6597
4520 13213
14279 20721
16171 9385
23162 18700
10636 8009
12826 19617
17266 9697
4157 21601
17415 15456
6395 13452
10368 5468
22645 6854
9482 16657
14866 20692
20409 21221
3213 22600
5162 17745
13708 13141
17589 5543
23475 7660
5125 10372
22369 14739
7686 9609
10618 16208
14535 18900
17699 22305
7020 15133
1413 4222
11662 6915
19695 8909
12303 20766
2617 6876
11566 19378
21588 22333
17656 11251
2364 15960
22189 397
3372 8984
698 11805
22635 5304
19935 13716
11448 9307
23118 17272
16562 23347
3727 681
7889 4370
10871 15434
9476 7139
21458 11562
4323 13263
7184 17005
7266 1650
16671 2660
18025 19665
8767 18378
3876 1857
18933 2484
10937 11426
13404 6812
3320 19161
22387 18438
18413 9356
13218 3831
18412 15072
18490 12710
5239 6270
19250 15645
9178 21060
23135 5223
20710 11630
17677 13687
23234 12947
20366 16360
15654 6877
14292 9897
11135 8680
5017 19151
1691 20234
15116 20179
23589 7851
14676 233
22176 17860
21605 10116
14528 19553
10968 7528
2115 17506
13443 10263
20608 6893
5648 2957
9850 1483
12656 14437
13946 2870
20433 21423
16084 1322
13319 2685
18677 4351
7898 20759
12718 3371
17672 3673
21597 6240
2394 19165
10591 15476
21688 10786
15738 20719
10143 16956
23352 1852
10110 18239
10879 1826
5887 3519
6388 981
18496 16443
20656 16206
242 20075
1963 22749
17528 270
1934 17986
17915 23036
21309 18178
21958 13842
17495 23261
4662 7790
17580 17024
1542 14489
20732 4124
19860 11231
6984 18355
20714 163
6075 18777
13585 4356
19789 4931
21461 16741
3654 5048
17478 16926
191 4400
7938 16927
19424 13250
2472 15990
6617 4585
274 4582
20159 4465
18408 15490
4545 7288
23451 7345
944 1755
7397 14542
6763 23361
15305 8771
8262 15327
21814 20965
20449 7698
23463 21499
15215 293
5941 4747
22772 12059
16747 368
22695 1341
4343 7238
7811 16891
4746 15846
3870 18222
8850 15046
8180 11252
18002 7632
11721 9938
14388 21397
5708 16629
1399 2329
6762 1166
14938 16241
11625 22727
20916 2244
9992 5646
18642 9907
1456 2188
5257 1480
19967 6195
22683 3933
14127 4985
22350 6151
21252 15768
12715 15985
14479 885
1108 13236
18407 14761
10711 19307
3534 3291
18771 8709
11038 11133
19347 7211
19374 13912
8793 19249
10845 19225
15726 18546
1886 3713
6660 9409
14282 4595
13771 12787
895 12425
3858 6507
4242 8430
7151 5099
10143 12486
8146 6039
2674 14027
6008 7197
5964 2897
22439 5688
1657 21739
20711 6121
159 9267
1433 22473
178 20233
3807 16476
251 9313
16280 22334
23249 19712
4026 11585
16739 17622
9970 2133
4228 14955
22046 10338
15352 7891
10726 12598
7602 2728
22894 20426
8766 14490
5204 3915
15917 4464
4140 17319
20008 21107
3612 8812
23680 20026
3086 6924
14992 3043
7736 13633
13319 12511
18687 4382
19363 13947
6256 19143
1008 6908
8507 10613
15244 8088
973 2683
7267 19946
16796 19078
8214 5884
1118 15111
14390 22097
9118 22621
20666 11255
23493 17312
13490 12779
20555 13704
21310 3020
14592 2596
13948 3064
1665 13875
21394 8892
3388 18775
2784 21292
9091 16914
7182 21029
9348 23370
19397 13270
2912 15553
21361 2984
674 7697
17875 2334
15241 18164
17070 18005
17438 14988
10157 587
1186 4401
11830 13003
3407 5263
21771 21038
16280 6264
10003 7862
821 14081
9281 16163
8661 19626
3019 12498
15832 19267
4581 8204
880 20760
11609 5469
20245 935
5225 17963
18131 22316
17258 14294
2447 6296
20248 6721
17908 20981
14603 10430
9302 21189
5371 614
19168 978
15928 10244
47 11077
3688 23084
16836 141
4753 11991
21850 3861
17579 18694
22232 4674
746 6543
1523 11956
16570 18479
23058 15160
12034 10592
6268 139
14732 3830
18264 18864
12352 18220
23438 14832
4479 22082
18487 14074
15372 17347
7312 5006
3903 18452
15268 841
8936 17315
4946 4262
14663 15467
14306 3298
17143 21927
22627 8347
23052 22061
2567 12946
939 2210
19327 13592
140 16387
3354 17559
23517 23150
11886 20163
1707 288
14553 11407
21229 4243
23375 8405
2473 354
9951 18608
13777 285
16516 6928
2413 21837
4005 19472
14991 17921
20518 17668
8463 4684
16854 20723
9815 15672
1910 793
4487 2356
6717 9682
15674 17960
22783 20336
14200 8586
15600 20592
17239 10302
10856 8406
19707 16984
16466 2374
1659 13176
12559 4750
15565 10260
15849 6990
459 5181
3805 23529
5321 569
17190 8492
8727 9630
11235 22773
1932 19849
11372 5292
4091 20032
8587 8327
14238 9049
10252 813
20902 1437
16110 23679
5109 10424
4302 2455
14080 5022
130 22588
13561 16292
17930 1022
4388 12455
22790 10551
3108 6764
13556 11116
18342 10029
6401 650
2838 3644
9023 14710
7348 23692
10414 5532
410 3395
10271 23004
21663 11502
5315 20368
13520 18316
3838 77
16578 11951
11542 15196
18817 14621
17544 3340
18863 21488
1765 8970
1033 22580
16902 12429
12805 6767
8810 20848
4475 22292
9857 9658
6700 11324
13437 6424
22440 15494
5365 7572
14785 224
14935 13406
20922 5655
20874 3891
18886 10677
19326 10450
3791 7783
4874 159
16806 12961
16261 1700
22394 4592
11149 17308
12386 19119
6657 11740
22977 17979
13117 22890
16188 18151
17291 7388
14993 7537
7260 15187
22608 13230
4436 12027
9237 4121
23012 17541
22657 19682
12511 22306
22904 5882
10428 19913
3003 10376
12514 837
7501 16418
21772 7022
9313 18633
8495 5288
6879 13814
4332 3893
7730 6404
8271 1761
6006 12441
6870 17479
5554 17756
6303 10801
12556 1358
16528 20178
23126 21454
2503 13566
2352 8517
21111 14349
49 16037
3448 6183
23293 12526
5699 21478
15487 9834
2601 19714
6546 15876
10377 21759
13619 9331
17552 6556
18457 7931
6023 10107
11905 8463
14752 15891
14780 10845
3988 3007
15460 11893
22109 20498
20691 17933
14734 12869
20016 7400
14431 17818
11165 12082
19228 12304
12473 825
19150 6115
2936 21336
17100 17726
16421 17098
3072 23255
5027 16194
10117 7083
17573 20644
8922 12769
17416 8312
10819 10139
1840 9514
18662 1519
18133 11137
12906 10867
5360 19747
20809 8074
15488 10391
10583 4877
4995 12309
16037 2209
21762 12291
21756 13159
12380 21145
3928 4506
4337 15486
12293 15744
19123 4579
14228 994
7123 23175
5090 13083
12705 12389
22262 8639
3058 4083
1327 19735
1052 7885
10282 11622
20867 5151
21075 21805
18405 21098
3123 10857
7941 445
13152 532
1200 5913
5335 23190
6281 825
19383 15953
3035 1232
7974 17416
20702 13616
5581 22174
16022 4271
19287 7472
5172 8123
20488 1473
12877 19076
16969 863
15460 21423
3780 9743
17054 6178
4699 18728
961 1316
2861 8057
639 5272
15675 3203
20578 7497
4012 22187
1997 18424
7281 22447
3387 16241
4204 12521
5592 4171
5612 19230
9568 16515
6468 1585
8411 12173
20532 17307
13768 3261
16736 9112
16959 1214
394 13751
8959 599
14073 19947
19444 1309
1220 4020
17362 4150
19132 4121
20649 20330
22975 3708
6750 1359
796 5731
20417 11986
6368 19514
19309 4735
23196 8846
20618 17284
15699 14540
10407 4818
16982 5695
23611 8407
20062 19289
340 23118
7269 4431
22166 14525
11960 45
5677 9702
14135 2971
7582 16178
7655 281
22096 81
1559 17675
7059 4926
10759 19449
16062 646
20821 22518
5536 1695
18568 11090
1438 4495
12088 5835
16321 21325
1876 12673
13807 12406
9314 13396
21800 16456
14283 14784
11905 12625
10417 6031
1226 4656
413 18396
2438 10978
14022 4096
17091 4594
10221 578
20416 11035
12188 13006
13393 15619
16297 13134
7154 8156
21320 6990
14308 22126
690 12745
7016 14572
2325 8286
7436 4886
15235 23620
10166 11856
11211 21492
23518 1700
22148 3129
11539 11026
22373 7823
20086 3072
18121 20156
11738 1061
15016 9742
13275 7026
11301 6270
14967 20587
276 11434
811 17717
7526 21093
14627 11753
21439 20799
22869 1831
21784 9187
23085 11470
5916 687
4660 12117
12992 8864
10065 8856
9883 12268
232 19519
17077 18887
3437 5802
301 21069
4543 9760
6594 13498
18975 6679
17810 12162
18574 22121
3689 6714
19407 23000
9934 14970
21894 19052
9770 2583
9403 5694
22800 1437
14148 7485
14460 4412
3372 9247
18341 22413
8463 14754
19974 20640
7861 9484
18012 769
8156 19764
21703 18054
931 14231
7469 21861
19000 18850
7329 20667
3121 15559
23306 19940
11173 2901
12278 9593
23060 4765
11309 13454
14235 20616
2182 639
18859 20212
21585 22758
13227 12664
19054 1980
23399 11928
15776 15580
12010 12419
4871 22451
18141 20615
20683 17740
1176 5591
5783 9229
7478 13668
11956 9148
5666 4963
8211 10304
483 21260
1421 20518
17023 11705
4492 7698
2151 11941
10869 8418
13558 14142
23131 1700
12941 19368
15295 8677
922 19905
18947 17203
21022 21008
12132 6482
2994 6874
284 13789
19454 12901
17926 11538
7631 8825
11324 3345
4616 4128
7302 21002
13769 1848
16219 19347
14183 13670
11501 18061
12360 13077
5048 19039
3511 19759
21114 23059
2297 12069
15071 16434
7308 5539
1460 7041
6471 887
18104 15697
19073 22911
6489 1412
13880 23108
14611 19452
1297 7868
11917 5313
22444 21502
13603 1704
14559 17654
799 13086
14474 21897
14378 19580
13772 13904
6147 14437
14584 12592
14961 3006
23173 15137
20330 15560
14453 263
23386 19568
1081 4589
23539 8035
22701 18848
17617 5615
9200 16036
15441 501
22285 22464
8223 20048
1570 7210
17689 21818
15268 5877
9125 20808
8147 18717
17395 18895
20915 17508
15179 3598
16389 22594
3393 9636
22642 15441
7073 4585
20601 11609
9838 343
12199 15918
557 15458
9167 4886
21497 3874
12787 11231
9950 14026
9625 1807
19051 450
20968 59
5302 11461
4900 13842
7298 6729
9960 20358
7220 3889
5234 20511
21924 22771
12723 2778
22771 11004
10819 17502
23374 9321
10990 14676
1057 7682
14184 15530
19330 18022
19378 10930
9569 22353
8202 22340
18502 6578
5548 11330
15000 12660
12744 14189
6453 22476
3177 6810
5218 2461
15849 10307
16695 11246
13879 18413
2453 15044
370 2889
15981 13630
17740 4372
17830 9980
6656 23239
3759 14376
23201 19335
3173 5771
16401 7728
17626 2205
3882 11758
7285 8208
15750 22179
12156 1969
7052 8730
22348 3849
8738 22774
13828 17770
11534 19175
18256 14878
7403 18861
4773 4248
15143 19880
3172 9961
22161 10768
14965 5302
11878 302
20993 11681
14731 16500
12140 17932
2217 19802
21659 5901
19697 1058
17027 19579
20904 17619
22200 9636
16226 20619
8732 1962
5790 18600
19965 3356
2104 23634
2605 22297
13607 21365
12723 8172
12982 23012
19038 21092
4561 13935
5237 9691
1959 14667
10624 7193
14188 14048
10457 1203
15736 9960
9804 7378
6613 15657
17912 14814
3803 3563
9747 21637
23122 23656
17422 2245
22023 19801
1315 22451
1696 17850
7608 4480
17420 21742
22098 5600
19109 15566
22773 17432
6145 19852
19521 4073
20725 4322
12078 20872
13463 5083
14505 23118
17511 12205
12501 16905
2966 23014
702 3611
12379 5705
5254 8713
15957 19037
11273 884
16885 666
724 11175
21485 22671
17003 13582
18024 17072
14670 4316
850 14786
9500 13458
19987 21523
10264 16582
8927 18758
8989 11853
15241 23236
119 10202
6569 1053
2272 8034
7715 5027
14004 19329
7629 9352
10919 8702
1312 17558
1326 4402
13415 15625
1170 4777
18083 14072
20568 17528
1638 2301
23478 10113
12750 5184
1786 14018
3348 21099
5781 10926
11140 20109
3719 5079
16615 10668
13570 7716
20044 22002
18187 19048
16958 6268
2818 4640
9893 11809
12543 1683
18368 3324
19522 12580
14071 18889
16558 19172
22734 15418
14978 15322
20862 14557
1971 3438
13116 13218
3691 11735
21522 2389
3592 14233
12092 16320
14123 15099
8933 5333
2580 14344
4765 2761
22957 19522
7207 10766
14380 9458
649 21498
7792 15633
18263 10170
20509 12062
20132 4377
21863 4341
16816 3908
11522 1995
13285 9065
16515 11935
5153 5966
20318 21079
21838 7940
10367 61
6797 23704
19028 10385
21632 1202
19761 11824
10281 22007
21 2906
13264 19908
12508 1681
13299 5058
12302 23343
11822 12136
21687 1668
17256 18375
22589 16939
18812 22064
1213 9375
22544 22115
14358 13747
19205 17294
4832 8080
18053 22559
11728 10156
6421 11825
21632 11720
3177 18618
20114 11074
9942 15908
13908 1667
6543 5516
16719 177
17771 4389
3231 363
15836 19159
8700 20767
13969 16885
1426 9384
2248 11830
3224 18531
19652 22956
14214 18907
6071 18975
5884 1248
20902 13662
16788 1495
13148 17870
9798 14428
19476 6130
18341 8934
13715 9262
22329 6698
356 19752
23711 19995
1206 6999
11654 5083
10178 12914
11262 7077
17787 22865
16168 17286
11249 8760
20466 5798
17701 5871
10960 2544
14756 624
4206 1229
2781 11238
19953 3524
19891 21059
22101 21162
18273 14449
2975 9003
18639 14404
16273 8100
16930 20846
10227 19731
21681 21532
23014 3375
5571 55
22308 22294
17167 2403
10482 1116
19654 15746
2816 6530
13484 17014
4104 21839
20883 13383
11009 17790
6425 21124
14081 15776
8400 13384
18913 11046
15104 4673
22812 19520
586 13913
5938 3256
19750 14580
15045 18235
1228 5410
20534 17319
3879 20731
10939 14328
15357 177
22964 23073
1370 16741
10956 17098
13021 16746
9498 23251
413 11388
9289 13695
23432 3937
22345 1951
7922 10167
1117 13898
8907 20644
19445 19216
23681 15392
18915 8039
16289 14384
15067 8214
4463 15899
14950 21523
15529 7633
2276 23161
9003 9722
12269 13615
8378 10807
3123 20179
21341 7818
5644 19530
7327 4320
4714 5629
12501 172
2259 2756
8331 6292
20431 13445
8890 194
10289 20595
8812 17209
16659 14857
22700 4377
14397 16355
5499 10537
3811 15405
4752 6643
4935 14862
1269 17463
3716 17223
13703 5249
16408 19094
853 8795
8913 9225
11678 23011
11236 15425
3771 13123
884 5335
5553 8981
14630 12770
937 12015
21887 22012
15873 463
18888 22278
11668 15233
15085 5109
1860 10679
15592 1946
13350 531
23507 1376
13674 19704
6467 2158
15843 7328
12478 21846
16580 1384
6666 13078
6544 22551
16031 6257
12648 4403
16190 6136
20211 131
3122 7789
18267 23670
14633 4675
23100 8130
10942 17348
17799 3491
16950 21962
10301 13823
8345 21614
19743 5474
10932 6250
7455 18480
4303 17044
1412 23022
15199 7070
21148 15073
22694 22527
4303 6105
3961 11820
16566 4513
2896 6304
20724 11003
21952 5032
21543 10469
483 22567
11178 2001
1966 20439
10334 301
2662 11666
11112 23208
14931 10926
3655 889
18153 20133
18986 7384
20124 10796
7952 18440
18930 14904
7117 9885
20049 1793
12420 4134
14310 9534
14255 19757
13928 12610
5436 9656
14061 7705
3776 15622
3540 5648
21146 8577
21245 11917
15289 9139
7525 19646
15391 19708
9558 2677
6839 1739
19457 5632
5609 23427
18477 8960
9351 4838
21112 15164
23626 10868
7912 21530
10895 20509
6638 14642
17260 3032
1998 2490
10920 5525
10013 18434
13512 19968
11195 1357
21248 7709
18046 13242
5080 15265
15551 20191
18836 225
18700 10489
20402 18866
10139 11168
23031 3304
7607 1978
17605 7221
2721 17706
18215 10457
3247 7012
114 4502
2377 15935
10183 21065
6570 4005
1953 1384
18829 12805
7684 17817
8351 23450
11705 462
15966 4044
10481 17638
10513 17641
11510 2078
12127 317
19530 16155
10195 23177
12636 3172
2072 12587
1600 19064
19405 1630
15015 17237
3459 6356
17213 12306
23137 11650
22680 16004
59 3382
21521 19774
4453 8422
17963 4635
1018 22356
13057 20054
22515 11732
3504 9146
9166 2372
15101 19889
21167 3458
13627 19394
1767 15269
4030 4016
20491 17356
5753 12271
20209 6994
10262 11928
17901 19469
17306 10233
8389 1120
4941 20545
19318 16477
3232 6758
19038 424
10278 18083
4935 5491
992 14729
2648 3725
4474 16452
13587 4927
4759 21306
5012 22712
14091 6076
3644 18172
10327 17927
13191 1183
15964 39
19290 19463
21416 15309
840 20522
23543 16437
4976 16151
4542 17523
17679 14705
7985 15429
12548 9798
21952 4295
11830 4633
10227 19527
899 1328
5587 21688
18101 18258
17672 8246
8121 18127
14745 7180
6966 7743
16147 20155
22396 11540
2861 10486
18579 18721
9454 2972
5131 1502
7860 13055
23523 16951
16370 19160
6173 7659
19122 22741
11700 4993
2407 10463
22905 12717
5139 3902
13608 9002
11322 17179
23186 7304
22993 1484
23218 7729
21733 10987
3895 17515
8830 21127
6431 7572
19562 15491
10154 6716
11341 3344
13038 17649
8770 15881
23478 5292
13502 5524
4358 12113
1070 21071
12822 6352
17237 16521
17654 10671
7002 21661
22273 13521
13018 9503
923 2127
19189 10229
12461 21225
23669 1610
6547 16372
7856 4273
448 1226
20098 814
3142 2337
10113 16886
9240 3675
10553 7447
20072 20743
14749 23301
17803 23449
8523 9061
23272 14554
23152 753
1715 8019
13372 16490
19349 18
10045 9686
4618 11365
21758 15661
19249 17555
21063 6806
15685 19722
15948 19647
19918 3345
20341 13459
23328 17776
22847 23641
21609 1531
3751 14342
22315 2181
13160 13206
9403 249
10054 13414
4998 17666
20600 21792
23610 2541
2253 19532
9528 16413
7442 18726
18900 10723
19411 943
20082 22394
6018 10416
19351 10196
7755 829
19736 20755
7807 9509
8456 19680
20221 11720
4996 22091
6434 17439
7619 16641
2905 21412
22250 1392
4177 8145
9370 2285
18162 18891
13933 12208
19482 16583
14864 20989
21303 2535
17543 7586
2690 17219
12060 5238
20663 7706
10986 15288
18217 19895
7386 21269
14541 10356
20882 5338
14380 3063
14926 4650
1377 11739
22127 17387
10886 23366
14410 22919
19862 8273
14559 17643
1785 1178
5127 20051
620 1134
5651 11124
2326 1307
9995 20454
214 21490
4570 863
18087 4712
6173 11321
13323 12443
20125 15720
17643 9711
8821 11129
4535 11649
6668 3364
15321 21972
15130 11784
15509 22565
4842 17264
14693 20427
473 19116
10228 17168
22967 1588
21419 3278
21401 1402
18895 354
14253 21417
19668 9740
7094 7060
6220 15925
13288 3216
13239 15324
4129 21417
8718 2927
23166 710
4354 5905
171 9631
6970 22078
23600 6358
22718 10719
7611 7693
11304 2618
5276 17199
21814 582
12664 7680
20888 10107
5818 5102
1261 14153
18885 9076
17858 5110
23099 6129
2813 3742
23355 15117
12420 14392
12108 9131
1071 22064
5506 20813
1991 13762
17889 7964
8981 9706
18310 11579
16030 16593
13908 1022
6624 14029
7581 7694
5805 6316
9809 5546
19909 3968
3984 22702
548 9224
4494 11858
13204 6754
19836 4347
12969 945
21484 3641
865 17466
8869 6950
2130 20821
14633 780
21294 9897
11772 16423
945 14054
15972 8419
10808 23468
14055 9909
17914 14166
4959 4003
12508 6342
15951 4554
13154 2142
10380 10735
7318 8879
17653 5325
23096 12026
16776 14088
16798 6829
1107 8454
6211 18737
7439 10388
7720 15226
17219 6312
20321 7233
2941 5594
4188 16511
15376 22738
1957 17385
13360 11896
19275 19697
12711 20408
410 15084
15653 12546
15840 22288
11008 19392
16784 9547
19181 19315
10087 15427
18221 5949
17655 20537
15232 2031
4250 9787
1237 21683
16992 7637
13058 18858
21783 11677
6666 13748
2783 125
14161 13130
21274 22426
22249 10999
16745 15624
6709 1800
14334 21099
22673 9550
5381 7173
9065 8776
5749 7900
18496 12882
20144 4090
23369 15760
12246 20067
19024 22546
20738 7367
4736 6668
1940 15052
11976 867
4989 10099
19596 13631
9207 15711
7195 4172
21397 10832
21135 22003
348 13428
15796 16974
4906 3061
8542 20101
17475 13821
6441 22504
8456 14840
5227 108
8912 8285
5232 8073
8600 4577
16804 7407
12701 16599
8581 21152
1494 4953
6390 7898
12922 4687
315 6679
10273 12972
11330 6653
1727 7197
9570 21155
19732 10104
3802 11164
19879 23068
252 8905
12895 13222
23027 4459
6548 16385
1296 11280
9283 2899
1736 6999
22222 14031
18403 16970
20021 16859
15805 16329
3425 12367
19204 1311
298 8429
10316 17025
16883 7256
20343 4207
22297 23138
6414 9566
18103 14682
15597 3918
20135 2586
7354 23373
9211 5758
1874 15510
19617 15237
12953 10211
9338 5652
6980 10887
6477 5545
14466 15492
11229 2692
1653 13681
2311 22914
8920 3283
19386 22295
3040 8006
11228 17361
13440 15414
11282 705
18810 12962
5640 22249
10076 23167
19784 6832
230 11375
9059 17128
3467 9783
2029 11014
756 3501
19674 1878
20923 8809
21926 13122
19798 7554
21492 2293
17308 19148
28 17906
22310 9289
21097 17171
13788 7336
6526 19950
15290 11814
1390 16845
17772 15721
7420 10555
20603 8103
16884 8540
18939 11808
6260 5456
20679 11040
3758 14783
91 12084
8391 5665
919 18282
19691 22183
12963 17141
4805 22538
8342 12025
12077 16850
19410 14837
1106 15680
2326 19016
4755 3260
23322 7305
13247 18472
8851 7900
10122 2723
10190 4420
17618 23300
23447 19941
20177 17692
1090 11625
2939 6696
18073 2744
22135 11674
7505 14280
15276 17632
5995 18702
16314 5043
13822 15522
11772 11358
1490 22551
17958 19014
17905 3928
1926 21853
8327 4060
1840 7184
12769 883
3538 6581
16866 22853
18 4220
9042 4837
18001 2616
21967 13310
18969 969
6368 3962
2677 2866
1634 16452
11506 5729
7901 4389
4491 6753
15660 22786
11918 12087
7236 6086
4761 20315
23199 7712
5149 4630
23698 17900
366 16968
16870 21723
4396 21662
8652 9069
17898 4795
14112 23197
23232 1930
4367 7657
8472 14107
23705 22263
18984 21980
17115 15086
5567 14208
8857 9598
8373 3702
5990 3562
17120 536
6144 11888
19234 17954
22279 13285
12672 14812
18111 19998
3575 2070
15944 16358
220 3719
13924 7376
16849 15350
7786 6944
9196 10604
6441 7616
4112 7673
18365 14443
2824 1974
13398 5439
290 2917
22852 10589
17409 22286
22762 70
19137 6267
12916 17420
22521 151
20955 14171
10886 17275
10699 18976
17281 2388
12433 6199
15991 7834
14801 1702
8132 18275
129 23588
2024 20266
10483 4525
14255 20258
6339 10751
16560 4695
5941 19903
6651 16050
17132 5363
20630 2218
15489 9768
910 6578
8080 16501
9266 13062
1267 10161
681 12112
1087 13600
1414 7492
14223 12986
11373 12991
9389 23632
5100 18971
19376 4023
23204 15158
20754 6374
4727 16031
6340 22741
3776 13775
14564 13172
13920 10864
8538 6285
16651 22426
13841 12555
22414 17954
11546 21826
9048 13724
11350 13173
26 22576
18784 2981
18453 13367
6449 1435
2662 3286
12071 18910
15165 17476
12422 22974
737 1305
8485 13227
7748 1462
8965 2669
14033 9165
5836 7865
21631 3105
9829 11625
1836 16531
17934 9575
7480 4731
8279 17858
15757 12844
1786 969
20655 20457
20703 7116
18142 7785
12523 11698
18207 5329
19968 7836
6003 20394
14589 16449
23341 8539
22642 229
15974 4105
17899 2380
16242 14770
20959 19117
16869 18984
10921 16606
3138 10316
582 8164
18132 17901
21821 11643
20116 11760
561 4595
10251 17353
18381 16457
2815 20661
8582 8643
20582 13276
1813 14085
1981 879
13451 6302
782 8535
22556 15459
3879 8087
17471 13447
15274 21682
23030 12584
6448 2537
15067 21431
12912 21240
22020 9034
3845 18980
13691 17281
6446 4967
3754 11517
4519 15409
1106 9602
21400 585
12112 22793
18205 5035
10011 17506
9810 1264
2015 21395
6579 18726
15142 11632
23291 3907
15231 21960
6171 764
19453 11959
13735 13267
19268 4823
17441 17810
2481 10009
5673 15077
16739 5267
5930 9523
20652 11984
19505 20241
7503 11118
7026 8034
5086 9031
14602 9133
21146 23206
20975 11747
13092 22660
1838 5703
23535 12370
21165 9846
13022 21626
7452 18598
21406 22519
924 10748
2410 16421
1664 13682
15592 5075
8148 8876
1110 5699
7880 90
4562 753
16807 22991
713 9095
8344 22827
21599 8462
18611 13375
8689 19276
14126 641
17790 16660
11043 8114
18339 4322
11991 5881
15470 19229
4 20494
11774 7052
12796 20863
10802 21991
2339 590
21480 2501
22854 15382
20795 9032
10223 15724
6493 3710
3017 13084
5336 7863
11202 14927
15414 4812
5689 22997
2133 17700
4747 14630
11360 2444
16748 4975
7083 7649
13340 18199
23696 19913
1453 10100
17861 16067
15065 3325
13479 12161
22841 18802
21021 1599
17684 22798
14034 1042
18760 15084
12903 9986
16394 13327
12228 19276
8498 14148
20457 13343
11216 1115
1616 2972
13662 9797
18607 7363
16244 5009
13895 2434
9425 18266
19060 10573
12441 16686
17945 20589
1761 10177
8270 6343
11591 16909
1462 19589
22976 1708
23514 2454
8847 3376
8637 17524
10050 4688
5399 13270
21596 18005
20535 545
20819 15707
21732 10692
1754 12552
3959 498
21159 4388
10518 3569
8501 5553
21950 18360
19425 14641
12440 4739
20373 2180
8473 2101
1142 5517
17429 18346
13807 23330
4574 13660
23368 393
788 19173
19262 22173
22139 15803
13032 20379
8648 4000
17965 16645
3544 17340
20671 12582
971 4856
8888 11897
17682 15327
241 10824
9082 18739
909 9373
21366 21215
21942 17542
18319 12338
17128 16235
11248 5616
1416 9743
12209 18172
9836 6016
18055 6628
16855 12282
9824 6318
2045 6847
1203 18519
3117 8401
17450 16870
19560 7309
11923 62
6648 19490
682 6910
22639 16867
5717 2169
14645 17172
17315 2758
15197 16007
19098 19313
6439 85
22675 12177
4288 5612
22805 4447
15548 4907
1082 5696
17085 21362
23571 2423
13694 19613
19770 4088
13859 4232
13637 7822
14822 7211
22136 14372
21755 4699
11340 17414
14184 2139
21294 5813
5881 20720
23667 17726
15149 17444
19850 9561
22931 20022
10506 21923
8755 6039
11248 16501
12802 8801
7040 4065
12333 21826
21886 313
6574 8494
14199 2630
8286 5810
18745 17137
15378 17399
21196 14793
9859 3260
4500 19343
11828 19526
22114 17841
6102 5256
2619 2984
19752 4915
18604 85
22656 21533
10657 2538
15983 11416
9552 10131
7130 12236
19706 6894
21668 12689
17173 7009
14290 14356
17081 1376
12566 23404
1433 3955
5715 14702
16991 18498
18452 14204
10208 10358
10019 11485
1246 11166
19696 5293
21920 22504
16131 20325
16053 11635
5463 6416
18555 13936
17688 14099
16843 21467
20696 13580
14921 13683
2716 6093
19233 21949
3525 22330
2206 17272
9739 5255
12009 10847
1179 11666
14778 1005
8669 4075
20618 11148
11105 12941
6290 15678
8703 12023
19411 5212
16330 17775
22980 14014
12709 4890
23221 18834
8991 23208
4185 18497
7250 10371
11068 13848
22328 103
42 11332
6641 21059
12445 725
8138 18043
5426 12660
14838 3020
3805 4642
13974 7406
7129 142
14189 8616
14667 8016
9768 11244
6972 12538
20063 7315
14158 23654
837 12185
11601 2896
9426 7733
14261 9744
4861 18888
15549 14591
5933 9875
20064 5722
17426 8435
494 8832
11316 11727
3477 16659
738 12317
14460 16186
19010 10026
14092 3272
14793 2059
11695 7839
22137 6587
19040 10081
12707 20736
14432 8126
10010 4194
6502 12099
5507 8238
23018 20193
21403 13234
8865 1393
18075 1221
10126 17216
14044 6789
8043 20171
16807 16640
12835 3457
17012 13563
7185 10795
8914 19546
21417 2698
18790 22578
6866 6697
13756 9627
16628 7784
4651 4476
11347 18891
7793 15885
22649 7978
9626 7608
18392 4611
5644 2223
14713 19080
23618 10078
5550 11258
9741 5072
11296 19298
9276 717
3754 19821
16317 16061
2038 6306
5512 5660
22180 16010
7455 14201
12550 11240
23014 20731
21261 18950
2231 5629
10010 1348
15914 15642
16635 14355
16793 23379
13079 13363
681 8178
2731 535
5272 17260
4670 20028
3556 13536
16111 12622
2668 1478
1489 17248
19317 6183
21341 1862
8880 17296
510 13821
19886 19217
19936 5666
13576 21357
3529 9690
2887 19102
19344 4820
17859 3385
3026 18862
7687 12887
20130 20751
22334 12258
11695 2391
17328 13681
21865 10823
8408 3764
13711 20143
3122 8459
8568 22271
163 16841
3484 19172
10317 11074
799 4079
5598 9533
2934 15388
22317 949
21872 12587
10098 16217
12167 11064
23656 4617
10105 10411
444 2019
5387 3565
5930 13732
22324 21236
12276 10486
10395 8580
15768 6734
9412 19891
20527 6129
21349 7699
20421 19637
1546 3028
18560 14705
5394 19538
2165 7837
15309 14889
21544 20530
6895 21877
1048 17261
1912 14311
6691 5423
16249 1481
14315 10296
11198 8972
3296 20740
7132 21539
359 10674
6533 10794
7607 7772
961 7202
22341 13123
2498 12713
3786 3545
4895 6885
11875 3349
11898 3193
22757 22886
19888 9910
18521 19874
10027 9244
7198 10519
13766 19499
10075 6904
11450 1160
21371 19016
6060 15168
2384 4263
17028 12115
14 23023
16329 2045
2415 20959
12870 8994
4607 13747
10717 6133
6811 21423
11001 19224
9464 16470
12932 10803
3667 20168
2259 20780
3906 11582
21546 16389
16078 18458
23456 18336
23087 1996
3997 7460
1412 2605
18450 6747
23003 1296
5253 10765
16950 1372
13700 21441
11610 9861
5641 8505
7592 13940
18061 5784
9502 11427
1318 19133
2955 15444
15667 22266
16901 8244
18488 7940
1345 16261
9887 17857
2612 16558
8774 16272
17195 11631
15765 9278
15956 5744
7254 9024
2872 6358
18982 11765
15054 17468
11102 8990
1923 15805
13034 21814
16898 10346
10862 3946
20659 10623
18193 14184
6298 2428
15306 127
5846 9082
15261 715
17746 16789
10254 17062
9501 13850
13744 17980
12495 13609
9540 380
8896 16880
692 1685
21132 23194
3325 1596
13832 19295
15437 10066
1503 4054
13916 11476
16363 12692
4012 3190
1146 23298
2545 4936
6802 9561
21956 22433
8158 5135
11752 22775
4970 15989
20653 20471
15020 16513
5555 20627
11760 16737
21915 9682
23038 1580
2740 11037
1232 14694
3414 15772
13342 8120
8619 6176
15867 18897
20198 3183
5456 16022
20403 6568
4816 4979
12084 6534
18193 3573
1231 6851
4608 6402
403 8130
6654 3635
10084 13599
11697 18234
13944 3925
8986 12852
23376 16203
1219 19488
19391 11861
23535 3641
22189 7633
4164 17693
12324 20536
23624 1862
15571 21415
10720 4784
11511 22989
14646 11783
6475 7155
6962 14691
12163 9628
10325 7101
8259 18526
21863 5128
7413 5236
16818 3584
8116 16965
37 13619
4607 17590
21968 11098
12810 20695
14470 5756
1295 10928
4007 6065
21734 4410
11861 18973
7796 17220
8998 1892
9422 18385
10670 2823
9563 12074
16819 1317
20858 5194
1459 7076
3027 20567
5249 13752
12814 10047
23106 7206
5664 7811
4924 12546
11782 16199
6475 2742
23610 14791
243 12555
2451 23609
12450 1070
8047 5060
6682 1188
17509 3023
2269 9524
13305 22924
15449 21199
9628 17652
13516 6179
7759 1976
12700 5637
1264 6661
3 13222
3294 20803
9997 10212
14313 2918
7347 2873
16191 1277
4695 19116
11077 8317
18280 4308
14391 3144
19519 1483
16996 11744
1964 17807
9086 18002
11683 15744
2927 20766
11340 3624
23606 7088
7077 23338
19581 3297
4095 15314
820 12372
10265 22475
19919 4854
17977 10693
17266 14727
15628 5961
15159 18964
16496 1978
4431 17761
16425 22326
6262 4046
8349 17657
7069 8761
18104 18131
9632 17591
5718 10876
4992 11390
18493 3039
1988 11168
5604 9449
12391 13943
11419 19085
6838 15594
11088 20215
13187 14153
10217 5521
6314 262
8673 16330
10444 2475
16716 3566
10753 22888
16215 1486
5759 16039
19595 13098
8373 14808
8657 11570
17265 16692
15632 13066
6687 12173
9912 5878
14867 11219
18876 11585
12943 16591
2257 3901
11868 780
13385 5927
5341 3790
1636 14023
18600 8270
9775 10716
10599 2351
14074 18449
23198 18614
5991 7928
15482 14296
1582 796
10169 22906
5983 5747
21864 11417
17668 4801
12249 22364
20154 589
17327 22973
15801 23317
287 4960
17643 14966
7492 14504
11955 1754
16871 2068
12619 10721
5466 10056
14500 19508
15550 7106
17302 1145
16777 19423
22413 9108
17474 19527
8683 22560
3056 18665
4801 10330
643 540
3357 23515
16079 13817
2502 11795
22293 21086
2218 14813
9122 19220
11221 9288
14514 2123
1593 8926
19734 11863
12186 18132
4057 2323
1420 12150
258 21407
2759 799
15522 5747
3111 160
296 6053
5318 3010
8225 5389
14453 19389
4532 19999
6573 14098
22529 13620
4352 18047
439 1885
15123 3597
10288 13026
15068 739
5006 12365
2322 14254
12566 5175
13545 1458
19105 8520
15657 18023
8320 12177
12178 3700
1854 15388
5382 15185
4054 21293
3757 6143
19777 11057
19903 1412
9241 12951
15615 14680
13795 18688
19077 2751
10951 3919
8893 450
19652 22562
8674 13613
21726 14963
15037 17975
7769 15812
18907 15515
6934 3930
10382 16157
11810 2701
12245 15765
23110 19097
811 22629
15175 17149
6987 8825
4518 9981
2880 3885
1040 2873
18902 20709
20802 16385
21236 13528
534 13693
2862 18565
19514 5574
20845 13721
15290 11130
6710 9399
16241 20070
1186 2217
21331 13684
4235 20700
19050 10370
21422 1740
22313 7075
10037 10354
22158 5831
12286 9871
20414 18330
3516 18906
11145 14176
7371 8089
20070 1160
9445 3656
16247 1162
4170 19115
9237 7405
7057 21178
22021 11911
18804 3183
23173 21782
18403 23132
11892 21050
16344 22972
18180 15324
4366 2966
19813 18160
16949 15885
1045 5773
10435 15073
22563 16314
5025 1452
19270 10235
16200 10562
7054 20928
5268 13850
11898 2373
7444 6706
14731 14578
23416 21955
2060 14752
22553 13281
2948 14772
1038 12755
22097 4818
19811 4694
1016 11537
237 19744
7550 23458
10527 4345
22847 16810
5196 23006
18559 5701
15007 3262
5412 17553
4652 9043
4347 16748
1257 15722
23116 12924
437 3356
11176 7868
5860 13658
11971 4072
5602 16763
14601 7249
20883 2487
8243 22186
10147 1192
3386 14531
21743 16649
9169 11995
15416 7857
15087 1689
15708 21501
4129 13983
5839 6720
19748 21670
11754 18530
3138 5961
5180 5769
5088 15987
12565 19573
5734 826
21677 16001
22183 20931
16372 17119
4488 7144
21085 10091
19807 3309
14401 23257
6312 22148
19421 5929
457 8122
8966 11854
20352 10841
23116 19987
5015 6033
14359 18628
19138 4581
13061 8464
12010 22434
22874 15498
23417 6733
13133 4953
22409 13326
5910 20461
23576 5639
3483 20835
11867 8537
8294 12956
16599 4634
4582 23293
7874 10209
1923 8426
11157 12472
4781 5128
18682 16110
7411 2405
998 7416
13859 15024
4062 11872
7018 14365
11144 3152
17578 1352
18278 15024
19800 10854
13092 11714
8515 449
11108 21231
12244 3604
12082 4533
1523 4472
14160 8591
22919 19132
15057 8538
7164 8944
21516 21343
12488 23488
17296 539
12369 17692
5217 14408
13534 11478
2165 1804
9642 148
2125 6010
2330 17457
14432 17480
4902 6495
7437 10176
14187 2725
7948 21887
6200 22331
12227 9234
14059 20081
22483 11230
17137 2415
20519 3373
15922 12425
4291 21751
19545 9638
8403 6618
14357 7957
14681 14170
8541 20046
4163 7449
14608 19556
18618 13437
19511 20131
16545 5659
6703 21861
3609 8689
18560 9763
16755 6401
420 4538
21658 21374
3317 15135
12555 17085
22364 352
2593 6731
11739 20032
20575 6022
18628 2007
23585 1666
19508 15298
7693 16495
16094 2872
18160 19217
21602 15150
20244 3825
16750 22864
15113 6420
16219 11409
14035 22031
15697 13730
2210 2639
16014 11513
3565 7657
22059 2224
8457 20980
21536 8869
12262 3500
18133 21685
6967 22913
15698 1468
14585 21802
20354 6427
19236 13812
4396 1991
20008 1767
23683 4770
8367 7458
10888 5934
20323 15744
14531 6072
12826 4285
19169 5388
17581 19786
23043 19206
1109 19958
1304 8550
4936 8833
9728 8778
4999 21535
4521 22194
13653 7617
5222 13039
2884 23247
7318 11961
6506 20210
23643 21221
10090 4299
18618 20263
14627 22711
21464 11070
17126 19190
794 8214
23674 339
19270 856
14103 948
8516 12911
17691 3196
12015 8256
22838 12171
23567 18633
12737 17482
14540 21721
11672 880
780 21844
10421 7772
15563 17269
15607 22973
13748 4408
21302 10749
3772 22463
19687 11289
14506 11944
17783 18380
12465 730
4220 6661
22608 11866
282 1752
8061 5248
12667 5403
2807 5568
19569 22060
10575 2953
21660 14195
19253 729
23536 15070
17489 14610
1622 15238
15005 2962
12589 962
12600 16470
10246 21405
17491 17725
13602 6387
21133 14977
13898 6555
2073 22723
3608 10394
17486 6839
4301 17620
8388 11883
18940 7392
1662 21765
8132 6574
21949 7819
4096 18292
22868 20444
17134 4901
23289 19436
14012 10952
9519 23367
12127 12093
23610 14017
4448 7486
6248 10083
10954 19578
1712 13852
21752 13997
5346 4556
17077 14177
22588 20700
23168 8790
20470 15915
11011 21415
22628 22579
15051 14594
4708 526
4547 11161
15414 20881
11689 11937
15411 21770
21537 14269
7034 1488
19780 11900
14818 7826
21110 12215
13781 12457
2412 8010
9370 13501
4170 1609
10595 16895
8289 12027
9731 8184
6348 2566
9589 20664
2739 762
4285 15622
5746 568
13726 2538
1610 22497
20359 14448
10235 4688
15426 22485
16405 13033
20141 12600
1438 426
16975 9208
10087 8359
4973 15216
16782 9652
15516 136
16872 13763
9587 5463
13464 6826
12733 22583
3392 4269
10621 5240
14355 21464
21202 15782
4808 3946
21246 9711
12615 9904
7338 221
5963 19515
22109 19724
16075 9378
17489 4204
12278 14980
10630 10082
21168 3211
5219 3712
18453 19763
7886 19201
2839 11740
10404 15130
8310 7333
14889 1024
1175 4618
18783 23425
12970 3398
17402 3876
6579 10339
19113 243
18971 13558
15721 22769
17393 17502
6393 8925
5702 13236
1206 10372
1187 2078
12487 18326
19167 22147
3717 3232
13094 1692
14695 7052
17839 3774
1894 3908
564 20497
19835 15537
16929 4971
3815 7486
16408 16833
23490 3555
3 8138
20601 1214
23071 21937
13281 15795
2033 19224
11079 11708
472 9353
3110 17917
10699 10139
21148 827
2917 20979
7125 474
12861 4597
16700 8697
5556 11719
23587 20683
3601 164
1094 23316
4154 6603
12031 10826
16979 12255
3166 8723
926 21244
4259 6990
4534 17309
15182 11912
18302 21650
19993 898
6497 4988
12784 20499
11911 21490
16756 23506
22417 4810
5641 8823
12045 1096
14110 13462
20685 7259
16872 8269
15289 10557
12764 21294
22192 5430
13617 12262
10768 18063
5355 5335
22671 485
8500 16013
8888 10045
4089 9474
9616 312
3112 12095
16350 3656
22492 4165
22443 12020
11477 18145
19044 13165
10741 17669
8564 1653
8206 1841
12993 968
10147 23602
16584 6117
931 4092
14329 19465
12786 16862
6465 304
9064 18486
6768 8956
6157 11213
7657 22885
8699 39
21056 15056
23143 23514
18658 12873
18842 16272
10592 11380
8707 12864
15599 7788
19282 16306
8673 3404
19550 14800
8095 15430
15094 2112
13816 23592
15497 4809
18414 3351
19845 17549
1207 760
13205 3581
9260 22930
2657 10931
12910 16195
23067 10249
23582 6678
13054 3862
22368 16157
6420 10787
22251 2221
3225 3603
6138 11622
4252 3686
8869 19059
10031 14678
4908 9147
19062 5076
7097 16220
22225 18958
19545 15842
20245 14826
11545 11291
18539 4587
13595 5946
17065 17140
20683 14390
19719 1712
18996 13644
21820 8267
16373 5066
10316 12750
17673 9585
7499 115
22143 6555
17748 22701
17064 6615
13509 14765
20217 1586
7707 20757
9102 14928
22028 4668
10607 2365
7517 13424
12976 13866
7002 7529
11801 20949
15835 22281
15495 7052
876 17323
20883 12878
18066 13597
6971 8846
17614 2659
13745 13523
3100 12095
13093 21647
2631 11953
7644 9833
13865 20588
6274 3540
18372 22054
6108 6208
5270 20410
15212 7117
11659 17790
8546 6538
21519 7008
12539 12229
20993 19444
21242 2989
15232 14246
17495 18531
15899 12029
16369 7227
6511 440
10167 18710
8588 11348
7468 10754
10615 9364
17910 9389
20943 2787
4070 17626
999 8243
20831 20857
22320 11983
4622 8387
20003 6513
22705 9789
1952 439
7054 4789
6460 10707
21593 3415
7628 6104
18362 22709
20614 12796
5774 21453
10906 10061
4132 13332
2740 17759
13323 17368
8151 14714
12927 256
4719 23532
21138 10513
6292 350
8721 18028
7794 23504
19114 5647
15723 17680
567 3374
17749 3260
3470 23107
13282 21737
12596 14183
23518 20141
11979 11314
15230 4606
16786 8596
3427 253
20365 8262
21167 22744
7775 19027
9618 22751
13417 16139
5483 3292
4366 2235
22161 19163
18948 21214
23003 9714
15811 12278
18673 15651
23449 11931
22517 22328
19630 6672
18482 17629
14337 8919
19503 10782
6924 1171
2832 22978
7852 14737
19417 22029
15593 1816
9816 7147
8522 17485
4530 5684
14571 21679
18869 10777
22737 14578
2116 4608
15262 23368
12754 6125
9590 5593
21357 17551
11775 7797
18543 16839
18304 23708
14665 22017
9723 8958
8702 2656
9876 4252
8702 10453
14492 8480
18084 11563
6555 13353
14677 18684
1631 18291
10864 9902
16647 3549
4240 2636
168 19772
4566 7163
4848 14758
18976 13803
23406 11227
8904 15284
9123 20280
13340 22936
17496 3543
696 18649
12888 3016
4588 19645
10310 12840
11055 13026
22375 7215
15578 5511
12952 7081
3251 20333
7171 4457
17017 15661
11418 2108
11355 13096
13708 12184
22443 15090
5768 3779
7029 15262
14739 21207
19328 18309
16642 22292
13208 21689
1168 2864
7721 5570
9506 42
7277 12067
17526 4696
14198 15030
13271 10498
5795 12558
4355 10002
10280 3343
6334 18829
23545 19966
6570 18907
21572 207
9101 17699
21999 8006
21737 23514
22957 8086
1367 2226
5722 8915
14212 7246
6441 14346
16445 17474
1170 890
5985 13525
12077 21549
12595 22303
21685 6381
1453 19282
171 11253
7467 6797
22209 19367
7984 18013
15545 18033
1451 6957
5355 13629
5988 9916
7970 6312
1368 14820
23496 4947
18767 20249
12568 21015
3862 12619
11452 6935
4039 23041
9713 7639
5579 20350
7235 4097
22026 17195
7029 19942
5531 22630
22861 21478
16775 19133
7539 21641
10968 9531
803 11256
3569 22944
11012 14436
5697 11207
2016 8599
3738 5141
6940 20880
20122 10091
9097 19153
19493 16690
19253 18250
2823 17443
18483 18063
1403 5690
21473 18725
3508 8529
23530 21204
22058 23142
10174 11553
8179 9510
9721 4875
16323 2315
13057 20400
16350 21146
3229 16368
20693 1859
14158 9569
10602 17326
834 22986
12029 14994
4585 11385
20342 10070
20136 18110
208 9224
156 6578
15753 10729
3021 14568
1376 248
15648 14094
1667 13284
22796 10893
14144 14625
15679 21351
20998 1539
13540 10245
23510 13621
20367 10465
6165 21245
3869 12394
13476 5412
8695 15292
8871 4485
15586 5871
3167 18553
3060 9108
16854 11414
1165 15831
7438 8113
12743 4117
19076 18729
4642 9644
4209 11245
17180 17810
8041 14450
869 9414
20035 15611
7220 8064
14961 8509
13712 18902
983 8306
12602 5762
3444 3795
13358 15950
18022 8306
20133 9945
14195 3954
14928 3109
13988 19818
1779 12650
7339 21796
14506 20598
1854 11142
6938 13465
3093 22885
12467 15588
3148 23597
14803 22765
15998 6440
1279 4612
4169 16835
15097 16985
11463 15819
19122 1330
8598 13442
8384 12171
1457 11898
18380 3022
748 4943
8068 13107
11195 8028
19520 14690
1140 7950
19388 5319
16745 5710
1639 3048
10344 2136
13012 3410
21367 10469
22249 1841
2604 5447
10880 5955
23002 11862
5885 604
21750 12571
1610 4319
10677 4817
11839 5474
10484 16446
18945 17798
9132 4794
19621 10201
418 14728
17151 3987
7479 21096
2652 5394
7476 10823
1862 7551
16574 9649
15387 10094
20650 4721
93 21360
3313 17682
12160 19239
4631 21567
19907 21649
16294 16857
20632 3765
23613 21313
18923 22834
2996 831
20786 20547
3196 3030
7478 2413
1742 9060
12579 1295
16351 11686
9978 22564
10197 16161
4103 23340
6490 9074
16186 8835
6295 6292
9284 10274
12371 5292
15976 18944
6584 17116
14435 14641
11335 19954
11060 5888
10626 23188
2082 15456
16967 17742
15329 20753
20106 20001
17303 5172
19481 14795
10871 8000
19714 4149
18257 13233
9136 3934
3912 5366
2404 3274
17247 6667
10556 19712
11890 3397
17271 20765
955 14994
4842 14844
21182 22888
7566 2478
11778 13707
21895 5854
2777 8377
4323 8803
4935 1882
20222 3174
415 8121
8273 8635
5404 6287
4073 8032
1424 13868
12929 7543
759 16248
8087 10081
14134 19482
12255 14699
9896 7075
8114 20379
22777 13559
17155 7588
2436 1569
9189 11371
16532 14943
12468 8668
150 6645
16251 6182
15641 1812
7786 6291
21795 17982
19080 18502
7918 7763
5926 20705
11067 6165
23160 7187
20278 5439
3502 4541
520 4897
5400 15630
5100 22456
6493 15828
20232 19734
10881 11536
2897 7939
12701 12990
409 2042
14444 22857
21433 6666
9969 20767
1388 5164
10585 12267
22036 6075
11990 9194
3755 19907
7948 17978
22471 2057
3695 18367
18462 10479
14835 23169
7132 16877
10048 3384
447 13821
5895 14169
21520 15718
11762 22230
15378 5941
22832 18058
756 22277
13805 8173
5017 22827
11054 11494
20217 7112
14480 10424
4745 10255
14958 20287
20435 4192
17709 15872
22280 14908
6677 8855
9615 15541
9222 20294
13664 1461
19322 21307
1001 16792
8424 18342
12270 9358
17461 7070
17804 23277
8604 9332
9314 4103
1113 13095
14190 19750
19763 19539
12108 13971
6263 2205
1043 8585
17734 9559
15292 18423
15519 1457
9115 9815
19399 18809
8224 17475
4839 1925
20390 15902
17133 22294
11594 3118
6788 1459
3928 7467
18616 1500
3799 17118
21018 21878
7611 2532
11598 19304
22130 9600
10355 7559
15096 17360
3100 12761
7174 1508
3748 11621
6851 7283
9080 552
4466 20439
7469 16403
11323 5145
18075 740
16417 19114
5855 9735
16484 19287
12867 21604
6466 6402
13075 23591
23348 9278
20976 7689
15123 5511
2263 22901
14155 23617
3583 8025
19457 11405
11032 7343
21957 13698
12499 15932
20063 12915
10659 20674
13483 3942
5949 12676
9124 4224
976 20442
20167 9231
357 15364
14236 2337
1174 508
18648 10298
9388 2121
20101 1373
14414 21546
20120 8653
16810 8452
22806 5874
21359 5235
2910 14114
9867 22345
1959 11464
16983 5910
17611 16582
4095 23095
17456 19408
11827 18898
9051 19667
21134 9529
14630 6747
4541 5936
5999 23102
600 2189
428 8841
12631 3614
7430 6668
157 2808
15752 18041
18376 8300
17279 20688
7425 10370
13343 14284
22686 22427
10788 9662
22405 23698
3679 6192
16728 15040
18602 2862
20713 8235
16886 2880
11300 23111
17081 336
10884 18438
20778 8163
22505 11823
19292 3335
2934 19841
14730 6724
13631 23022
2072 5193
7065 4453
11237 8680
7935 11933
6878 10446
2030 7393
21995 5420
11372 12728
17747 5928
9818 9382
8628 19370
7929 5029
23601 5486
4862 266
5878 19439
14367 8578
1351 2920
3774 11399
23107 16234
20428 13038
7246 18230
17816 7062
2421 9366
11904 4815
10163 21414
9283 20422
16132 13917
10812 2065
7059 5253
17415 21265
23607 13370
14029 4747
9755 4408
622 16266
292 7003
3135 4196
16956 18109
22342 4441
4921 11388
10594 21086
22443 21308
1115 17835
18591 5144
4393 3372
20682 2286
22258 6534
3475 19101
20010 651
8676 12943
17985 18025
15781 1768
22921 20542
21387 13175
6467 19603
11832 2815
11917 10985
11852 21918
2837 3418
22441 14077
12034 13289
13219 16741
16625 10056
7263 8434
19644 21643
9427 23598
4454 15887
962 18811
5314 15436
4415 21332
21599 1246
172 7230
19873 7225
3408 12881
21044 12016
872 625
18677 21557
2499 4441
19413 13099
4095 18907
3914 21810
314 5799
7090 14935
12398 4691
15156 22443
5633 21990
21318 13914
1853 17886
9765 9183
88 9884
16943 11867
16265 11012
20495 11663
4081 12334
12486 14199
16735 12419
16952 2750
5601 1194
7015 8596
10509 10758
20860 8781
8418 198
10792 1022
14337 617
9290 12272
11395 531
23320 12054
19852 469
2088 10706
13215 14728
19663 14571
7959 16920
2437 20182
347 20866
6288 15870
8945 13740
19402 3050
19604 18117
13537 4680
4666 3365
21906 9171
17882 4824
5438 20884
7554 17236
850 8717
10423 15266
10983 22338
7225 22903
11563 11004
21624 20600
22884 6009
7006 23210
14406 13468
22178 16624
22419 3577
10153 15092
768 21249
5863 23147
10033 7155
4820 11756
22786 15433
162 15409
16913 7768
2257 11672
7547 12308
21609 13957
4437 15562
5630 17750
18783 2293
11110 5897
19562 5617
22534 22804
9138 14191
22759 13360
22876 10242
3979 16876
20848 20066
434 9963
17283 22374
1331 2018
5144 12512
15755 13610
14832 10667
12802 18634
2659 9090
1142 759
14038 17050
7817 5138
23508 8891
11326 21482
12223 8548
17764 2260
23506 8527
15736 11567
17225 4569
17943 4307
69 9531
9290 18850
9541 6210
21036 10231
13601 4600
1919 6068
9068 11207
767 7368
1212 23052
194 11130
7228 22409
1437 5118
20937 10703
6575 12449
5162 6911
18277 12272
14310 15941
1997 22736
11608 1422
14324 13311
4526 22445
19980 15883
18525 17451
13603 4344
15822 1529
11375 18431
1601 2964
11431 8331
6299 11183
19164 9699
6983 9659
700 11499
3414 9946
12050 6530
15978 5134
2317 8245
476 4274
8583 22102
2011 3479
5736 8696
7372 15787
8292 10277
6622 17648
17039 19382
12738 19494
11688 9748
9787 16989
12221 10422
18213 15585
4769 13979
3437 15083
21118 6827
1173 2201
5637 1131
9329 5585
15566 12277
11256 22820
23646 23454
3299 17262
2740 3882
13103 8360
22500 5837
2814 23306
9613 3120
5784 16356
19599 5764
22099 7471
9955 17965
22086 3059
21427 18500
23621 8589
19679 18568
12438 8072
3160 20899
20144 857
5236 89
647 7279
8818 17054
19326 17005
1373 18042
3796 11617
2910 7065
12998 14651
924 20940
1586 21122
3280 20576
16880 20429
11328 9724
14785 21683
10769 18687
10382 12162
2919 5751
23346 4960
17665 10791
22196 22927
1430 14868
1395 18086
19081 13336
1265 7074
22552 5390
10774 21593
20549 723
11291 16423
19449 5224
17139 15932
4940 1055
2951 5635
4900 13093
19922 14285
22954 2467
11184 1285
15020 569
19503 1645
1634 18938
16212 13012
19826 3416
21054 17864
18232 18155
5643 1887
7127 4055
2444 10497
319 17145
4702 9265
7159 21668
17611 11349
21192 21429
3569 2464
4758 21206
15225 18825
9508 5550
11777 7036
453 7124
23172 8038
1162 10619
11171 12957
6953 5225
8693 15154
13699 1245
8794 16670
3852 19061
15490 586
12491 14415
17820 19608
1096 20
9983 10860
13311 18848
22552 17023
5245 3762
5437 8506
699 14912
5764 22318
10279 5015
512 11707
12884 12217
5888 22059
10787 16908
11672 5580
9790 1388
15042 18694
17333 16776
23645 5698
15164 17563
20872 13488
10904 10467
13360 12316
20752 23109
3383 12767
5808 19671
21962 10476
4879 18288
16351 14587
13485 10028
19403 539
20596 16600
392 10216
16209 20836
9397 18852
15226 23604
5191 16922
3517 13706
13114 20162
14763 16116
3590 20064
1322 5931
13959 6915
15037 8582
7202 1671
13030 9886
23612 1411
13184 16480
2512 15719
7354 8200
21095 5421
18312 348
21212 1143
10654 19736
10061 1373
6492 13654
1454 14445
7111 1821
6584 20624
1531 13105
21193 12944
7254 1200
23678 938
5247 8131
15675 19556
9611 20485
10953 11149
17733 3239
13790 5788
18990 13756
21383 16956
19545 19018
16343 21067
13917 21221
3600 6069
14945 19501
16517 15623
15796 12760
17329 5707
14827 12006
20234 9962
16291 16734
9288 11517
4116 10068
2336 14452
21766 12095
332 9587
5609 17604
7010 23573
15067 19308
3436 20837
21292 12327
2252 20325
20795 18546
9264 5727
19113 18424
10641 12916
5661 6568
22302 4904
2266 18289
20606 18
19409 9612
19998 4183
18964 3053
20008 18185
3941 19344
22726 12440
1735 23362
21184 22384
20761 22407
20834 16491
1209 9981
2594 5584
8092 19544
20226 779
5700 8179
19760 382
15945 22680
11988 21503
11454 4427
12538 22128
22861 10970
3717 15325
5308 14937
19256 2714
17923 5764
14770 14000
2236 4646
1713 23659
6888 18143
6761 16265
15544 678
22622 15517
21425 22160
18152 23565
4031 13248
18154 19019
18223 13357
3641 12199
3985 19394
18220 2320
22334 10059
6001 4641
16424 1075
2129 10229
15869 2606
11464 4329
3147 10401
10052 2909
17587 7726
14385 14557
7094 16793
20089 14407
2507 4405
22892 23641
11559 14838
6231 1395
21149 16842
8645 20938
10680 17709
13871 23258
13322 23035
4020 14288
10357 6224
2728 16700
18826 15279
2315 12988
15504 7176
21308 9789
16548 6282
11503 740
17997 21958
9762 1295
2922 13586
16214 13591
2798 21679
3572 8338
9852 21222
207 3003
15245 4445
3788 21554
2287 2664
5750 6807
6006 13581
18335 4187
20203 15477
14847 9430
18542 21314
2877 14713
2732 22558
9526 16834
17349 8524
11371 5913
19013 17776
11953 21428
11353 1825
22871 1782
4654 15460
6656 11753
22429 3793
19518 3239
13573 18830
3513 21185
18953 16205
1304 19167
3314 930
20990 4787
16694 1612
20728 11016
16106 5870
16483 405
168 17258
486 11130
8361 7190
1225 3514
14980 2883
21235 15506
2610 3635
18298 15095
1715 21057
2180 14428
8565 8834
5237 23349
11929 21161
21046 10630
7634 13648
11284 8796
11120 4806
7439 9974
11122 17762
3546 19631
180 23127
21844 7374
19620 100
16449 21854
7822 4939
19837 14747
2847 9191
13524 21222
20434 13195
10378 23623
22049 17026
16995 16996
11729 19757
18136 20027
14341 20731
11495 2941
11300 23430
6233 17087
5141 15310
7947 18937
19976 16226
15623 7553
5801 7746
16944 16766
18722 5226
13781 20194
15604 22754
21507 15626
19146 22221
7933 12559
17823 18380
6880 1390
2663 10074
19020 20940
15360 22843
1850 11715
3796 20312
858 14499
16655 20572
13252 18446
12993 17975
10180 17760
3323 11681
9462 9527
13569 6546
11835 21337
11268 23245
12433 9543
21525 23584
16103 16381
10331 4383
11564 13125
1807 913
7898 856
10065 5216
12666 1400
6249 5686
22535 1513
8353 7547
8142 443
10393 8671
13160 1341
18254 6787
19390 10436
5255 18143
10919 1145
22037 21378
828 19914
115 7332
4186 16063
1810 2884
17985 12699
4342 17697
8446 4116
21815 16770
9592 21202
5825 18498
1637 22327
9013 3067
6659 3767
5713 12855
23302 20492
771 5161
3508 15982
21584 19676
16678 9821
4234 20454
14256 15118
8982 8488
22590 22582
13059 23512
7714 15468
17947 14629
20488 14328
5624 22449
8753 620
11193 13719
17525 14955
13737 18599
3059 20167
23271 17114
1783 11199
17382 431
7771 14015
2834 13440
22369 16365
11215 5705
2180 4224
20388 16790
5876 11565
12658 11946
18461 3004
11657 19556
1612 9547
2768 13283
9518 22052
11369 12405
23023 1680
2038 22657
12793 19234
7156 1613
20560 1171
23263 12923
19258 9336
4871 12779
495 19131
18454 4102
3058 12608
13375 8954
6644 13044
16817 19651
10202 6310
8522 23669
12439 13388
16156 3159
6658 17833
2280 10897
5385 8731
675 23038
8444 18960
14421 21273
587 22754
22039 13445
17188 22074
10701 20039
14267 10812
12315 4496
10399 12635
10962 3024
22926 19960
8852 19609
82 21271
326 22917
23627 17640
13104 15678
4729 3048
4764 20621
18936 9329
19430 6416
19858 7621
17391 17241
3820 11720
2177 20321
6797 16878
1193 20354
22020 12753
16183 6444
21742 21126
5548 5455
9033 19210
4430 8612
5160 21339
3781 14296
21456 11560
13386 21620
16673 5494
10403 3092
4680 13806
14120 5053
6863 13476
13681 11497
7926 17302
3839 2207
77 3461
8088 4294
10543 3185
22768 5107
6920 23648
16624 4085
19677 19669
6315 15489
5351 6329
7809 9786
8084 15031
7647 7708
6483 4
10227 1373
14596 19086
19806 13743
7221 21786
14068 18382
3491 10504
13896 11280
20555 3184
7760 441
16180 4749
5206 4109
22211 10053
13180 10669
23519 21399
12984 5948
14533 356
23423 16233
17298 17965
5898 3861
17110 1400
11338 22643
19281 21686
15093 991
12058 18167
4492 16386
4686 22152
18163 19588
5492 15128
23380 14126
11284 11522
23026 20345
101 17955
21196 18212
20111 15979
252 7337
2087 14599
23578 18071
5114 16097
17108 10056
20252 12601
17335 7056
361 4398
19553 1768
22781 17472
20911 16338
14735 12417
10368 22840
12747 11767
7151 986
11451 20450
20708 3087
5380 12041
14154 12261
17650 9445
5685 18309
5179 17145
489 15666
13532 23351
2133 17577
8004 14001
5052 4765
798 2562
13648 2250
14426 12829
3860 1781
21852 23261
4269 13632
17957 18278
2071 5943
16442 16945
8117 18674
18845 4862
808 8288
8849 15779
12800 22674
6606 5526
14586 4309
13524 9963
23323 13320
22293 16331
3541 12207
6557 4942
22113 55
13433 3290
11818 7119
14973 16610
13481 8200
5438 12011
13878 21763
9802 13594
4873 2725
13707 20224
15574 3473
20573 17665
6102 7080
12968 6218
10565 14944
7641 18710
21827 12381
20611 20486
19544 13332
66 20815
10516 16439
21052 4555
18414 21161
16035 20024
14669 22769
8960 15227
1336 6002
10453 6658
14118 18599
10901 22064
11209 18577
7803 1240
11644 14758
17445 9337
16474 5013
4081 12472
15772 22880
21689 3991
17176 1586
13417 9286
11242 4997
17117 219
4974 7945
16887 5654
9511 1206
3899 14215
23568 8059
6328 6324
543 5389
17610 14836
2259 13073
18557 10219
20261 6472
12678 5506
19723 20026
2718 13339
22257 22971
2150 18118
206 20963
16212 6356
5540 963
18853 11099
4184 9153
10108 8543
22118 16197
7650 5916
15959 19860
17895 20730
16740 5778
11334 23305
18009 20474
11815 13095
9917 10726
12487 349
10420 6057
21856 2647
16852 8423
415 20195
21772 15926
19591 14599
12329 3106
1645 20864
1740 93
1968 13723
23388 19855
6387 10780
20804 13147
4808 61
2981 1796
3565 5492
2047 14558
16152 14222
17206 12574
13038 2034
3993 10867
363 9455
10981 11220
22244 373
10387 6376
12578 17298
9044 16850
22072 6785
12920 12983
990 10769
21645 21100
7456 19834
13140 21076
559 18663
12005 13530
10921 23463
12731 20159
20501 11108
12793 7070
12605 15730
13968 3522
17098 12019
13027 12110
13500 17267
758 13270
22553 3351
17471 18031
7014 16718
13552 3662
20989 9868
440 19683
17564 10973
13417 17388
5566 7112
892 17380
17877 6752
6063 5865
2270 5982
13553 12334
3471 20563
2746 3169
5178 1510
11823 15177
22596 3398
18149 16869
1025 3752
19044 3366
10525 9143
12834 18729
1623 12144
978 9444
783 117
6020 22400
16518 6680
4531 2550
7020 2645
1371 9733
2936 9795
18029 3806
5608 17087
1195 2825
5856 11733
18500 6716
18272 8828
4380 2824
21640 19860
19348 1769
98 22999
15592 7668
5525 9607
10456 11526
20205 4563
15602 1777
18611 22914
18234 5246
20471 20760
12427 1491
18872 1603
21956 20191
7515 20797
20759 326
17490 9852
22264 18735
8078 19633
8423 5578
3301 18174
870 22429
11597 18135
12454 16823
23313 3985
12507 2878
20458 5735
17894 15895
13192 7488
17754 17376
16017 3472
9851 22982
22103 17389
19286 15790
11301 16366
22986 14963
11106 11054
6424 142
16525 19741
21390 13243
19433 4702
10773 1552
8207 10369
13194 5098
19963 14402
7498 13968
12024 21031
7084 15384
23221 16394
23324 2991
4322 15888
6338 4828
19268 18388
12520 3421
9599 9841
13168 14392
10519 2114
17533 789
9778 14293
19311 16963
5154 13958
13292 15756
18443 18371
23478 16798
15048 5619
643 15694
11674 11270
14005 15993
23018 15445
2807 19664
6801 12214
17982 9958
3626 7883
1364 374
2242 21937
6606 11438
22154 15930
14312 12437
18722 12816
11751 19910
13554 8993
22485 22408
2278 18584
11642 21477
2316 16057
10340 2456
10899 16136
23417 11624
12737 22870
13643 2628
1287 20652
13329 15386
9909 19036
21654 9827
12064 3710
17384 11465
16197 12831
17849 6504
11089 8859
22501 5738
17632 12451
14116 3617
21069 13710
13140 19112
7751 12163
13993 1192
6135 4967
5047 17046
6099 18698
14033 13367
17860 1990
5253 5911
6653 10862
18724 23171
3513 14605
16343 10997
5333 9858
21091 18789
4614 16809
5136 13373
9147 23554
12146 2514
5650 9653
20916 5470
4582 15311
23382 582
12578 6074
22251 5589
2365 16753
20007 6080
8441 7687
6146 11131
20826 19053
7954 6099
4164 21089
7163 19918
5969 11934
2838 120
15505 11987
5874 2045
23421 21461
1161 7401
1216 9081
14718 16150
10210 8607
8776 12881
2597 12452
14366 11716
3872 18321
4583 15868
15285 6792
15979 2197
7369 15106
12656 11430
17378 8015
14360 20120
20298 14124
18645 14447
41 16629
20636 23283
21021 4732
17259 6758
20538 18728
2013 21358
1132 6628
9565 7202
4149 9355
8005 905
11970 3499
17061 17234
16224 3965
16783 21791
18973 7072
6733 17228
1321 13646
3200 12968
1218 13210
14040 9475
21682 14668
19422 20393
1490 14851
16864 14845
1252 4270
6035 19093
10450 4192
8690 3243
6343 21074
7964 18538
436 18370
3308 15565
14225 22318
19374 3132
13202 6089
22651 4209
16557 5679
11633 6874
3366 3240
7071 23297
349 20396
2531 7620
15396 5703
1911 6721
1560 2966
9280 23591
2023 15052
1911 22676
7311 19444
7258 17853
14431 11419
11328 10314
21142 11404
18117 23536
16177 23525
7678 7327
6681 18274
10342 9326
16576 7313
15402 1617
13426 1235
9774 19219
21421 13986
15728 16120
18777 8054
7530 11018
18561 23615
5653 18139
2762 7091
18933 21925
86 5143
23390 454
21121 13272
13216 8193
3502 16655
12808 21761
9913 6711
21974 14975
20294 2785
7371 15981
1669 7783
16424 5441
18361 2748
5755 21381
10660 8048
18152 11041
21232 15596
3920 1651
4032 4395
3127 8267
22609 18817
7801 632
11462 12435
4647 8504
419 14193
6529 20485
22819 13055
15939 9726
12986 18045
317 10181
11270 22388
1623 7422
19369 10373
5221 23414
17175 19884
20533 18087
17166 15176
22803 1213
21449 22071
14591 2941
5058 8534
17676 951
18846 376
12189 20705
19590 1427
5186 1550
14147 22459
21119 1584
6056 12908
9418 23650
2916 10835
3065 3554
15484 10749
12977 21908
23345 14962
14943 4180
4312 21846
8895 16530
15864 6522
21537 12032
22385 712
12539 7397
13203 16311
6354 7756
7688 6417
19152 4247
16138 15736
10495 9964
23180 12885
1003 31
9317 19876
4974 2715
2962 11729
4312 20731
14291 13169
4634 13722
13677 19609
6308 9179
8735 3630
17788 9
18377 22966
7100 13318
11283 21318
721 4079
791 14264
11774 1024
13073 3409
11510 20699
17840 5089
19492 22144
2371 11362
16935 22907
22945 22770
9374 4901
16662 1583
10924 15046
11372 21318
20688 18545
12185 6845
8261 18664
21842 14863
7357 11498
5468 9190
13268 2973
18461 21231
17336 20338
7324 7161
15385 288
21943 18661
10448 19796
22370 12790
17153 19043
9424 2008
17788 17084
12180 5900
18224 11664
5813 6906
2193 21081
8832 9155
13589 16838
9303 3136
10393 1699
856 19737
6449 6749
2614 20497
1398 11265
14344 322
19366 13891
21905 10539
8950 11950
906 19847
22947 7522
16189 15656
10477 13945
13628 17322
9829 10307
650 2006
13243 17967
20777 1753
6744 21884
23062 12096
9100 8571
21363 18111
10204 18014
6315 14174
13497 20423
19035 13076
3880 8777
19449 16319
13818 22122
9119 17079
4407 3351
7342 6588
20484 11250
8770 20669
16814 2457
180 8109
16864 21866
16921 23238
12285 9710
3171 8130
11998 2579
3346 3077
20271 4393
22568 19172
14661 13193
5121 18206
5507 5824
5906 1890
1682 14756
13490 6464
12921 22162
16108 4879
5655 20129
14502 16384
7625 18495
12307 22489
9819 7486
20843 1506
22909 3255
6263 17018
515 22696
12549 16076
2998 14157
5877 15438
4826 19996
23703 9953
1306 17413
10269 20113
22259 4778
18075 20763
21726 613
15310 5755
10373 18849
16686 22185
3174 7419
14258 3398
11597 17325
35 472
14154 7376
6676 22507
15664 877
22725 15326
3192 9084
1911 6292
6096 22877
23687 19003
18722 14437
15083 1823
15974 21531
15790 13035
9747 3282
23329 15272
4132 10521
17597 14599
6005 4944
6026 20770
11665 12748
15363 7440
19462 19364
9594 6428
2265 21704
7067 3768
18339 20288
10039 12412
22201 7573
16402 17013
14275 21286
8436 1269
15544 21443
23368 3270
4417 7345
9844 1911
8577 3515
17554 5974
13766 12559
5869 15654
2741 4380
21946 9253
14775 13423
638 8441
22665 8612
16604 22872
16186 18440
10711 5252
13945 3522
21684 17997
1456 3137
16332 4614
22246 23179
15068 6619
6931 19167
5735 22843
522 6255
7047 4679
19067 5510
12641 6774
21701 20217
6923 9275
9689 6371
21935 14412
5063 8432
5166 21323
8848 9267
17231 21762
566 4152
16467 14788
5532 20318
14569 10459
15366 7196
10349 5462
7918 173
5722 4688
23246 9487
16851 12503
12542 3713
8144 15367
7950 10777
1002 3671
4421 11374
8514 14023
13786 2441
4340 5676
14109 18011
8072 6896
9821 12571
2944 23253
263 11913
18556 5446
2190 12459
16711 2580
21028 18421
4526 17141
8733 13853
9495 3630
11548 22118
7641 22088
16458 13762
6949 1613
9440 8569
2578 15352
11885 1538
20076 11160
12668 5241
10671 15536
10548 16255
21463 16608
11946 2524
9464 6511
10886 3497
11425 3208
6456 20928
2436 17707
17751 5427
6776 2401
4940 7847
20867 11528
12314 15139
4144 11818
737 12414
2554 5951
15515 6326
17786 6394
4748 9785
5277 18270
22112 4018
8173 20653
3439 3072
11515 13053
1883 8393
11112 19593
667 22357
21259 18108
4398 9231
9296 18627
3814 9284
6169 16417
11317 4589
19434 11952
5373 17358
10223 10017
4346 7011
1000 8753
243 4664
7603 9610
18867 14482
18585 18469
9854 17578
11902 8885
4427 1453
19542 5535
6674 12847
16722 18641
290 2517
13493 21225
23123 3015
4137 10938
17573 10485
8092 2852
6834 15443
18210 21705
22837 3112
8017 15575
14527 11399
11811 7032
8726 3713
22784 3526
11865 11203
3875 16884
7962 8573
13119 1139
11488 777
3158 19406
4870 12214
4160 2120
20784 8199
10256 21048
4609 7451
17908 5755
17274 5586
8250 6315
7581 18277
11601 11145
12507 6325
13647 8104
5094 19707
874 9048
6266 12976
17812 2959
17165 10192
21633 8290
20722 10545
22948 13091
5482 22776
16274 14596
7836 20281
6613 6598
9014 4684
11615 6637
6162 11675
2683 602
18892 3268
12189 22869
17493 5738
23187 22936
974 10549
15399 18586
2892 1471
21220 21006
23073 4348
5330 5610
9193 22621
15767 15500
12383 9232
22533 20023
11334 15051
21499 8409
2709 4160
17198 10447
2293 8803
19749 10476
18959 12379
19305 8348
12333 5789
17486 10835
8108 15935
12257 10299
10722 3198
22138 5473
16078 1793
18356 18287
17460 21468
8281 13381
7588 22910
15080 19988
3561 23550
9401 5229
12346 21774
421 18155
17933 4623
18316 16664
3350 4715
6739 14008
548 19111
23100 644
15814 16787
17762 8667
235 15069
21450 10432
452 16619
5341 4256
15049 9458
23195 3762
23567 11668
23187 22203
21420 888
2051 21004
5628 15234
4410 10542
13478 13092
9923 14764
5002 14570
8634 15353
14092 4122
14410 8565
488 4354
5099 18823
9408 23562
15526 18946
8855 21487
4685 9150
7303 6172
14700 9616
5445 15502
12806 7835
18317 4281
17990 17089
13491 23689
2626 22690
22713 9007
2810 12738
8147 8132
20783 13480
6090 11856
3945 13899
15302 15356
5175 2554
22558 10633
10598 6783
15957 10107
19680 10889
11418 9152
995 5170
2712 4061
21756 880
2011 8082
11152 17939
10960 1641
4249 22189
13160 10591
22378 20090
20537 13952
255 11640
7463 15207
22856 410
8413 21075
11173 12517
7427 6610
15370 20082
20834 16049
20339 16448
8068 23336
6344 20672
1342 14692
13636 15587
20839 1056
10059 17656
11457 9495
6571 94
15386 8147
3083 21429
2869 15320
7253 17438
4610 12028
10413 14595
22070 825
19332 1011
20188 16325
11346 7887
8754 21281
19872 828
16873 305
18659 1292
20856 10868
10256 7599
2868 12646
21804 13562
12381 19232
4898 5241
20481 456
16762 10015
20377 3404
22336 19823
10982 1415
9508 1395
20517 8182
12051 20295
6702 20472
1688 6772
23565 7046
9689 1233
11283 17327
20654 8815
10575 16691
8247 12521
1250 9823
3849 13963
10306 4193
11646 20880
4724 5888
298 3804
7836 5423
20083 11363
12063 15328
1495 17186
23292 11229
23448 10852
2945 13857
11654 5561
1345 22715
10927 11415
23475 22075
23540 23439
11232 17494
2323 15397
4736 600
16594 18047
21218 5307
17074 20833
16021 7755
4307 7956
21360 7345
12206 21024
18758 21648
335 12159
8730 10792
5674 14867
6708 22820
15377 15243
16960 10148
1006 3753
2620 16028
13586 16287
13722 830
6376 6052
8373 17628
9322 20589
11653 19690
7903 21294
13457 10627
4532 4515
11436 197
6618 3704
7682 17671
4162 5472
5322 18948
11078 4912
22235 945
7942 21639
9921 15520
16013 18202
11749 2406
12041 928
13840 17059
1907 23492
9589 11022
21105 16221
787 22884
22049 10865
3986 19871
287 20283
12109 20461
22130 1249
12506 7004
12141 1452
10722 8602
9134 7831
20901 10588
16176 2521
20974 19167
14873 6882
1570 15890
19941 8455
556 6215
23451 1797
2238 21340
4756 1938
14880 20189
18218 19662
19494 15505
14273 2757
12256 1667
11381 12222
13397 7181
5709 9667
16446 4627
22846 1727
9076 16104
20835 20050
21583 9000
3559 20531
9675 12125
7114 16088
21730 4456
22337 2743
14551 11723
4283 9045
5509 5668
22534 8179
21532 10123
23489 5570
3627 10296
4947 6107
11845 833
7963 9416
13797 5575
8007 21600
20515 16502
10737 9539
7523 11170
14508 12604
1591 13647
6188 13292
17164 10375
14440 1149
13228 10562
14471 10332
9159 15341
21955 15094
12756 7782
23138 3261
10840 5431
9224 4392
21251 14025
13683 19198
4197 9830
2320 9752
22276 10293
1363 10245
253 684
22197 22220
12797 17698
3795 7912
6979 1843
11104 18822
906 12633
20246 15687
16940 2273
17847 7881
14689 1750
2345 8938
83 23330
2809 2290
13179 6095
19722 8020
13647 23644
20861 9494
18222 16710
5917 16556
10446 3370
14365 13930
15576 1872
1726 9695
4994 20327
17303 6486
7941 14520
12836 237
15122 20391
10541 5298
890 20758
11311 603
8315 11145
17197 6898
22889 19760
128 11552
20476 824
6236 20187
19429 15172
20889 6462
2628 18729
2826 22635
1687 18121
7987 9826
20639 17878
9049 5311
14354 3809
2912 6637
19770 14605
2388 15055
1247 13258
2559 4063
5110 23151
17636 2219
15735 20890
14497 22964
19169 1062
10581 14174
14509 22764
1989 23577
11715 2727
17377 7470
11224 18518
6263 11222
15054 8800
5716 23205
23497 15575
5611 2466
15322 5742
7929 23671
16170 672
9827 9669
968 19136
17005 22480
5000 22011
202 13143
18946 23447
10180 22431
21161 17962
7007 21576
7454 2146
22100 16920
6975 8572
2030 7946
10508 16071
1858 1355
13516 1031
9554 15247
6519 1720
23066 5869
2541 15003
16274 15350
13298 4435
3091 1339
18362 15693
7414 23669
22809 17260
6727 8303
15804 13987
14237 16603
21591 21414
17930 6230
4980 5320
16743 4598
1951 18333
15900 12729
8478 8195
22417 16245
9464 320
3376 13280
16874 4760
10072 23259
4137 18097
9625 18625
11694 19300
3314 8610
13163 5656
19384 3681
8105 8435
17524 3350
5888 7712
13353 3985
7774 9704
10555 11278
18601 16603
794 19141
15259 16290
10103 3140
12709 18192
1386 13997
3856 20541
431 22350
9145 8260
6245 11841
17178 21033
9832 902
15925 23622
5607 410
18929 9552
22927 16248
4850 6573
14348 19933
19355 23192
21817 18538
11673 5800
10970 6674
16611 13741
15920 4645
9851 17963
16974 18472
13591 3847
1082 21486
2110 17273
2383 19176
11723 3237
16670 1916
14064 19307
5741 3896
801 6537
4641 19853
3198 7734
4584 15161
16546 10475
20840 12489
6359 7121
8995 17316
17896 48
13037 2273
22010 18896
20940 13040
12830 19365
17508 3890
7109 5276
21804 11873
19362 11521
19284 20267
21945 5280
974 10499
22519 14262
6386 17200
2396 11415
2091 3936
20334 18187
4541 6326
13395 9786
2844 6686
11614 14305
18253 20803
19806 5114
13855 6849
14486 13022
21270 11597
15963 383
6446 5664
2851 11184
10060 22776
18130 13689
11331 607
3742 631
11206 23418
7944 1600
7969 2654
13407 11280
9641 6358
13888 6989
14079 154
23600 2413
147 10771
22998 718
6090 23098
6623 476
8037 21072
5269 9499
6801 4177
11939 13355
1720 8022
6221 5158
1026 18021
13366 2242
12260 16595
666 22502
3676 22311
676 14262
4776 15835
20282 10908
13017 17821
7179 21691
17167 20519
15742 9980
19408 8474
14588 6242
4771 973
16009 15250
7647 15007
23265 6053
5626 7741
14768 16281
6580 16380
5011 6546
4656 10490
10381 3414
15319 5597
7785 9164
3175 9129
21573 985
18358 12361
8353 1511
9303 11671
20213 10366
3807 1383
15454 2135
2459 1122
20885 11974
20319 10892
58 15521
9597 16111
22758 13830
14031 19062
11565 2860
23080 4921
1071 14168
9693 22211
4457 2589
16574 9796
7340 20825
11911 5444
15617 4589
16647 2517
484 14695
19324 6215
16362 18150
14639 1197
18868 3881
19197 22386
16427 23060
13397 9761
19690 6809
14862 9914
17702 22283
7393 10931
22972 21464
18919 16065
4334 16712
2153 9545
19903 7847
23650 22664
18947 9879
10899 2695
14261 16089
7969 14671
15333 15664
12510 10538
10162 5691
14402 11542
15379 11413
18118 11064
2834 5285
19583 3972
20709 21677
17341 2853
18148 4284
17259 3410
8607 362
20994 20337
13560 4975
14911 17992
22226 2779
7711 21875
4327 2387
11056 15912
10659 11068
23409 8060
8932 20907
16703 881
22493 16503
13967 3778
22799 4227
13762 19896
9163 18208
5700 21039
13025 23577
1388 21311
23463 5749
2152 23305
15865 6218
16925 9645
16622 19997
8128 12576
22457 19251
22090 2755
9063 12282
817 15827
15952 10262
18004 15445
8870 2914
15774 19428
4188 7570
14655 7845
14398 10624
10512 21970
4892 20603
20391 17091
22821 13335
18491 5300
12843 10749
16081 11258
2997 16864
10381 21618
14938 2098
23523 8613
9442 11448
14975 15453
555 16877
6584 20824
21274 3446
21280 238
10675 11518
19119 9153
10922 23547
787 6825
16641 23557
12693 20562
17341 13350
14922 15280
4197 116
20671 6406
16120 16865
4428 9243
20801 5929
21165 13669
14774 7345
4892 21667
9548 13489
7593 17522
14872 5087
11793 589
14041 7882
6272 1416
6050 23640
17402 23263
17445 5208
8258 18555
9034 15290
6632 14736
22549 20564
14809 21526
17488 15002
6742 17941
4310 9264
10207 21191
12486 3743
2122 13101
12235 3764
23193 8819
16789 18471
10480 3854
14539 11797
1669 8331
3873 18710
6886 2145
13849 14337
10070 16387
20535 19694
7047 19435
21356 17083
4236 16082
588 15287
21047 22586
19766 515
18513 12066
18831 21907
181 7257
9899 16347
4528 16763
12272 21675
6602 14979
8698 2965
10791 1672
15694 15491
12210 9582
15698 13759
23021 13047
4090 9940
14944 14301
18010 5740
4386 8549
5424 11947
21216 6100
12557 14728
10218 20448
22701 14025
11635 17480
16887 10696
12311 16554
1748 2621
3793 16098
20112 2349
16696 17734
3375 10774
11181 12925
12585 14798
17535 4147
7435 22021
16814 12979
21666 19142
15380 1290
21715 20925
16147 2864
14697 441
19920 176
12969 1139
15037 12456
7913 1837
3589 21392
11696 1883
18072 14383
4947 6144
9323 9183
2516 10411
13579 18475
19885 3048
16001 4407
19148 23044
3750 7353
5130 2491
19742 12013
6945 18285
15493 16797
14984 4936
1216 8688
13564 5737
5732 8504
19469 20160
7925 10251
17212 14987
6129 16740
7203 9905
15079 19580
25 22324
1569 2037
22547 19638
3777 3204
18348 13282
13921 8476
8311 12132
4324 14450
3402 15466
17653 2394
6518 14651
2151 18770
10871 3412
6076 22342
8519 23440
702 1305
7773 11589
12254 9319
2867 20377
20407 5600
5861 17114
22590 1401
11245 1490
17944 23299
14618 18588
23597 15669
10445 7431
10188 14682
13664 20750
13494 5248
15222 15172
19086 9332
8465 16932
7808 18113
18868 1865
7457 6894
14935 9921
17675 20241
17768 19321
10612 9978
5925 17556
16648 20680
23174 11002
909 8368
12994 20801
19347 7448
12974 22078
6929 1419
18505 4789
5618 20877
13465 13495
8331 6162
21212 5250
17556 7815
16586 21961
10934 11692
19192 7317
14222 8178
11918 9928
15190 11414
20124 11558
4129 4085
2447 9079
1690 21512
17584 10268
7344 16887
20811 11621
22089 6824
16436 22040
4406 22258
16970 22462
18702 2774
17095 23289
9727 1642
20591 9391
6064 10244
18843 5327
17857 16017
10651 6294
2176 11882
11465 16376
22143 14496
12065 5187
21628 14206
17864 19521
844 11891
7661 8279
7092 11459
22052 13926
16316 23189
1281 5860
22010 15611
20823 1707
15666 5739
8005 14448
17507 11367
4947 6486
8949 7927
17015 15632
4497 8632
18419 15516
15060 14265
7364 2124
10357 14598
18734 2863
10611 1663
15923 5055
15891 7045
20123 2755
17224 12251
965 10751
6745 8446
6769 20301
13261 2569
8716 1270
5970 5874
7591 3941
13889 4189
10537 2350
13233 4591
8929 16616
5372 13412
20920 2699
16290 21656
17172 6184
5959 3778
12111 12023
17180 13999
3226 4958
22987 732
2651 14347
52 261
503 1158
5401 22038
15617 9216
712 12873
20343 9267
23235 12766
2010 15556
15986 20093
660 16251
369 22384
17171 6515
11139 3328
15968 1000
5194 18441
13029 324
7563 940
21981 9387
17277 11748
20808 23666
9781 2619
13263 23411
16271 4042
9012 10727
5979 9804
12423 10710
19497 20388
16227 6052
15473 7927
14626 4663
21648 13145
1891 21551
22828 15711
7613 22637
22144 13727
11138 9037
2021 15914
8479 12711
13774 43
5374 12829
6673 22204
20272 20672
390 12480
468 595
20080 10836
14484 6824
5743 6011
17056 21447
16062 4852
7810 12303
8063 8804
18240 12676
4643 9569
5671 7971
3646 9878
8338 1095
7926 17019
905 8529
5237 16951
22703 21855
18402 7034
901 4877
8519 976
5033 3390
9344 20966
17008 18621
17366 4349
17677 21286
14712 1356
22596 20135
23645 10211
14231 2020
6605 10397
14521 268
23275 20817
15976 18440
12771 13309
13854 16878
11127 473
20664 14462
10576 9512
4135 23143
11867 1877
23346 14600
8946 1875
8303 15741
12536 13137
23608 11316
19471 21117
23687 3185
22053 486
4397 17044
14699 13818
6986 1298
17523 4231
18602 17621
13758 9239
9757 22376
11630 11541
312 6202
19754 2151
20307 22040
16667 10366
3120 4646
19151 8258
7074 18375
18060 21555
15153 10043
19772 20776
20246 16107
19173 12691
13264 297
17063 5232
1479 13830
6238 2795
1180 16361
18733 8961
8397 279
20313 22430
13867 13785
16734 18732
9295 9796
9930 19023
7732 4455
3060 2246
14629 4990
20711 2203
20926 15972
23601 19740
13016 1185
14658 8175
12020 12555
9952 5349
7137 21028
7045 5847
8369 18552
20676 23021
750 21395
15683 23058
7229 22161
2859 23007
2415 23446
8522 11526
8183 21041
4709 17072
1933 16609
14323 10920
8772 7096
6681 6001
21800 9660
12325 18485
9079 11487
4024 362
16696 625
17876 15096
509 17265
4183 4615
23215 21053
10338 1426
8862 15174
18483 9403
18100 9952
7950 7017
5062 11681
1981 1308
14989 11211
138 11389
15254 17890
20023 23643
19984 4193
16848 13705
16850 11146
3179 7003
15249 4599
13644 6369
11788 10355
2190 9403
12173 13406
5139 20709
12920 11250
17967 1785
2511 1067
6214 14695
15067 20417
21043 17012
6176 9015
11703 584
12117 5358
4007 16993
10209 1433
4992 12862
17348 2031
23098 10814
23035 2952
4282 15709
22307 6002
19407 1203
19801 16806
7961 9984
12959 5228
20359 11857
20469 7123
15125 2150
7667 1472
409 5044
3694 2578
17244 1156
20851 7467
21470 8655
2742 20754
13917 15324
16735 5996
14893 2422
8604 12867
7740 6539
19780 3977
6201 8494
14461 5785
15810 16638
22559 20053
7452 11695
20936 10046
13417 9603
2642 19927
18583 2078
6197 16289
17857 754
18750 2875
14063 20745
17971 14484
10339 7897
6840 17590
6684 14203
14696 8768
6202 15490
8466 18803
8791 285
19788 4317
21402 4589
12080 7273
8481 9893
4174 1730
17398 5038
11006 19502
664 22076
8154 11337
757 18355
22508 20349
882 1901
15260 8628
5940 11087
14525 12390
1487 10841
8711 12986
13909 9448
10241 21651
242 7802
16405 7091
8605 6887
6184 10742
17474 6009
22585 3763
17737 15905
1198 8068
12440 14362
13263 8320
9938 558
11626 2634
12347 9891
6304 11275
16698 14619
8550 1832
7495 17190
18902 434
15531 12775
3444 9734
17081 14559
23183 14988
15908 19147
14384 754
8627 2039
19472 2885
23453 22984
12270 23300
13951 8993
18706 21988
15407 17828
15096 14784
23049 14712
6533 22722
19448 16496
22180 10695
1061 530
3734 19174
15826 791
10115 21109
19741 13025
23536 19749
22252 444
11683 4417
6662 12040
1146 982
6543 13870
14797 10916
23459 22552
14322 6815
5455 20108
18402 23612
21061 18664
22068 13896
18373 13976
3950 13784
9762 1540
1370 2534
13476 13673
11905 2043
41 12786
10157 5343
16997 18959
17249 3131
19991 2800
18223 19360
10092 12285
4102 20867
21734 6035
21231 16758
14816 16862
3742 18306
1121 16467
11618 10944
15354 14831
19277 19303
18707 1314
5116 21491
5360 11542
2148 14955
13918 6676
8265 3652
23295 13152
17617 7327
13405 13156
7755 14636
6871 8014
20713 18941
20557 23450
18056 534
13377 3614
17940 20274
19803 14648
14678 9595
3965 15483
20018 7106
482 14740
15104 2109
12194 20429
5663 19281
1580 17787
307 1217
10727 1530
17713 11259
3497 22614
5967 23119
8682 16644
13482 12706
14255 1427
7644 10747
18610 5722
10240 2852
5358 20892
12818 14372
9179 2005
15277 11939
12220 9143
6234 15219
5913 10318
21888 9381
7036 4352
16794 16668
9121 4379
20749 5164
16664 6801
7601 4675
22774 21434
23310 21718
22250 16570
13455 17821
17169 396
2980 19465
3792 6253
19608 6157
16737 23644
2693 8635
14305 20793
14083 15695
17727 14613
7817 9369
3459 6754
21629 9141
16204 8162
20890 21404
15360 13313
10239 8528
10789 22283
12126 163
18142 11250
22734 15210
22848 2644
23140 14833
19185 10354
16024 5536
12948 7287
10930 7632
9294 2346
19878 5990
4757 10377
225 22897
23495 12575
12069 16218
6639 15390
6186 17540
13486 239
22294 17249
4400 8313
18578 20005
17298 3293
14488 5282
848 956
774 9539
1706 16955
13531 14309
12836 13281
8484 18689
18515 23666
5999 7595
16049 22413
12040 1620
22052 4179
1628 6511
16960 22530
5900 22788
9792 17743
6906 9840
12462 3043
7386 18622
8475 13245
23227 1297
17334 11531
3522 23524
6194 14992
22640 8378
1492 3806
10291 9487
21027 14166
4716 18718
17908 22135
8470 3406
2700 150
3819 14777
2395 15575
1365 8246
5632 9382
14657 10895
1262 15228
15294 3765
18007 22393
1266 1332
16701 11973
13112 6931
18031 20004
2767 13564
2617 23193
23538 20632
15843 21163
23215 7429
17811 22365
18120 2916
22202 13214
9056 9681
10687 6903
1903 5957
6291 6214
12266 16433
820 16072
6365 10118
10836 9436
14203 15427
4161 10878
846 20992
12038 7246
5039 11351
21675 22935
1199 712
22779 15815
5760 22590
6560 16151
16510 21325
22688 7962
2187 12061
11074 7072
19248 3632
21793 10171
14415 7577
2502 23668
10475 2417
23403 22029
11924 3350
14574 22721
8939 22540
19716 15420
11963 17131
22851 19959
8742 19762
17981 17144
15392 17372
8339 5135
5004 18929
16424 2277
22350 18276
23160 11987
20014 146
21455 9729
4816 19199
23395 23114
15270 15672
5852 19359
16502 3666
17734 3008
10691 3999
4795 389
1412 9284
13618 13163
18804 21032
18120 18320
7534 3734
16120 17588
2343 15727
21001 7183
16749 19452
11886 21218
5957 5413
9210 4365
9220 23213
12199 7606
921 9663
11038 8881
13593 11558
11788 10588
10743 9889
1888 17822
7427 16072
22233 19931
14998 8629
21221 5194
7927 8110
13723 7364
12396 18418
13507 19287
11029 16310
13110 8437
21268 20261
6696 17780
8593 15140
1578 16444
3626 14715
9799 9314
21822 731
695 10666
20289 2687
23291 15147
22375 3337
22078 3731
1087 13286
12850 13176
15540 16811
19490 1407
8894 10795
9203 12603
2406 13961
14035 6736
15951 14297
18559 11216
1833 15034
4791 4485
22516 9112
14600 12315
20003 4450
19107 13256
15011 21153
11278 18855
2370 3286
4088 13748
23277 5970
4339 7556
21659 18253
6149 4415
12779 16151
18381 21389
2117 22470
22384 23195
4477 6194
3995 22578
15437 12088
19804 21885
6837 172
7135 1951
7903 16388
3848 19309
2966 16350
3118 14475
15401 17863
8614 17379
11651 18678
3254 10547
11059 12547
8429 16896
5788 4433
9054 18877
5296 4796
8229 16335
5436 8879
16114 22597
9077 22067
17344 18176
6977 6346
13610 1914
11685 16918
5849 23633
22443 21422
22591 17558
1222 15848
15880 2886
14914 7030
9006 7195
465 21239
16879 18455
5291 14521
1219 17047
15398 12076
20528 18096
20575 12580
12295 20544
8129 12656
6758 13663
11765 18468
20587 7369
4136 22345
22503 13307
19853 7950
2781 17225
16776 10640
14634 9272
16536 8204
1428 18045
16103 16076
3989 3966
22348 15406
5137 7153
21335 9205
4617 12287
7779 10795
12996 10831
18689 19326
2006 22377
3663 19256
1272 19600
20104 20265
3849 3645
6351 17418
21783 17364
18582 21234
19075 19122
12248 10129
20778 3574
10750 11829
20538 14393
12813 15681
17447 7884
18457 3779
18306 23527
20914 3207
8168 6919
21032 19436
5385 1549
3778 9284
529 16742
16915 7942
20181 4216
5058 167
11527 7236
14630 9665
6902 3620
87 8921
22373 7778
16939 21566
23539 20831
13978 3623
23108 5583
6876 2987
8421 10417
22340 1275
10049 11224
6410 2174
15314 11586
3153 1092
21936 3543
23001 18206
12535 374
14810 7068
11466 8615
23559 9368
11188 19427
13429 6957
12368 15125
8128 14809
2298 9339
12785 5098
17412 17040
1475 6322
21073 18196
18508 14436
18673 3424
3609 21873
6388 3275
9609 17713
5940 20099
21653 15811
5511 3459
1023 1769
21373 7552
488 22621
2227 658
17931 10087
15215 8953
13979 9584
18941 10456
21489 10453
9183 15913
12681 10944
22268 3699
4591 16481
5923 23603
18856 9881
12600 11530
6805 14811
14177 21385
1311 1191
11977 17842
12021 6320
15777 21198
14500 10160
19745 7439
16937 10050
5471 4512
19791 4668
6307 20089
16264 9804
1838 10836
14135 6976
9113 3537
14115 8405
2084 16550
4302 3913
21125 19567
14630 12551
23336 1787
4683 12325
17291 4416
19842 4847
1015 4387
9929 4983
551 12723
4533 4459
17421 9677
1916 10521
19314 19924
19452 6297
23348 9035
7681 17693
19882 13711
11596 9654
12913 23570
12642 5459
13428 12880
22708 14461
6363 8649
21610 14898
21378 12246
11988 18886
5465 16577
19755 17760
15876 19968
6909 7008
20638 1593
16114 23327
12989 1722
17567 21857
12553 17072
6958 14812
5916 12201
13713 5981
17955 8119
16910 16653
18143 1452
15115 7428
7769 19295
16287 1637
4439 2615
2829 5838
19012 16434
11775 8646
799 11110
15530 20799
10910 2165
1079 8471
22472 14319
14010 10543
15196 10966
20694 12215
3824 5403
3107 924
21334 15051
10235 6002
3190 22565
3928 6756
1498 9994
15112 15123
317 10069
8545 8977
17596 17229
19034 16556
734 18020
18892 19939
8069 21151
7347 2184
16835 14493
5110 3205
2162 6974
15786 4517
13699 19301
1992 17285
15010 3836
1828 9977
3769 1467
4759 2462
12116 19246
12445 16425
10547 23426
20476 19840
4960 3316
2277 23350
17033 7452
7093 7914
10838 8377
22365 7909
7625 22342
5880 11382
11348 11330
7992 10108
17302 7584
5766 4366
23367 21265
3037 6374
13127 4761
7140 23569
6320 5329
22608 5855
1033 11619
11242 19611
13555 22741
18629 1450
18466 23614
22966 14367
9145 14078
13526 2483
475 6843
17918 570
12859 2769
15352 21121
1772 7654
1269 2147
15852 15624
17943 13060
18393 12571
10636 19751
2656 6712
4949 10004
10858 19676
11426 10295
21453 1083
16841 6360
23609 1177
9383 4903
19489 18082
6534 21138
7323 3523
1710 22403
4861 17259
6757 15427
23672 1993
9366 1040
4108 13873
22894 11880
22550 7397
10403 21664
2687 3601
3424 23252
6484 6141
22278 15018
6833 2895
991 11267
15943 17543
12891 2753
17794 1265
5715 15182
10704 23365
9052 23432
13913 8221
22965 11116
23268 19614
8487 17170
7485 7052
5081 7991
15301 894
3222 11316
15423 21510
14425 4627
15066 512
2995 1364
4719 15323
12567 3591
7113 15033
5943 14586
2910 8448
11787 21872
19205 1516
16571 17761
18603 17313
10615 15287
22343 19319
8550 22075
19242 12932
11386 19033
23599 19135
16149 7413
5650 12529
20077 1201
6337 4261
17827 960
18058 17940
5149 7589
8930 12511
14411 4477
7791 17521
19078 10220
22507 15153
4133 5859
16958 21164
4386 21632
12526 351
4726 23178
7838 16063
1851 4141
19202 3285
11460 19098
6739 3431
20964 12255
22583 3777
2794 8006
17137 19662
13426 12908
4982 6448
14785 19861
1061 20834
13679 22877
19040 13759
10651 18569
16860 18181
449 23547
4455 11500
17253 6712
20854 16407
1319 23465
2487 18838
20970 18015
802 15517
7061 10570
16972 9223
12045 23207
14215 15412
18394 19396
20307 16507
8264 3659
195 9001
22706 14039
15607 23042
19749 3565
13382 8551
8115 19638
20719 246
13444 22465
19033 10174
6774 11649
13260 12014
5260 7840
18102 23004
4110 17761
19929 4071
17064 21731
14286 10199
14084 19351
2895 21782
23183 11030
6399 853
12746 19601
22321 11189
10613 6154
1996 22347
14022 13424
5909 18742
22273 5554
3588 13896
2121 8553
3360 833
9735 5057
21607 20405
7108 13074
5544 13497
3394 21847
22262 16624
8271 23692
18102 6821
3712 5776
13153 16777
17573 23268
7846 6520
20301 16131
3623 7180
7247 13093
19042 16839
11292 16679
6660 10707
10626 1936
20876 19525
20837 4710
800 1229
6636 12377
7382 16660
1574 19630
17695 23663
8791 8552
3850 19541
414 20550
22663 15186
15022 6847
22732 17557
5414 15919
9038 13922
3336 17130
19948 9640
922 10831
10490 12153
7384 15685
22737 9226
2879 516
11026 17749
14241 9865
1310 11149
9448 12961
17531 20889
9341 5021
15271 23447
21848 11089
1923 14904
20672 22605
6461 21117
4035 21970
22952 5742
16709 11322
21477 8996
13231 11689
14893 12621
5898 5312
15859 10918
21641 1535
10646 10532
2846 23084
6799 9271
12863 20028
13226 20129
299 2623
1676 21929
21812 5090
6397 992
12920 23631
14080 8597
14895 17469
15895 21139
10885 20225
956 17494
8927 22974
17806 6128
320 21138
9750 1263
6675 10976
23352 20299
9932 14424
12 23502
8934 3229
17141 16158
13433 18360
7228 21411
23357 9656
2009 11470
950 18128
23275 19283
11129 9565
9574 18020
6475 408
149 21889
21809 18136
10720 2687
4361 19053
1584 925
19814 21338
2704 17645
5269 14220
9072 19235
12150 15276
22117 6504
653 4513
23467 18099
22167 12049
273 15659
4199 7938
16853 2739
4852 798
20797 4379
13178 12402
20814 456
2182 14804
14028 10425
6688 22427
4814 5984
1051 20689
5004 21032
15835 1759
15208 5126
230 15545
6731 23056
5771 9332
22240 19015
22805 6699
10256 3860
20912 17649
14063 4970
10269 16720
10146 18987
13293 5848
20001 3542
10804 9687
13655 11852
10089 16996
13998 12742
19648 4940
11098 3211
17452 5094
20804 12646
3808 14487
23130 15896
290 10061
11284 8750
22719 22044
21636 5934
19086 21568
12810 7879
23690 14145
23337 9363
7637 4763
2164 1090
17051 7966
11372 5194
19941 9624
23648 6724
22746 20486
1473 19331
7464 5246
7251 6470
2992 12175
23528 14062
3451 9233
19761 9594
9351 19758
18558 4521
21945 15892
22360 13019
6475 4078
297 6718
1661 11365
11929 11650
14167 7429
20533 23012
11446 10914
6180 15246
21160 21340
6260 3048
20820 7900
21833 7405
14125 14061
423 5479
13093 20555
10768 21362
20594 7096
4851 15432
20674 23556
10352 22389
6060 11297
10074 22812
14990 15678
10826 5057
10866 6463
11516 22926
21623 8264
5887 5612
13026 7655
11632 8630
4043 18798
3309 12564
21528 3428
21442 6455
3730 2683
8398 8031
17182 4019
12054 15103
9522 16178
9308 18942
10571 22927
3895 3171
23351 18754
986 20547
20114 17251
254 8939
14776 17924
11479 23076
21493 6428
16035 15456
3669 23019
11266 16105
16889 10164
18135 2778
7024 12162
6913 485
11342 2424
5767 21758
13239 17136
16840 5250
1977 18034
13914 2175
9046 18030
3060 20348
21437 2911
15082 11248
2598 4278
16341 8313
18843 904
8026 16634
19154 9034
20102 6869
22669 3133
13767 21828
9314 7842
18761 2258
22094 12976
15690 17386
3576 9439
3857 2023
11621 10153
12280 12461
6530 22327
1966 22898
15072 14871
3478 16393
6234 2430
8530 11435
14520 904
12631 13742
6892 8319
4484 272
18737 10120
20930 21832
5262 21033
2795 16829
14086 3035
9166 17122
21938 6314
21150 2590
16044 20967
8005 11812
11550 857
4657 9577
8685 17824
14683 19506
20303 17238
18743 20182
22 17510
12945 17563
6406 2448
7627 11028
9629 18001
4774 5202
10219 2682
22250 6549
19027 16437
18922 13989
22877 7485
16636 8410
7007 2056
1783 15712
20492 8650
6179 2791
3360 3345
18483 7836
21672 14920
19157 17919
22480 3090
19825 16596
21208 9343
4004 628
13390 13624
3549 4461
5503 52
22924 5891
13365 7010
18781 22982
17785 12634
15985 19165
2494 20996
6516 10297
7909 11047
15028 6262
8488 15833
19388 5619
288 22538
10929 4281
5993 5736
8146 4956
2506 526
22794 5204
19218 2664
14456 13981
19286 12075
22668 21856
12008 4637
1838 9234
12315 14056
17627 11875
1190 8374
20238 685
10840 19746
3153 1561
6130 4272
19709 12312
3577 16795
14643 11158
21789 12980
22166 7433
4298 22133
16215 2250
5449 7918
13843 18818
6278 16842
3592 22514
3729 5148
17380 14519
9369 6712
325 9808
15316 6796
4144 6744
842 1092
14187 16976
19234 1198
20079 22842
16701 17697
22135 10235
13881 12471
8824 22680
23047 13202
16012 6688
14202 5395
15029 10417
12697 22879
571 23294
12668 862
18642 11647
16916 16118
11192 15964
9665 14026
9705 17923
14795 17287
2592 9783
120 20794
21267 20864
21094 11714
757 11755
9744 2405
21515 38
8610 12934
15679 3863
6652 3425
19762 19470
10117 18401
14810 10038
17310 1274
20243 11759
10178 8055
20775 8036
16294 21953
17839 16479
11673 16369
2715 20493
8645 2237
12363 12675
1226 21706
22058 7164
13154 5652
15187 12323
838 18702
21846 2791
893 9819
7656 8328
6381 6526
20144 22977
14454 20792
14482 176
15737 17043
259 17763
11041 14133
21851 781
18448 13454
10023 9068
5425 15581
10510 3830
6382 13042
10584 21739
11828 5116
20809 1746
5534 20223
11897 5424
6539 10844
17290 16194
22718 13578
18081 2321
5317 3715
18330 20501
21363 16263
12439 9694
12615 2801
17054 15907
10089 19308
7431 4275
18203 2688
12515 8507
4843 3202
19832 11678
14465 4797
3284 640
12812 19230
293 14630
5645 6580
14429 16056
12830 8291
20586 990
1055 7611
1562 12679
10997 16723
17342 23443
5880 1200
15054 337
20526 20830
20148 3214
938 15895
20544 6705
18015 20884
13114 22237
22078 2319
14590 19852
13259 16020
615 8651
8427 2037
7665 21761
11225 12197
6957 15111
12333 20254
14856 5544
19046 16320
6728 7919
17309 3027
6838 22145
20564 4333
1938 16123
2881 2461
1293 1658
16092 9888
10345 6234
22430 13954
21575 8033
11489 17214
19401 9504
5353 19352
1468 22047
2699 8534
2861 6754
21214 17145
8019 1936
22570 11578
3429 10322
22742 23658
9009 21014
8669 2979
7805 8187
7726 9151
18002 10472
6429 11554
11500 4817
10083 2383
12676 22897
3590 21859
21619 14374
17517 13977
5580 7709
9257 8116
8697 11555
7244 9746
9240 13245
21100 23034
2331 15844
494 4760
16745 276
19981 22229
5614 3650
8947 19575
11740 20797
20798 2027
10837 2627
6148 15839
17799 19332
13016 21421
19668 2300
14246 19790
19449 15188
6482 21666
15634 2954
11763 3625
3769 13465
17417 19868
6686 8960
2500 23325
14219 6305
1736 20552
19934 10375
15074 13572
20828 5072
5061 16334
17661 148
13129 9533
17727 264
16184 8490
13571 16083
1057 9421
11456 373
11391 18167
9270 4980
14673 17636
7167 22753
2444 12048
16183 12795
14150 2558
22169 6249
748 23510
19955 9714
19313 20473
2723 2026
13246 16019
9619 95
20183 5500
6018 12669
13229 10058
15034 16652
3732 13343
12424 14891
4130 4992
516 19515
8327 28
7341 920
12043 14737
19020 7204
6046 4877
12002 20436
1005 2719
19340 15182
17212 2993
11896 22595
21740 16680
4461 8345
3242 10932
18509 14924
3905 9532
10090 5067
6175 12387
12909 22957
21820 15986
18652 5501
1843 18908
11537 20098
12871 4486
3312 16915
13917 19
21203 4531
4692 735
1617 23101
14124 11645
23273 10419
8371 9291
15931 12804
4718 9949
2906 23484
12496 11163
10062 14543
1703 549
8789 6967
21169 14686
7691 3864
16555 21172
16671 93
7798 18660
12540 9120
15886 23637
18805 355
22971 14040
6028 23055
13478 559
23117 4193
3145 14147
12402 3621
16685 1800
10520 17901
8028 17327
6642 21037
19702 17303
2799 18489
1679 17519
18521 15231
5683 23136
6631 5678
21149 5028
22855 14847
14441 9663
1817 6359
18362 16745
16117 16346
12685 23335
3442 3677
20872 17459
6819 22599
10709 18592
15597 7285
5883 10418
15271 21077
6513 21859
16475 18924
7109 21723
10123 13490
14100 6552
19670 17878
23558 2307
10650 12145
20446 3967
4245 22081
15030 8325
15158 11468
8287 17749
2176 16149
8814 1741
13596 21999
7404 21833
3186 14784
3321 19900
20891 12396
14649 10135
12101 23062
19726 13068
19157 19434
5262 10608
8359 6690
23047 9007
9625 22490
20527 12073
14662 536
9342 16201
16802 21829
4311 16112
7170 1218
16371 5386
10756 16598
21901 18719
2634 2221
1750 20048
19799 8185
5122 10467
6563 2782
13204 15417
2136 2035
18857 14858
6164 6117
11744 10810
23273 20173
8772 8350
13506 2247
18603 7481
1492 8700
9504 3581
2232 6083
3759 12682
11987 53
22622 23378
16837 13663
20432 9488
19922 16135
17122 14824
20270 20681
12858 22624
13844 4638
14028 16760
18681 20743
1156 11528
22127 19536
14870 18330
7684 10788
15221 14563
5858 11489
11108 22986
13955 15242
1320 13629
2327 17398
3361 421
15041 13894
7058 11345
15528 10454
17659 362
1256 12863
1467 21567
18937 5218
14248 12089
21190 16437
7054 15416
4425 18474
19383 10851
7474 15541
4462 9505
18321 15068
13432 3114
7990 19507
3579 20013
6510 7739
4733 14689
23452 19164
16174 22164
18105 1197
4373 17677
20844 12615
21634 13902
14075 13332
18092 9058
3399 4927
8898 10805
15345 106
22887 4615
4311 1573
4681 7188
21157 2183
13531 4978
4115 22108
20949 14942
2504 8718
5380 1947
6927 5613
8500 5359
19185 11218
17903 16162
15710 15138
18874 1702
17943 10168
23559 5666
1898 10681
6941 8686
2147 6437
4136 21033
10124 4458
12899 17834
5027 4884
18688 3723
18273 705
9852 20742
10925 22812
2455 18527
3366 9674
13622 12770
14038 11070
20795 14026
6309 2552
8037 16086
341 1714
5765 21285
17725 1935
23064 9759
14913 15925
22488 3539
19664 5232
12309 18467
0 13330
10466 11389
16228 2314
13783 587
14212 18113
13658 11333
19084 8125
8622 5588
10306 7322
16928 9989
13410 15569
5475 2772
8719 23106
15802 9356
8089 4734
12003 3034
1090 9488
19890 12529
4231 1927
19187 14443
986 2538
19023 20168
16728 22302
6958 12409
20413 21266
19333 9520
3496 22049
5697 21514
3886 9794
23685 2688
3731 13124
17317 21115
11369 15535
15401 21318
19301 5012
3686 1346
157 10495
576 18417
5522 10807
12519 8438
9964 22555
5716 3091
20902 45
17081 19384
3544 1542
16061 7063
7575 1758
19218 18299
23567 23451
10335 16041
13539 10231
21602 21417
15071 23094
1790 471
5305 22662
14476 22566
14052 13087
1231 20047
22251 16378
2342 1511
11984 5997
492 19596
6058 2613
13354 15640
21295 14609
13974 14436
21151 15321
17433 19200
984 20371
16529 587
7415 2195
303 20113
4540 11864
594 14284
0 16803
13293 245
269 2017
7448 15693
642 5802
289 9963
2037 9051
9524 19245
22205 9685
15787 10380
19861 11581
23665 21816
18619 11272
22287 11432
22740 17891
17054 16288
14865 1717
14867 4377
1814 15488
4201 12328
6586 31
19871 6125
17810 10042
18651 5142
12863 18764
15783 3871
2477 12231
16551 10028
1340 11986
12301 6454
2338 5386
20297 66
21784 13785
17613 20161
12978 6265
6537 21008
2172 10293
10971 9439
19451 5444
21397 234
10733 14926
6541 8578
5552 8768
8155 4051
17911 15958
22500 16804
3331 2923
15426 2408
13345 21344
7936 17282
11590 9399
5077 11522
17186 17581
21258 20077
9437 10317
8559 9174
21045 7032
8148 18494
327 2450
3151 576
18826 1776
20068 20939
7853 2402
13240 4649
5741 20941
22308 18680
21818 139
20101 11560
4649 17744
20072 18815
16785 22523
8659 9047
2702 14261
21313 20816
23094 13259
22456 14253
20344 13542
8190 8614
13235 5175
925 16276
14965 16738
7406 754
416 19204
9972 18747
164 5118
16093 12745
11000 21800
19850 4216
17387 8239
3549 13399
5267 5108
15366 18995
15007 18711
23509 18222
2370 22437
9874 23321
9829 21370
3790 16721
6836 13468
22492 18608
6813 16852
7420 18974
9103 23491
8665 10344
13306 20748
108 21021
11412 2087
14776 9943
10737 4049
11635 13842
14772 22139
20037 4516
11846 3157
2550 15780
17647 11750
8647 2104
18065 13409
23172 10645
21065 18796
6631 1896
13119 7830
8698 8866
1004 23136
4004 4681
15715 12563
11959 12149
3419 10544
13928 4864
1802 9145
4951 9589
21666 110
22367 9800
17851 1515
8683 2230
17205 11260
19130 20009
14145 7008
20858 18352
8497 18102
1121 19137
23204 6222
9072 6100
22541 5183
3790 20140
10402 16049
12632 299
2144 39
16976 9460
10070 13841
10494 9882
17096 15770
15408 2463
10367 18063
23137 15049
16638 16222
15282 4738
11852 11490
21373 21370
21713 431
722 20302
4308 7493
15320 4551
18970 12092
17680 20194
13195 1867
7088 6404
8860 11009
5341 18242
14537 311
18667 7358
5069 7126
220 6863
15844 5085
10911 6977
16519 10622
1684 21634
1832 11296
21792 18328
14570 9126
22285 15929
2159 15859
14124 16182
14652 13943
17468 14092
3047 1281
12542 17246
2348 4156
21613 21747
3134 18298
21652 4706
21095 7870
18480 21614
3701 13882
4444 14909
14114 275
20142 9065
19697 1046
12263 4240
8670 18541
18609 20605
52 16301
5323 5787
7358 9859
9250 22761
23284 546
4523 2392
691 15200
21119 19683
23288 22297
145 12823
14173 7071
16094 18368
5510 19743
1621 7274
15804 3357
2925 10528
6326 3434
10318 1646
20717 22488
11082 20035
20671 2033
4570 15786
4595 11748
1620 12410
12793 19661
23131 6049
21130 11661
10170 8698
12203 17016
19497 9399
10830 19169
8045 20220
10266 23704
18459 16913
17443 18088
18195 16797
14216 5361
13027 9669
9467 17922
19245 6373
4332 5608
7767 21676
6479 12709
16000 19381
13467 8792
11444 8613
18038 2549
22175 15906
17398 20792
23609 22875
17038 14868
23229 17953
9464 407
5743 9935
12160 7676
14159 2022
18259 16359
12934 5694
2296 5407
13730 7145
9534 1283
8863 5725
18597 4604
16264 11307
395 9350
18861 10600
21341 298
20273 18459
15717 9841
20246 13737
7531 2354
8662 10171
6478 12418
2575 18456
5075 13851
4319 526
21807 12999
1646 8433
2008 17423
1848 455
16288 23297
18569 14272
12184 13085
4159 20697
12318 1941
2 5389
8369 14263
11770 1349
18801 118
19414 12803
23684 12881
14221 17652
13250 19666
15320 17273
7592 11193
18358 2899
22262 15440
17430 7689
8395 3176
23119 5562
5560 11673
20495 17932
12976 6819
23622 18419
14289 16905
10447 18313
6212 14171
17250 4451
19339 20651
18635 19193
23242 7042
3298 6336
10827 15424
13465 1086
3974 11894
23308 369
19149 5385
20874 1374
4708 4490
12579 4896
9699 201
21109 5954
17182 4782
9555 16234
7426 840
3142 18763
9949 6734
15136 7833
11638 12859
13717 16999
6245 6334
10205 19544
1040 5629
20116 718
4062 16106
567 19030
19033 17937
12799 11060
3216 12835
13350 4070
13421 23139
17318 20925
20585 17362
9914 23428
16110 5875
13575 18602
15071 12477
187 24
2895 18046
6747 19945
21808 14981
14497 18385
15874 16754
6173 2760
14919 18711
7054 3374
20621 17486
22019 1408
16790 9281
2170 3882
12164 3660
10686 2255
18018 10195
7661 10132
17533 19743
17809 5963
4798 3001
21330 6300
1955 4551
1677 1080
22130 4258
13162 9842
12509 15308
5615 4168
2329 23553
6765 14499
19279 21012
20895 22017
9287 15117
14363 2400
5053 19568
6038 4721
11173 16409
10230 15006
20398 6821
3592 16395
11160 6603
15164 2097
18790 10768
14052 11250
22681 17375
17473 13429
22782 11012
7120 19071
13597 11949
17300 14829
17678 22101
8250 18241
19442 20800
11853 10882
16177 14785
18494 9725
7299 15382
3446 13305
19178 17332
4710 772
5953 9488
22003 12129
112 8475
18750 553
16605 2678
2779 22319
12350 3132
4187 8688
7477 16491
21712 18693
22783 9655
6721 19171
12246 15204
12855 20305
4245 15708
2734 9546
7459 6540
9957 1218
14119 22121
7626 4522
15837 5713
19138 8213
8465 1223
2924 20544
16666 23095
6179 9074
2536 23196
15067 9235
3556 5945
7943 3060
10419 11943
9769 5823
7855 9381
14151 662
22428 16691
11869 10116
5590 3974
10308 8941
17562 12937
21714 12158
9467 2843
17990 19113
10573 12506
13212 20059
23206 2877
19686 10486
12200 20099
20774 1571
21989 23347
5007 19740
19098 7742
8069 21906
1984 5614
18692 9467
23389 14816
16024 10001
9735 2486
13820 15442
20078 15383
18068 2033
8714 358
19525 19653
16148 8148
16904 12347
2689 728
15698 19683
18654 11743
8964 22043
11789 6545
17289 9019
23286 3550
4801 435
19858 2267
13574 7205
3354 10113
19289 12158
11693 20273
6452 17197
11718 1566
23596 19230
10149 10776
15738 16860
20558 15853
10180 22716
15764 3296
7037 13680
5529 19031
9186 4707
11379 346
15109 3000
17641 14470
11317 21694
20962 4253
15378 14554
16960 4013
10978 14766
17971 20518
19687 11926
21892 22075
9643 6873
18370 22441
2472 21369
16942 6021
18332 13170
10524 20875
1849 5283
20689 8431
16109 18296
20578 2273
5216 8392
3952 13979
23124 20601
8186 23406
14438 2431
1307 12763
797 198
2532 7953
11631 18433
3452 16198
8374 9477
13442 14601
13392 3088
10461 4620
6476 3367
8838 14859
15773 22891
7644 15334
6447 13509
10430 22508
17668 20335
12827 20286
5091 9444
16529 9297
17293 8923
11296 13949
9459 11927
14222 20714
8124 1211
3090 1465
4564 5674
6517 18261
19350 19686
16507 13290
23586 9666
11364 7314
21286 2887
3663 9934
16773 16306
21278 20055
15436 5134
1770 22399
8790 17333
13906 15813
16698 17734
5640 9445
13351 7479
23673 23150
13483 23010
12118 16077
19069 7975
22531 17150
3952 4632
23494 12448
9684 5539
14009 13283
3515 23389
18178 16978
2373 3812
11283 12770
10014 872
6290 2149
17409 22875
7862 19369
15134 8841
11879 8112
23181 3695
21645 20675
12938 13619
22464 22884
22965 16457
4359 12861
14131 21611
1106 8345
8109 4338
9971 8097
11629 9315
23600 22148
7508 10827
9031 22385
8383 14095
6054 11698
15955 12190
20344 23404
15658 19596
1453 20125
12648 16631
19272 11626
9011 3220
8737 18435
11019 10090
14849 17495
22195 4901
6045 6720
17247 7466
6272 2416
22639 5308
22005 8582
19356 15702
14106 16443
12419 15563
17711 14351
11312 19585
2385 8051
22380 14858
18166 1444
12045 15233
18247 21360
18880 11936
21184 1879
20295 6007
10453 3183
8999 1485
907 10541
3254 5254
23176 8146
13318 19509
6865 8144
13496 21940
14756 12819
13287 218
115 18683
6777 20061
6896 14102
6293 10413
19080 20950
4813 18365
13674 19519
17278 16996
5513 2561
9447 18129
4525 9255
8955 14232
21017 9536
6727 8473
11363 3350
18691 21122
1180 11405
20203 19877
22886 13315
21752 12187
16033 9515
10274 23534
12645 8544
17801 652
22509 20230
15971 15488
5011 6947
14404 6227
18827 18527
4919 23313
23486 5634
20376 14758
2445 8613
6677 2987
10603 8914
3234 9864
3616 12081
22912 8212
9039 8982
7066 8905
22146 4296
22606 18213
19883 4768
5524 4044
17403 21276
11853 4606
10858 20362
2674 423
11569 9
17752 634
2333 497
13847 10463
3210 21968
15302 19783
14527 583
12121 22114
703 21351
2765 2397
5189 9601
8992 15967
10996 9100
7750 961
422 1916
20825 8218
20216 22424
12147 11149
14959 12520
515 14527
19121 5161
6967 11320
19119 14020
10463 5261
12218 6757
500 4393
5857 2338
3071 17663
22763 14757
22478 20239
11643 6645
21388 3730
593 4525
12093 3079
1045 1012
4407 8954
7911 16991
659 2109
22625 4174
6499 7679
5328 23354
805 8196
9089 10798
618 3919
17243 16420
18110 8621
5051 3040
8263 10608
684 3310
5244 3872
20981 18633
23033 5061
9672 3490
11330 12560
21963 10337
11336 9155
10410 10853
4376 5796
6498 10366
6493 2937
107 23384
18496 20192
13714 2148
15537 16751
10262 20977
19030 9192
3946 20261
22361 6506
20109 435
2243 10849
7502 20979
982 11558
23221 18339
2635 4534
21534 19017
23652 22354
98 21368
5099 5792
19524 3052
15283 7588
19109 9500
19530 13752
13269 22313
16155 20061
21266 17988
4966 5820
13084 4435
1076 9106
23309 12611
466 10275
15772 832
19058 7826
13903 18098
3488 14401
11152 15267
9343 11413
21639 13665
14697 6322
1575 14418
22606 18090
17027 10503
5728 13252
2129 16825
5171 8751
6066 20880
15224 22093
23279 76
310 18167
9591 4351
8033 22525
9507 20730
14742 8287
3949 5741
23694 7899
8983 11779
20725 20438
5123 22134
15717 4455
15665 2535
7265 21671
9162 6956
21566 23307
181 4040
23392 13917
8004 5851
768 13851
1429 8532
13052 2107
18312 19001
5416 21408
20590 9898
20136 654
10708 16617
20769 11816
9455 15867
13650 1754
7190 1167
11824 12602
22122 10790
11028 3157
10570 15730
16738 10662
10806 22181
11289 15889
15061 15302
4752 7639
1501 23220
17006 13583
15010 18062
8120 22924
969 17799
1263 14871
11855 20247
21888 20942
6266 14623
21485 22182
16361 13427
5464 6305
13047 20401
4107 14565
23701 10109
18061 93
9250 18943
12936 13768
22455 20918
1088 6964
23157 201
9941 5066
17107 23176
19370 19510
21963 10916
21690 17595
1436 3527
21985 10314
3704 547
6054 9670
2551 1215
10280 22767
14882 9848
2009 718
3959 11170
20118 22363
15424 9204
3474 5023
2033 2801
5969 9771
12809 12131
4187 20196
19921 364
6097 15285
20506 10991
11495 17644
2417 19266
10986 7409
10881 14408
13443 11180
13551 1805
9133 9232
19661 7690
11186 15794
1231 6113
17626 3305
11298 21170
